week_start,forecast_demand,forecast_lower,Category Name_x,model_used,Category Name_y,units_demand,Category Name,forecast_upper,forcast_lower,is_forecast
2017-10-02,82.0,82.0,,MovingAverage,,82.0,Baby ,82.0,,False
2017-12-11,51.0,51.0,,MovingAverage,,51.0,Baby ,51.0,,False
2017-12-18,74.0,74.0,,MovingAverage,,74.0,Baby ,74.0,,False
2017-12-31,89.7,,,MovingAverage,,,Baby ,,48.3,True
2018-01-07,89.7,,,MovingAverage,,,Baby ,,48.3,True
2018-01-14,89.7,,,MovingAverage,,,Baby ,,48.3,True
2018-01-21,89.7,,,MovingAverage,,,Baby ,,48.3,True
2018-01-28,89.7,,,MovingAverage,,,Baby ,,48.3,True
2018-02-04,89.7,,,MovingAverage,,,Baby ,,48.3,True
2018-02-11,89.7,,,MovingAverage,,,Baby ,,48.3,True
2018-02-18,89.7,,,MovingAverage,,,Baby ,,48.3,True
2018-02-25,89.7,,,MovingAverage,,,Baby ,,48.3,True
2018-03-04,89.7,,,MovingAverage,,,Baby ,,48.3,True
2018-03-11,89.7,,,MovingAverage,,,Baby ,,48.3,True
2018-03-18,89.7,,,MovingAverage,,,Baby ,,48.3,True
2017-09-11,25.0,25.0,,MovingAverage,,25.0,Basketball,25.0,,False
2017-09-18,18.0,18.0,,MovingAverage,,18.0,Basketball,18.0,,False
2017-09-25,21.0,21.0,,MovingAverage,,21.0,Basketball,21.0,,False
2017-10-02,3.0,3.0,,MovingAverage,,3.0,Basketball,3.0,,False
2017-10-15,21.775000000000002,,,MovingAverage,,,Basketball,,11.725,True
2017-10-22,21.775000000000002,,,MovingAverage,,,Basketball,,11.725,True
2017-10-29,21.775000000000002,,,MovingAverage,,,Basketball,,11.725,True
2017-11-05,21.775000000000002,,,MovingAverage,,,Basketball,,11.725,True
2017-11-12,21.775000000000002,,,MovingAverage,,,Basketball,,11.725,True
2017-11-19,21.775000000000002,,,MovingAverage,,,Basketball,,11.725,True
2017-11-26,21.775000000000002,,,MovingAverage,,,Basketball,,11.725,True
2017-12-03,21.775000000000002,,,MovingAverage,,,Basketball,,11.725,True
2017-12-10,21.775000000000002,,,MovingAverage,,,Basketball,,11.725,True
2017-12-17,21.775000000000002,,,MovingAverage,,,Basketball,,11.725,True
2017-12-24,21.775000000000002,,,MovingAverage,,,Basketball,,11.725,True
2017-12-31,21.775000000000002,,,MovingAverage,,,Basketball,,11.725,True
2017-10-02,308.0,308.0,,MovingAverage,,308.0,Books ,308.0,,False
2017-12-11,97.0,97.0,,MovingAverage,,97.0,Books ,97.0,,False
2017-12-24,263.25,,,MovingAverage,,,Books ,,141.75,True
2017-12-31,263.25,,,MovingAverage,,,Books ,,141.75,True
2018-01-07,263.25,,,MovingAverage,,,Books ,,141.75,True
2018-01-14,263.25,,,MovingAverage,,,Books ,,141.75,True
2018-01-21,263.25,,,MovingAverage,,,Books ,,141.75,True
2018-01-28,263.25,,,MovingAverage,,,Books ,,141.75,True
2018-02-04,263.25,,,MovingAverage,,,Books ,,141.75,True
2018-02-11,263.25,,,MovingAverage,,,Books ,,141.75,True
2018-02-18,263.25,,,MovingAverage,,,Books ,,141.75,True
2018-02-25,263.25,,,MovingAverage,,,Books ,,141.75,True
2018-03-04,263.25,,,MovingAverage,,,Books ,,141.75,True
2018-03-11,263.25,,,MovingAverage,,,Books ,,141.75,True
2017-10-02,54.0,54.0,,MovingAverage,,54.0,CDs ,54.0,,False
2017-10-09,79.0,79.0,,MovingAverage,,79.0,CDs ,79.0,,False
2017-12-18,138.0,138.0,,MovingAverage,,138.0,CDs ,138.0,,False
2017-12-31,117.43333333333334,,,MovingAverage,,,CDs ,,63.23333333333333,True
2018-01-07,117.43333333333334,,,MovingAverage,,,CDs ,,63.23333333333333,True
2018-01-14,117.43333333333334,,,MovingAverage,,,CDs ,,63.23333333333333,True
2018-01-21,117.43333333333334,,,MovingAverage,,,CDs ,,63.23333333333333,True
2018-01-28,117.43333333333334,,,MovingAverage,,,CDs ,,63.23333333333333,True
2018-02-04,117.43333333333334,,,MovingAverage,,,CDs ,,63.23333333333333,True
2018-02-11,117.43333333333334,,,MovingAverage,,,CDs ,,63.23333333333333,True
2018-02-18,117.43333333333334,,,MovingAverage,,,CDs ,,63.23333333333333,True
2018-02-25,117.43333333333334,,,MovingAverage,,,CDs ,,63.23333333333333,True
2018-03-04,117.43333333333334,,,MovingAverage,,,CDs ,,63.23333333333333,True
2018-03-11,117.43333333333334,,,MovingAverage,,,CDs ,,63.23333333333333,True
2018-03-18,117.43333333333334,,,MovingAverage,,,CDs ,,63.23333333333333,True
2017-10-09,400.0,400.0,,MovingAverage,,400.0,Cameras ,400.0,,False
2017-10-16,175.0,175.0,,MovingAverage,,175.0,Cameras ,175.0,,False
2017-12-18,17.0,17.0,,MovingAverage,,17.0,Cameras ,17.0,,False
2017-12-31,256.53333333333336,,,MovingAverage,,,Cameras ,,138.13333333333333,True
2018-01-07,256.53333333333336,,,MovingAverage,,,Cameras ,,138.13333333333333,True
2018-01-14,256.53333333333336,,,MovingAverage,,,Cameras ,,138.13333333333333,True
2018-01-21,256.53333333333336,,,MovingAverage,,,Cameras ,,138.13333333333333,True
2018-01-28,256.53333333333336,,,MovingAverage,,,Cameras ,,138.13333333333333,True
2018-02-04,256.53333333333336,,,MovingAverage,,,Cameras ,,138.13333333333333,True
2018-02-11,256.53333333333336,,,MovingAverage,,,Cameras ,,138.13333333333333,True
2018-02-18,256.53333333333336,,,MovingAverage,,,Cameras ,,138.13333333333333,True
2018-02-25,256.53333333333336,,,MovingAverage,,,Cameras ,,138.13333333333333,True
2018-03-04,256.53333333333336,,,MovingAverage,,,Cameras ,,138.13333333333333,True
2018-03-11,256.53333333333336,,,MovingAverage,,,Cameras ,,138.13333333333333,True
2018-03-18,256.53333333333336,,,MovingAverage,,,Cameras ,,138.13333333333333,True
2017-10-16,305.0,305.0,,MovingAverage,,305.0,Children's Clothing,305.0,,False
2017-10-23,217.0,217.0,,MovingAverage,,217.0,Children's Clothing,217.0,,False
2017-12-18,130.0,130.0,,MovingAverage,,130.0,Children's Clothing,130.0,,False
2017-12-31,282.53333333333336,,,MovingAverage,,,Children's Clothing,,152.13333333333333,True
2018-01-07,282.53333333333336,,,MovingAverage,,,Children's Clothing,,152.13333333333333,True
2018-01-14,282.53333333333336,,,MovingAverage,,,Children's Clothing,,152.13333333333333,True
2018-01-21,282.53333333333336,,,MovingAverage,,,Children's Clothing,,152.13333333333333,True
2018-01-28,282.53333333333336,,,MovingAverage,,,Children's Clothing,,152.13333333333333,True
2018-02-04,282.53333333333336,,,MovingAverage,,,Children's Clothing,,152.13333333333333,True
2018-02-11,282.53333333333336,,,MovingAverage,,,Children's Clothing,,152.13333333333333,True
2018-02-18,282.53333333333336,,,MovingAverage,,,Children's Clothing,,152.13333333333333,True
2018-02-25,282.53333333333336,,,MovingAverage,,,Children's Clothing,,152.13333333333333,True
2018-03-04,282.53333333333336,,,MovingAverage,,,Children's Clothing,,152.13333333333333,True
2018-03-11,282.53333333333336,,,MovingAverage,,,Children's Clothing,,152.13333333333333,True
2018-03-18,282.53333333333336,,,MovingAverage,,,Children's Clothing,,152.13333333333333,True
2017-10-23,262.0,262.0,,MovingAverage,,262.0,Computers,262.0,,False
2017-10-30,88.0,88.0,,MovingAverage,,88.0,Computers,88.0,,False
2017-12-18,92.0,92.0,,MovingAverage,,92.0,Computers,92.0,,False
2017-12-31,191.53333333333336,,,MovingAverage,,,Computers,,103.13333333333334,True
2018-01-07,191.53333333333336,,,MovingAverage,,,Computers,,103.13333333333334,True
2018-01-14,191.53333333333336,,,MovingAverage,,,Computers,,103.13333333333334,True
2018-01-21,191.53333333333336,,,MovingAverage,,,Computers,,103.13333333333334,True
2018-01-28,191.53333333333336,,,MovingAverage,,,Computers,,103.13333333333334,True
2018-02-04,191.53333333333336,,,MovingAverage,,,Computers,,103.13333333333334,True
2018-02-11,191.53333333333336,,,MovingAverage,,,Computers,,103.13333333333334,True
2018-02-18,191.53333333333336,,,MovingAverage,,,Computers,,103.13333333333334,True
2018-02-25,191.53333333333336,,,MovingAverage,,,Computers,,103.13333333333334,True
2018-03-04,191.53333333333336,,,MovingAverage,,,Computers,,103.13333333333334,True
2018-03-11,191.53333333333336,,,MovingAverage,,,Computers,,103.13333333333334,True
2018-03-18,191.53333333333336,,,MovingAverage,,,Computers,,103.13333333333334,True
2017-10-30,285.0,285.0,,MovingAverage,,285.0,Consumer Electronics,285.0,,False
2017-12-18,28.0,28.0,,MovingAverage,,28.0,Consumer Electronics,28.0,,False
2017-12-25,118.0,118.0,,MovingAverage,,118.0,Consumer Electronics,118.0,,False
2018-01-07,186.76666666666665,,,MovingAverage,,,Consumer Electronics,,100.56666666666665,True
2018-01-14,186.76666666666665,,,MovingAverage,,,Consumer Electronics,,100.56666666666665,True
2018-01-21,186.76666666666665,,,MovingAverage,,,Consumer Electronics,,100.56666666666665,True
2018-01-28,186.76666666666665,,,MovingAverage,,,Consumer Electronics,,100.56666666666665,True
2018-02-04,186.76666666666665,,,MovingAverage,,,Consumer Electronics,,100.56666666666665,True
2018-02-11,186.76666666666665,,,MovingAverage,,,Consumer Electronics,,100.56666666666665,True
2018-02-18,186.76666666666665,,,MovingAverage,,,Consumer Electronics,,100.56666666666665,True
2018-02-25,186.76666666666665,,,MovingAverage,,,Consumer Electronics,,100.56666666666665,True
2018-03-04,186.76666666666665,,,MovingAverage,,,Consumer Electronics,,100.56666666666665,True
2018-03-11,186.76666666666665,,,MovingAverage,,,Consumer Electronics,,100.56666666666665,True
2018-03-18,186.76666666666665,,,MovingAverage,,,Consumer Electronics,,100.56666666666665,True
2018-03-25,186.76666666666665,,,MovingAverage,,,Consumer Electronics,,100.56666666666665,True
2017-10-30,107.0,107.0,,MovingAverage,,107.0,Crafts,107.0,,False
2017-11-06,124.0,124.0,,MovingAverage,,124.0,Crafts,124.0,,False
2017-12-25,253.0,253.0,,MovingAverage,,253.0,Crafts,253.0,,False
2018-01-07,209.73333333333335,,,MovingAverage,,,Crafts,,112.93333333333334,True
2018-01-14,209.73333333333335,,,MovingAverage,,,Crafts,,112.93333333333334,True
2018-01-21,209.73333333333335,,,MovingAverage,,,Crafts,,112.93333333333334,True
2018-01-28,209.73333333333335,,,MovingAverage,,,Crafts,,112.93333333333334,True
2018-02-04,209.73333333333335,,,MovingAverage,,,Crafts,,112.93333333333334,True
2018-02-11,209.73333333333335,,,MovingAverage,,,Crafts,,112.93333333333334,True
2018-02-18,209.73333333333335,,,MovingAverage,,,Crafts,,112.93333333333334,True
2018-02-25,209.73333333333335,,,MovingAverage,,,Crafts,,112.93333333333334,True
2018-03-04,209.73333333333335,,,MovingAverage,,,Crafts,,112.93333333333334,True
2018-03-11,209.73333333333335,,,MovingAverage,,,Crafts,,112.93333333333334,True
2018-03-18,209.73333333333335,,,MovingAverage,,,Crafts,,112.93333333333334,True
2018-03-25,209.73333333333335,,,MovingAverage,,,Crafts,,112.93333333333334,True
2017-11-06,355.0,355.0,,MovingAverage,,355.0,DVDs,355.0,,False
2017-11-13,12.0,12.0,,MovingAverage,,12.0,DVDs,12.0,,False
2017-12-25,109.0,109.0,,MovingAverage,,109.0,DVDs,109.0,,False
2018-01-01,7.0,7.0,,MovingAverage,,7.0,DVDs,7.0,,False
2018-01-14,156.975,,,MovingAverage,,,DVDs,,84.52499999999999,True
2018-01-21,156.975,,,MovingAverage,,,DVDs,,84.52499999999999,True
2018-01-28,156.975,,,MovingAverage,,,DVDs,,84.52499999999999,True
2018-02-04,156.975,,,MovingAverage,,,DVDs,,84.52499999999999,True
2018-02-11,156.975,,,MovingAverage,,,DVDs,,84.52499999999999,True
2018-02-18,156.975,,,MovingAverage,,,DVDs,,84.52499999999999,True
2018-02-25,156.975,,,MovingAverage,,,DVDs,,84.52499999999999,True
2018-03-04,156.975,,,MovingAverage,,,DVDs,,84.52499999999999,True
2018-03-11,156.975,,,MovingAverage,,,DVDs,,84.52499999999999,True
2018-03-18,156.975,,,MovingAverage,,,DVDs,,84.52499999999999,True
2018-03-25,156.975,,,MovingAverage,,,DVDs,,84.52499999999999,True
2018-04-01,156.975,,,MovingAverage,,,DVDs,,84.52499999999999,True
2017-11-13,388.0,388.0,,MovingAverage,,388.0,Garden,388.0,,False
2018-01-01,96.0,96.0,,MovingAverage,,96.0,Garden,96.0,,False
2018-01-14,314.6,,,MovingAverage,,,Garden,,169.39999999999998,True
2018-01-21,314.6,,,MovingAverage,,,Garden,,169.39999999999998,True
2018-01-28,314.6,,,MovingAverage,,,Garden,,169.39999999999998,True
2018-02-04,314.6,,,MovingAverage,,,Garden,,169.39999999999998,True
2018-02-11,314.6,,,MovingAverage,,,Garden,,169.39999999999998,True
2018-02-18,314.6,,,MovingAverage,,,Garden,,169.39999999999998,True
2018-02-25,314.6,,,MovingAverage,,,Garden,,169.39999999999998,True
2018-03-04,314.6,,,MovingAverage,,,Garden,,169.39999999999998,True
2018-03-11,314.6,,,MovingAverage,,,Garden,,169.39999999999998,True
2018-03-18,314.6,,,MovingAverage,,,Garden,,169.39999999999998,True
2018-03-25,314.6,,,MovingAverage,,,Garden,,169.39999999999998,True
2018-04-01,314.6,,,MovingAverage,,,Garden,,169.39999999999998,True
2017-04-24,4.0,4.0,,MovingAverage,,4.0,Golf Bags & Carts,4.0,,False
2017-05-01,4.0,4.0,,MovingAverage,,4.0,Golf Bags & Carts,4.0,,False
2017-05-08,2.0,2.0,,MovingAverage,,2.0,Golf Bags & Carts,2.0,,False
2017-05-15,3.0,3.0,,MovingAverage,,3.0,Golf Bags & Carts,3.0,,False
2017-05-22,6.0,6.0,,MovingAverage,,6.0,Golf Bags & Carts,6.0,,False
2017-05-29,3.0,3.0,,MovingAverage,,3.0,Golf Bags & Carts,3.0,,False
2017-06-05,2.0,2.0,,MovingAverage,,2.0,Golf Bags & Carts,2.0,,False
2017-06-12,1.0,1.0,,MovingAverage,,1.0,Golf Bags & Carts,1.0,,False
2017-06-19,6.0,6.0,,MovingAverage,,6.0,Golf Bags & Carts,6.0,,False
2017-06-26,3.0,3.0,,MovingAverage,,3.0,Golf Bags & Carts,3.0,,False
2017-07-03,4.0,4.0,,MovingAverage,,4.0,Golf Bags & Carts,4.0,,False
2017-07-10,4.0,4.0,,MovingAverage,,4.0,Golf Bags & Carts,4.0,,False
2017-07-17,1.0,1.0,,MovingAverage,,1.0,Golf Bags & Carts,1.0,,False
2017-07-24,2.0,2.0,,MovingAverage,,2.0,Golf Bags & Carts,2.0,,False
2017-07-31,3.0,3.0,,MovingAverage,,3.0,Golf Bags & Carts,3.0,,False
2017-08-07,4.0,4.0,,MovingAverage,,4.0,Golf Bags & Carts,4.0,,False
2017-08-14,6.0,6.0,,MovingAverage,,6.0,Golf Bags & Carts,6.0,,False
2017-08-28,3.0,3.0,,MovingAverage,,3.0,Golf Bags & Carts,3.0,,False
2017-09-10,4.405555555555556,,,MovingAverage,,,Golf Bags & Carts,,2.3722222222222222,True
2017-09-17,4.405555555555556,,,MovingAverage,,,Golf Bags & Carts,,2.3722222222222222,True
2017-09-24,4.405555555555556,,,MovingAverage,,,Golf Bags & Carts,,2.3722222222222222,True
2017-10-01,4.405555555555556,,,MovingAverage,,,Golf Bags & Carts,,2.3722222222222222,True
2017-10-08,4.405555555555556,,,MovingAverage,,,Golf Bags & Carts,,2.3722222222222222,True
2017-10-15,4.405555555555556,,,MovingAverage,,,Golf Bags & Carts,,2.3722222222222222,True
2017-10-22,4.405555555555556,,,MovingAverage,,,Golf Bags & Carts,,2.3722222222222222,True
2017-10-29,4.405555555555556,,,MovingAverage,,,Golf Bags & Carts,,2.3722222222222222,True
2017-11-05,4.405555555555556,,,MovingAverage,,,Golf Bags & Carts,,2.3722222222222222,True
2017-11-12,4.405555555555556,,,MovingAverage,,,Golf Bags & Carts,,2.3722222222222222,True
2017-11-19,4.405555555555556,,,MovingAverage,,,Golf Bags & Carts,,2.3722222222222222,True
2017-11-26,4.405555555555556,,,MovingAverage,,,Golf Bags & Carts,,2.3722222222222222,True
2017-11-13,80.0,80.0,,MovingAverage,,80.0,Health and Beauty,80.0,,False
2017-11-20,159.0,159.0,,MovingAverage,,159.0,Health and Beauty,159.0,,False
2018-01-01,123.0,123.0,,MovingAverage,,123.0,Health and Beauty,123.0,,False
2018-01-14,156.86666666666667,,,MovingAverage,,,Health and Beauty,,84.46666666666667,True
2018-01-21,156.86666666666667,,,MovingAverage,,,Health and Beauty,,84.46666666666667,True
2018-01-28,156.86666666666667,,,MovingAverage,,,Health and Beauty,,84.46666666666667,True
2018-02-04,156.86666666666667,,,MovingAverage,,,Health and Beauty,,84.46666666666667,True
2018-02-11,156.86666666666667,,,MovingAverage,,,Health and Beauty,,84.46666666666667,True
2018-02-18,156.86666666666667,,,MovingAverage,,,Health and Beauty,,84.46666666666667,True
2018-02-25,156.86666666666667,,,MovingAverage,,,Health and Beauty,,84.46666666666667,True
2018-03-04,156.86666666666667,,,MovingAverage,,,Health and Beauty,,84.46666666666667,True
2018-03-11,156.86666666666667,,,MovingAverage,,,Health and Beauty,,84.46666666666667,True
2018-03-18,156.86666666666667,,,MovingAverage,,,Health and Beauty,,84.46666666666667,True
2018-03-25,156.86666666666667,,,MovingAverage,,,Health and Beauty,,84.46666666666667,True
2018-04-01,156.86666666666667,,,MovingAverage,,,Health and Beauty,,84.46666666666667,True
2017-11-20,177.0,177.0,,MovingAverage,,177.0,Men's Clothing,177.0,,False
2018-01-01,31.0,31.0,,MovingAverage,,31.0,Men's Clothing,31.0,,False
2018-01-14,135.20000000000002,,,MovingAverage,,,Men's Clothing,,72.8,True
2018-01-21,135.20000000000002,,,MovingAverage,,,Men's Clothing,,72.8,True
2018-01-28,135.20000000000002,,,MovingAverage,,,Men's Clothing,,72.8,True
2018-02-04,135.20000000000002,,,MovingAverage,,,Men's Clothing,,72.8,True
2018-02-11,135.20000000000002,,,MovingAverage,,,Men's Clothing,,72.8,True
2018-02-18,135.20000000000002,,,MovingAverage,,,Men's Clothing,,72.8,True
2018-02-25,135.20000000000002,,,MovingAverage,,,Men's Clothing,,72.8,True
2018-03-04,135.20000000000002,,,MovingAverage,,,Men's Clothing,,72.8,True
2018-03-11,135.20000000000002,,,MovingAverage,,,Men's Clothing,,72.8,True
2018-03-18,135.20000000000002,,,MovingAverage,,,Men's Clothing,,72.8,True
2018-03-25,135.20000000000002,,,MovingAverage,,,Men's Clothing,,72.8,True
2018-04-01,135.20000000000002,,,MovingAverage,,,Men's Clothing,,72.8,True
2017-11-20,143.0,143.0,,MovingAverage,,143.0,Music,143.0,,False
2017-11-27,147.0,147.0,,MovingAverage,,147.0,Music,147.0,,False
2018-01-01,144.0,144.0,,MovingAverage,,144.0,Music,144.0,,False
2018-01-14,188.06666666666666,,,MovingAverage,,,Music,,101.26666666666665,True
2018-01-21,188.06666666666666,,,MovingAverage,,,Music,,101.26666666666665,True
2018-01-28,188.06666666666666,,,MovingAverage,,,Music,,101.26666666666665,True
2018-02-04,188.06666666666666,,,MovingAverage,,,Music,,101.26666666666665,True
2018-02-11,188.06666666666666,,,MovingAverage,,,Music,,101.26666666666665,True
2018-02-18,188.06666666666666,,,MovingAverage,,,Music,,101.26666666666665,True
2018-02-25,188.06666666666666,,,MovingAverage,,,Music,,101.26666666666665,True
2018-03-04,188.06666666666666,,,MovingAverage,,,Music,,101.26666666666665,True
2018-03-11,188.06666666666666,,,MovingAverage,,,Music,,101.26666666666665,True
2018-03-18,188.06666666666666,,,MovingAverage,,,Music,,101.26666666666665,True
2018-03-25,188.06666666666666,,,MovingAverage,,,Music,,101.26666666666665,True
2018-04-01,188.06666666666666,,,MovingAverage,,,Music,,101.26666666666665,True
2017-11-27,246.0,246.0,,MovingAverage,,246.0,Pet Supplies,246.0,,False
2018-01-01,78.0,78.0,,MovingAverage,,78.0,Pet Supplies,78.0,,False
2018-01-08,168.0,168.0,,MovingAverage,,168.0,Pet Supplies,168.0,,False
2018-01-21,213.20000000000002,,,MovingAverage,,,Pet Supplies,,114.8,True
2018-01-28,213.20000000000002,,,MovingAverage,,,Pet Supplies,,114.8,True
2018-02-04,213.20000000000002,,,MovingAverage,,,Pet Supplies,,114.8,True
2018-02-11,213.20000000000002,,,MovingAverage,,,Pet Supplies,,114.8,True
2018-02-18,213.20000000000002,,,MovingAverage,,,Pet Supplies,,114.8,True
2018-02-25,213.20000000000002,,,MovingAverage,,,Pet Supplies,,114.8,True
2018-03-04,213.20000000000002,,,MovingAverage,,,Pet Supplies,,114.8,True
2018-03-11,213.20000000000002,,,MovingAverage,,,Pet Supplies,,114.8,True
2018-03-18,213.20000000000002,,,MovingAverage,,,Pet Supplies,,114.8,True
2018-03-25,213.20000000000002,,,MovingAverage,,,Pet Supplies,,114.8,True
2018-04-01,213.20000000000002,,,MovingAverage,,,Pet Supplies,,114.8,True
2018-04-08,213.20000000000002,,,MovingAverage,,,Pet Supplies,,114.8,True
2017-11-27,87.0,87.0,,MovingAverage,,87.0,Sporting Goods,87.0,,False
2017-12-04,58.0,58.0,,MovingAverage,,58.0,Sporting Goods,58.0,,False
2018-01-08,211.0,211.0,,MovingAverage,,211.0,Sporting Goods,211.0,,False
2018-01-29,1.0,1.0,,MovingAverage,,1.0,Sporting Goods,1.0,,False
2018-02-11,116.025,,,MovingAverage,,,Sporting Goods,,62.474999999999994,True
2018-02-18,116.025,,,MovingAverage,,,Sporting Goods,,62.474999999999994,True
2018-02-25,116.025,,,MovingAverage,,,Sporting Goods,,62.474999999999994,True
2018-03-04,116.025,,,MovingAverage,,,Sporting Goods,,62.474999999999994,True
2018-03-11,116.025,,,MovingAverage,,,Sporting Goods,,62.474999999999994,True
2018-03-18,116.025,,,MovingAverage,,,Sporting Goods,,62.474999999999994,True
2018-03-25,116.025,,,MovingAverage,,,Sporting Goods,,62.474999999999994,True
2018-04-01,116.025,,,MovingAverage,,,Sporting Goods,,62.474999999999994,True
2018-04-08,116.025,,,MovingAverage,,,Sporting Goods,,62.474999999999994,True
2018-04-15,116.025,,,MovingAverage,,,Sporting Goods,,62.474999999999994,True
2018-04-22,116.025,,,MovingAverage,,,Sporting Goods,,62.474999999999994,True
2018-04-29,116.025,,,MovingAverage,,,Sporting Goods,,62.474999999999994,True
2017-12-04,253.0,253.0,,MovingAverage,,253.0,Toys,253.0,,False
2018-01-08,101.0,101.0,,MovingAverage,,101.0,Toys,101.0,,False
2018-01-15,174.0,174.0,,MovingAverage,,174.0,Toys,174.0,,False
2018-01-29,1.0,1.0,,MovingAverage,,1.0,Toys,1.0,,False
2018-02-11,171.925,,,MovingAverage,,,Toys,,92.57499999999999,True
2018-02-18,171.925,,,MovingAverage,,,Toys,,92.57499999999999,True
2018-02-25,171.925,,,MovingAverage,,,Toys,,92.57499999999999,True
2018-03-04,171.925,,,MovingAverage,,,Toys,,92.57499999999999,True
2018-03-11,171.925,,,MovingAverage,,,Toys,,92.57499999999999,True
2018-03-18,171.925,,,MovingAverage,,,Toys,,92.57499999999999,True
2018-03-25,171.925,,,MovingAverage,,,Toys,,92.57499999999999,True
2018-04-01,171.925,,,MovingAverage,,,Toys,,92.57499999999999,True
2018-04-08,171.925,,,MovingAverage,,,Toys,,92.57499999999999,True
2018-04-15,171.925,,,MovingAverage,,,Toys,,92.57499999999999,True
2018-04-22,171.925,,,MovingAverage,,,Toys,,92.57499999999999,True
2018-04-29,171.925,,,MovingAverage,,,Toys,,92.57499999999999,True
2017-12-04,168.0,168.0,,MovingAverage,,168.0,Video Games,168.0,,False
2017-12-11,60.0,60.0,,MovingAverage,,60.0,Video Games,60.0,,False
2018-01-15,305.0,305.0,,MovingAverage,,305.0,Video Games,305.0,,False
2018-01-22,304.0,304.0,,MovingAverage,,304.0,Video Games,304.0,,False
2018-01-29,1.0,1.0,,MovingAverage,,1.0,Video Games,1.0,,False
2018-02-11,217.88,,,MovingAverage,,,Video Games,,117.32,True
2018-02-18,217.88,,,MovingAverage,,,Video Games,,117.32,True
2018-02-25,217.88,,,MovingAverage,,,Video Games,,117.32,True
2018-03-04,217.88,,,MovingAverage,,,Video Games,,117.32,True
2018-03-11,217.88,,,MovingAverage,,,Video Games,,117.32,True
2018-03-18,217.88,,,MovingAverage,,,Video Games,,117.32,True
2018-03-25,217.88,,,MovingAverage,,,Video Games,,117.32,True
2018-04-01,217.88,,,MovingAverage,,,Video Games,,117.32,True
2018-04-08,217.88,,,MovingAverage,,,Video Games,,117.32,True
2018-04-15,217.88,,,MovingAverage,,,Video Games,,117.32,True
2018-04-22,217.88,,,MovingAverage,,,Video Games,,117.32,True
2018-04-29,217.88,,,MovingAverage,,,Video Games,,117.32,True
2017-12-11,272.0,272.0,,MovingAverage,,272.0,Women's Clothing,272.0,,False
2018-01-22,176.0,176.0,,MovingAverage,,176.0,Women's Clothing,176.0,,False
2018-01-29,202.0,202.0,,MovingAverage,,202.0,Women's Clothing,202.0,,False
2018-02-11,281.6666666666667,,,MovingAverage,,,Women's Clothing,,151.66666666666666,True
2018-02-18,281.6666666666667,,,MovingAverage,,,Women's Clothing,,151.66666666666666,True
2018-02-25,281.6666666666667,,,MovingAverage,,,Women's Clothing,,151.66666666666666,True
2018-03-04,281.6666666666667,,,MovingAverage,,,Women's Clothing,,151.66666666666666,True
2018-03-11,281.6666666666667,,,MovingAverage,,,Women's Clothing,,151.66666666666666,True
2018-03-18,281.6666666666667,,,MovingAverage,,,Women's Clothing,,151.66666666666666,True
2018-03-25,281.6666666666667,,,MovingAverage,,,Women's Clothing,,151.66666666666666,True
2018-04-01,281.6666666666667,,,MovingAverage,,,Women's Clothing,,151.66666666666666,True
2018-04-08,281.6666666666667,,,MovingAverage,,,Women's Clothing,,151.66666666666666,True
2018-04-15,281.6666666666667,,,MovingAverage,,,Women's Clothing,,151.66666666666666,True
2018-04-22,281.6666666666667,,,MovingAverage,,,Women's Clothing,,151.66666666666666,True
2018-04-29,281.6666666666667,,,MovingAverage,,,Women's Clothing,,151.66666666666666,True
2014-12-29,41.82431868233717,28.49155851819419,Accessories,Prophet,Accessories,19.0,,,,False
2014-12-29,10.517257237695958,1.9570215007726885,Baseball & Softball,Prophet,Baseball & Softball,2.0,,,,False
2014-12-29,85.3483748087206,70.76627466271465,Camping & Hiking,Prophet,Camping & Hiking,64.0,,,,False
2014-12-29,257.73468487794776,212.95239789452137,Cardio Equipment,Prophet,Cardio Equipment,166.0,,,,False
2014-12-29,460.0199182959583,393.9014111274937,Cleats,Prophet,Cleats,306.0,,,,False
2014-12-29,77.5592645312029,60.02542479368018,Electronics,Prophet,Electronics,55.0,,,,False
2014-12-29,113.88200225525003,93.94083963693619,Fishing,Prophet,Fishing,66.0,,,,False
2014-12-29,4.062804104616477,0.0,Fitness Accessories,Prophet,Fitness Accessories,4.0,,,,False
2014-12-29,25.919803417285493,14.94943172821086,Girls' Apparel,Prophet,Girls' Apparel,12.0,,,,False
2014-12-29,38.837603318398855,25.781353111419538,Golf Balls,Prophet,Golf Balls,17.0,,,,False
2014-12-29,20.497709710420406,11.03195396079501,Golf Gloves,Prophet,Golf Gloves,26.0,,,,False
2014-12-29,16.81856126441246,8.447119636553818,Hockey,Prophet,Hockey,19.0,,,,False
2014-12-29,5.572056955353266,0.0,Hunting & Shooting,Prophet,Hunting & Shooting,2.0,,,,False
2014-12-29,394.16760639650477,328.2303689139384,Indoor/Outdoor Games,Prophet,Indoor/Outdoor Games,222.0,,,,False
2014-12-29,4.317231504285493,0.0,Lacrosse,Prophet,Lacrosse,8.0,,,,False
2014-12-29,144.06876809560848,121.23451142534749,Men's Footwear,Prophet,Men's Footwear,77.0,,,,False
2014-12-29,211.07952018044165,170.20789992046866,Shop By Sport,Prophet,Shop By Sport,148.0,,,,False
2014-12-29,20.443908380704897,8.927095950411378,Trade-In,Prophet,Trade-In,20.0,,,,False
2014-12-29,95.86704591904072,77.22484636496004,Water Sports,Prophet,Water Sports,55.0,,,,False
2014-12-29,417.0398726503239,349.32179341580064,Women's Apparel,Prophet,Women's Apparel,223.0,,,,False
2015-01-05,35.64432552420891,22.120961383401013,Accessories,Prophet,Accessories,30.0,,,,False
2015-01-05,11.113871945884782,2.634213030950778,Baseball & Softball,Prophet,Baseball & Softball,1.0,,,,False
2015-01-05,1.8398688458619623,0.0,Boxing & MMA,Prophet,Boxing & MMA,7.0,,,,False
2015-01-05,91.4649304902806,77.55911179640488,Camping & Hiking,Prophet,Camping & Hiking,95.0,,,,False
2015-01-05,269.02528774859536,224.38666399709228,Cardio Equipment,Prophet,Cardio Equipment,254.0,,,,False
2015-01-05,489.3804727754025,424.2566239428144,Cleats,Prophet,Cleats,529.0,,,,False
2015-01-05,74.90433617910044,57.81078124017761,Electronics,Prophet,Electronics,76.0,,,,False
2015-01-05,117.60622130498008,99.14957665599644,Fishing,Prophet,Fishing,128.0,,,,False
2015-01-05,5.285552706687877,0.0,Fitness Accessories,Prophet,Fitness Accessories,2.0,,,,False
2015-01-05,23.515955878321435,13.021344841292304,Girls' Apparel,Prophet,Girls' Apparel,41.0,,,,False
2015-01-05,7.433968540131813,2.0722682584148573,Golf Apparel,Prophet,Golf Apparel,8.0,,,,False
2015-01-05,39.92594240040776,26.716553898358413,Golf Balls,Prophet,Golf Balls,43.0,,,,False
2015-01-05,16.6365534504714,6.963972837458686,Golf Gloves,Prophet,Golf Gloves,14.0,,,,False
2015-01-05,5.887163941724673,0.0,Golf Shoes,Prophet,Golf Shoes,13.0,,,,False
2015-01-05,14.088953721375622,4.892927071543214,Hockey,Prophet,Hockey,16.0,,,,False
2015-01-05,7.481780111627582,0.8196586654511739,Hunting & Shooting,Prophet,Hunting & Shooting,10.0,,,,False
2015-01-05,392.2412308077424,330.91955339393735,Indoor/Outdoor Games,Prophet,Indoor/Outdoor Games,391.0,,,,False
2015-01-05,5.743027185427752,0.09599687232810916,Lacrosse,Prophet,Lacrosse,7.0,,,,False
2015-01-05,142.06262921139046,118.99341890011422,Men's Footwear,Prophet,Men's Footwear,147.0,,,,False
2015-01-05,218.3112137239444,179.0827782745382,Shop By Sport,Prophet,Shop By Sport,206.0,,,,False
2015-01-05,8.490629974682037,2.1218625821372985,Tennis & Racquet,Prophet,Tennis & Racquet,4.0,,,,False
2015-01-05,23.43185520117246,12.986297550445492,Trade-In,Prophet,Trade-In,27.0,,,,False
2015-01-05,97.00279228750242,79.98957752706713,Water Sports,Prophet,Water Sports,106.0,,,,False
2015-01-05,444.191618118928,369.5753003861764,Women's Apparel,Prophet,Women's Apparel,378.0,,,,False
2015-01-12,31.83206275303946,16.882692078686887,Accessories,Prophet,Accessories,43.0,,,,False
2015-01-12,14.706310521156595,5.979513936855824,Baseball & Softball,Prophet,Baseball & Softball,15.0,,,,False
2015-01-12,5.289653291422921,0.0,Boxing & MMA,Prophet,Boxing & MMA,4.0,,,,False
2015-01-12,94.90138674785057,81.84702292290454,Camping & Hiking,Prophet,Camping & Hiking,97.0,,,,False
2015-01-12,277.3447687178624,229.61742587564362,Cardio Equipment,Prophet,Cardio Equipment,255.0,,,,False
2015-01-12,528.8763671038973,461.58958701142876,Cleats,Prophet,Cleats,560.0,,,,False
2015-01-12,75.02154199221886,56.038602009026384,Electronics,Prophet,Electronics,81.0,,,,False
2015-01-12,121.74469672387093,102.5054376034312,Fishing,Prophet,Fishing,111.0,,,,False
2015-01-12,8.62455834869524,3.043762569310436,Fitness Accessories,Prophet,Fitness Accessories,3.0,,,,False
2015-01-12,22.382505934966176,10.690412265467154,Girls' Apparel,Prophet,Girls' Apparel,25.0,,,,False
2015-01-12,5.42048122902049,0.0,Golf Apparel,Prophet,Golf Apparel,4.0,,,,False
2015-01-12,42.1879062939433,29.208874916654676,Golf Balls,Prophet,Golf Balls,41.0,,,,False
2015-01-12,17.146386783206115,7.529753992037591,Golf Gloves,Prophet,Golf Gloves,11.0,,,,False
2015-01-12,5.818967762200186,0.0,Golf Shoes,Prophet,Golf Shoes,5.0,,,,False
2015-01-12,13.347361769144078,5.100799757198409,Hockey,Prophet,Hockey,18.0,,,,False
2015-01-12,9.16586971226288,2.99019171018538,Hunting & Shooting,Prophet,Hunting & Shooting,12.0,,,,False
2015-01-12,404.0271024970276,346.43316188927434,Indoor/Outdoor Games,Prophet,Indoor/Outdoor Games,451.0,,,,False
2015-01-12,6.973623068743671,1.0180222922671358,Lacrosse,Prophet,Lacrosse,4.0,,,,False
2015-01-12,143.31007486064576,118.18963325460011,Men's Footwear,Prophet,Men's Footwear,140.0,,,,False
2015-01-12,233.96073385979864,190.8465404440407,Shop By Sport,Prophet,Shop By Sport,257.0,,,,False
2015-01-12,9.68577910941087,3.2276645299423103,Tennis & Racquet,Prophet,Tennis & Racquet,24.0,,,,False
2015-01-12,29.985273023740824,19.48432912617035,Trade-In,Prophet,Trade-In,29.0,,,,False
2015-01-12,100.65731757030608,83.66992523997557,Water Sports,Prophet,Water Sports,102.0,,,,False
2015-01-12,460.9846507599326,390.6525017122534,Women's Apparel,Prophet,Women's Apparel,488.0,,,,False
2015-01-19,32.28370724142538,18.48623326761449,Accessories,Prophet,Accessories,31.0,,,,False
2015-01-19,18.270783344835163,8.57901243373409,Baseball & Softball,Prophet,Baseball & Softball,40.0,,,,False
2015-01-19,6.805735659205737,0.0,Boxing & MMA,Prophet,Boxing & MMA,4.0,,,,False
2015-01-19,94.07843438950661,80.0834255704253,Camping & Hiking,Prophet,Camping & Hiking,82.0,,,,False
2015-01-19,276.78882586915813,230.877038787102,Cardio Equipment,Prophet,Cardio Equipment,274.0,,,,False
2015-01-19,542.0141507836976,472.908103056598,Cleats,Prophet,Cleats,547.0,,,,False
2015-01-19,76.09202216038008,58.9406326509416,Electronics,Prophet,Electronics,91.0,,,,False
2015-01-19,122.5228650655632,103.68290636340019,Fishing,Prophet,Fishing,140.0,,,,False
2015-01-19,10.277833432121906,5.096671855600647,Fitness Accessories,Prophet,Fitness Accessories,21.0,,,,False
2015-01-19,22.351465955394218,11.061130401793534,Girls' Apparel,Prophet,Girls' Apparel,22.0,,,,False
2015-01-19,5.327402377234193,0.3721344298360713,Golf Apparel,Prophet,Golf Apparel,4.0,,,,False
2015-01-19,41.97352762017389,28.689506022016307,Golf Balls,Prophet,Golf Balls,21.0,,,,False
2015-01-19,19.95317188519104,10.018438236412926,Golf Gloves,Prophet,Golf Gloves,19.0,,,,False
2015-01-19,5.908593812807346,0.0,Golf Shoes,Prophet,Golf Shoes,13.0,,,,False
2015-01-19,14.782847527997557,6.969277587564989,Hockey,Prophet,Hockey,13.0,,,,False
2015-01-19,9.598039407204832,3.7428145027608424,Hunting & Shooting,Prophet,Hunting & Shooting,18.0,,,,False
2015-01-19,425.853008609178,362.2570051251753,Indoor/Outdoor Games,Prophet,Indoor/Outdoor Games,464.0,,,,False
2015-01-19,6.821872729239152,1.1324072656016402,Lacrosse,Prophet,Lacrosse,9.0,,,,False
2015-01-19,146.04576288589166,122.06634543267303,Men's Footwear,Prophet,Men's Footwear,128.0,,,,False
2015-01-19,244.3977219604907,205.66691629518115,Shop By Sport,Prophet,Shop By Sport,264.0,,,,False
2015-01-19,11.13618770319521,4.482919860058245,Tennis & Racquet,Prophet,Tennis & Racquet,7.0,,,,False
2015-01-19,34.69289208608272,23.786207464949733,Trade-In,Prophet,Trade-In,37.0,,,,False
2015-01-19,105.42927758180569,88.97593776941622,Water Sports,Prophet,Water Sports,102.0,,,,False
2015-01-19,455.7742728399476,393.8365959976719,Women's Apparel,Prophet,Women's Apparel,380.0,,,,False
2015-01-26,34.82462961281236,20.788076832392665,Accessories,Prophet,Accessories,37.0,,,,False
2015-01-26,19.19453576119203,10.284417106481566,Baseball & Softball,Prophet,Baseball & Softball,15.0,,,,False
2015-01-26,5.280174638790768,0.0,Boxing & MMA,Prophet,Boxing & MMA,9.0,,,,False
2015-01-26,92.23427350714688,77.79497589782736,Camping & Hiking,Prophet,Camping & Hiking,90.0,,,,False
2015-01-26,270.66190857723933,222.14385566892736,Cardio Equipment,Prophet,Cardio Equipment,251.0,,,,False
2015-01-26,521.9369092829468,458.15664075852607,Cleats,Prophet,Cleats,522.0,,,,False
2015-01-26,76.54888124612897,59.593345874526946,Electronics,Prophet,Electronics,90.0,,,,False
2015-01-26,120.0643550191448,99.75955902451393,Fishing,Prophet,Fishing,114.0,,,,False
2015-01-26,8.421557606843567,2.8294020739354524,Fitness Accessories,Prophet,Fitness Accessories,9.0,,,,False
2015-01-26,24.08644502994116,12.791962553561383,Girls' Apparel,Prophet,Girls' Apparel,28.0,,,,False
2015-01-26,6.8033623702757495,1.5355040847029435,Golf Apparel,Prophet,Golf Apparel,2.0,,,,False
2015-01-26,39.03750882039406,25.259551385263688,Golf Balls,Prophet,Golf Balls,38.0,,,,False
2015-01-26,21.357691896371882,11.535736596040058,Golf Gloves,Prophet,Golf Gloves,29.0,,,,False
2015-01-26,6.786452705265296,0.0,Golf Shoes,Prophet,Golf Shoes,19.0,,,,False
2015-01-26,16.615221917518397,7.493283403729879,Hockey,Prophet,Hockey,10.0,,,,False
2015-01-26,8.733589727616678,2.904393204081108,Hunting & Shooting,Prophet,Hunting & Shooting,8.0,,,,False
2015-01-26,445.84137044893833,380.5222206147703,Indoor/Outdoor Games,Prophet,Indoor/Outdoor Games,388.0,,,,False
2015-01-26,5.906876827967761,0.0,Lacrosse,Prophet,Lacrosse,3.0,,,,False
2015-01-26,148.19042570911614,125.54938439766008,Men's Footwear,Prophet,Men's Footwear,148.0,,,,False
2015-01-26,240.99453976397277,200.64378579490332,Shop By Sport,Prophet,Shop By Sport,230.0,,,,False
2015-01-26,11.970483054498487,5.683434388761543,Tennis & Racquet,Prophet,Tennis & Racquet,10.0,,,,False
2015-01-26,33.58458016801362,22.355923534298064,Trade-In,Prophet,Trade-In,20.0,,,,False
2015-01-26,109.48916340739072,92.78469327429266,Water Sports,Prophet,Water Sports,129.0,,,,False
2015-01-26,440.9431775648367,370.2192708050822,Women's Apparel,Prophet,Women's Apparel,483.0,,,,False
2015-02-02,36.77191211174941,22.614835338873796,Accessories,Prophet,Accessories,16.0,,,,False
2015-02-02,17.464237289605162,8.60651807822823,Baseball & Softball,Prophet,Baseball & Softball,9.0,,,,False
2015-02-02,2.5614986324086395,0.0,Boxing & MMA,Prophet,Boxing & MMA,4.0,,,,False
2015-02-02,93.10250635558967,80.02872660718849,Camping & Hiking,Prophet,Camping & Hiking,99.0,,,,False
2015-02-02,265.82635901118454,220.04511843134136,Cardio Equipment,Prophet,Cardio Equipment,229.0,,,,False
2015-02-02,495.6303122656962,432.9167590052717,Cleats,Prophet,Cleats,468.0,,,,False
2015-02-02,76.98590821756123,60.44898417311534,Electronics,Prophet,Electronics,90.0,,,,False
2015-02-02,117.82787932541697,98.22861911012326,Fishing,Prophet,Fishing,96.0,,,,False
2015-02-02,5.0906729706812675,0.0,Fitness Accessories,Prophet,Fitness Accessories,4.0,,,,False
2015-02-02,28.5742354762913,16.543485708606458,Girls' Apparel,Prophet,Girls' Apparel,24.0,,,,False
2015-02-02,8.23578054188623,3.251477691698657,Golf Apparel,Prophet,Golf Apparel,9.0,,,,False
2015-02-02,37.01562496399236,23.28093543572976,Golf Balls,Prophet,Golf Balls,25.0,,,,False
2015-02-02,20.345434003525696,11.445672679387792,Golf Gloves,Prophet,Golf Gloves,28.0,,,,False
2015-02-02,8.086936958370199,0.27129835508939526,Golf Shoes,Prophet,Golf Shoes,5.0,,,,False
2015-02-02,17.138377856469223,8.369260242504037,Hockey,Prophet,Hockey,20.0,,,,False
2015-02-02,7.607872336558815,1.7700714710266892,Hunting & Shooting,Prophet,Hunting & Shooting,14.0,,,,False
2015-02-02,451.1668476996563,390.7614376388663,Indoor/Outdoor Games,Prophet,Indoor/Outdoor Games,428.0,,,,False
2015-02-02,5.990989230061613,0.0,Lacrosse,Prophet,Lacrosse,8.0,,,,False
2015-02-02,148.97586750514137,125.7385394352909,Men's Footwear,Prophet,Men's Footwear,189.0,,,,False
2015-02-02,228.12900142510162,185.19361305979092,Shop By Sport,Prophet,Shop By Sport,244.0,,,,False
2015-02-02,11.563693548819467,5.769306987239964,Tennis & Racquet,Prophet,Tennis & Racquet,12.0,,,,False
2015-02-02,27.89237765721235,16.899075197138735,Trade-In,Prophet,Trade-In,16.0,,,,False
2015-02-02,110.94301141526466,94.42325047832057,Water Sports,Prophet,Water Sports,119.0,,,,False
2015-02-02,437.44746736879875,365.6600105896803,Women's Apparel,Prophet,Women's Apparel,396.0,,,,False
2015-02-09,37.80940230428201,23.85384204293534,Accessories,Prophet,Accessories,35.0,,,,False
2015-02-09,15.17777659499785,5.55556124423715,Baseball & Softball,Prophet,Baseball & Softball,21.0,,,,False
2015-02-09,1.3251956148742954,0.0,Boxing & MMA,Prophet,Boxing & MMA,5.0,,,,False
2015-02-09,96.49202771706642,83.0927511083914,Camping & Hiking,Prophet,Camping & Hiking,95.0,,,,False
2015-02-09,265.67301815527986,223.09246498383422,Cardio Equipment,Prophet,Cardio Equipment,241.0,,,,False
2015-02-09,494.2222051702852,429.77952471890427,Cleats,Prophet,Cleats,509.0,,,,False
2015-02-09,79.05913635934711,60.801073418625805,Electronics,Prophet,Electronics,64.0,,,,False
2015-02-09,118.4154165306618,99.45610960611815,Fishing,Prophet,Fishing,121.0,,,,False
2015-02-09,3.546946236413029,0.0,Fitness Accessories,Prophet,Fitness Accessories,1.0,,,,False
2015-02-09,35.074200325242956,22.990021333439522,Girls' Apparel,Prophet,Girls' Apparel,55.0,,,,False
2015-02-09,8.531850936086158,3.39291585766958,Golf Apparel,Prophet,Golf Apparel,15.0,,,,False
2015-02-09,38.71934899252939,25.45970310761412,Golf Balls,Prophet,Golf Balls,36.0,,,,False
2015-02-09,19.338480856097227,9.653196464710476,Golf Gloves,Prophet,Golf Gloves,20.0,,,,False
2015-02-09,8.509570970842274,0.5243401827354042,Golf Shoes,Prophet,Golf Shoes,11.0,,,,False
2015-02-09,16.232352543991354,7.99271546205864,Hockey,Prophet,Hockey,26.0,,,,False
2015-02-09,7.34893009714299,0.969601181629977,Hunting & Shooting,Prophet,Hunting & Shooting,11.0,,,,False
2015-02-09,438.75755621774033,373.0170016586666,Indoor/Outdoor Games,Prophet,Indoor/Outdoor Games,385.0,,,,False
2015-02-09,7.906993236884382,1.996743439117622,Lacrosse,Prophet,Lacrosse,5.0,,,,False
2015-02-09,148.85753130224992,124.44080932502283,Men's Footwear,Prophet,Men's Footwear,145.0,,,,False
2015-02-09,218.62563875871106,179.66628259256245,Shop By Sport,Prophet,Shop By Sport,210.0,,,,False
2015-02-09,10.160313187557268,3.8467430271605396,Tennis & Racquet,Prophet,Tennis & Racquet,6.0,,,,False
2015-02-09,22.830016059566496,12.546397847648707,Trade-In,Prophet,Trade-In,16.0,,,,False
2015-02-09,109.16553891624919,94.55317574500127,Water Sports,Prophet,Water Sports,98.0,,,,False
2015-02-09,451.35413952087436,385.9782371204688,Women's Apparel,Prophet,Women's Apparel,410.0,,,,False
2015-02-16,38.94334672364839,25.43030113309386,Accessories,Prophet,Accessories,50.0,,,,False
2015-02-16,14.228089478874468,5.562803026355426,Baseball & Softball,Prophet,Baseball & Softball,4.0,,,,False
2015-02-16,98.88639666685138,85.4949067745949,Camping & Hiking,Prophet,Camping & Hiking,101.0,,,,False
2015-02-16,268.4317173715084,219.91400148075584,Cardio Equipment,Prophet,Cardio Equipment,291.0,,,,False
2015-02-16,521.5086226788308,452.7233094495931,Cleats,Prophet,Cleats,510.0,,,,False
2015-02-16,82.87162610209703,65.2140153784375,Electronics,Prophet,Electronics,91.0,,,,False
2015-02-16,120.68406818240105,101.55230531070781,Fishing,Prophet,Fishing,109.0,,,,False
2015-02-16,4.556606786618263,0.0,Fitness Accessories,Prophet,Fitness Accessories,7.0,,,,False
2015-02-16,40.25068984228808,28.097190267891442,Girls' Apparel,Prophet,Girls' Apparel,36.0,,,,False
2015-02-16,7.989457052801832,3.1991698198990983,Golf Apparel,Prophet,Golf Apparel,3.0,,,,False
2015-02-16,42.03414069581716,28.339449175711877,Golf Balls,Prophet,Golf Balls,23.0,,,,False
2015-02-16,20.864810373948487,11.587264850985934,Golf Gloves,Prophet,Golf Gloves,14.0,,,,False
2015-02-16,7.15807494066153,0.0,Golf Shoes,Prophet,Golf Shoes,9.0,,,,False
2015-02-16,14.874162641428804,6.407884049731994,Hockey,Prophet,Hockey,14.0,,,,False
2015-02-16,8.042399580244236,1.6092807646344698,Hunting & Shooting,Prophet,Hunting & Shooting,7.0,,,,False
2015-02-16,418.72360745913033,358.64826285497804,Indoor/Outdoor Games,Prophet,Indoor/Outdoor Games,416.0,,,,False
2015-02-16,10.386484495889476,4.459582549692313,Lacrosse,Prophet,Lacrosse,7.0,,,,False
2015-02-16,148.44995968275802,124.60995055233474,Men's Footwear,Prophet,Men's Footwear,143.0,,,,False
2015-02-16,221.1319152716193,182.8318660644604,Shop By Sport,Prophet,Shop By Sport,241.0,,,,False
2015-02-16,8.820720492774562,2.7341664252692257,Tennis & Racquet,Prophet,Tennis & Racquet,4.0,,,,False
2015-02-16,22.572031454476225,11.690810871486857,Trade-In,Prophet,Trade-In,19.0,,,,False
2015-02-16,105.83004879630641,89.46279886413603,Water Sports,Prophet,Water Sports,103.0,,,,False
2015-02-16,468.4549941946522,401.4561161245901,Women's Apparel,Prophet,Women's Apparel,504.0,,,,False
2015-02-23,39.98187693275015,26.681984070620995,Accessories,Prophet,Accessories,48.0,,,,False
2015-02-23,14.74283027509334,5.938265987076704,Baseball & Softball,Prophet,Baseball & Softball,8.0,,,,False
2015-02-23,97.9163756456533,83.98337034639843,Camping & Hiking,Prophet,Camping & Hiking,95.0,,,,False
2015-02-23,270.575907318406,224.12571564091627,Cardio Equipment,Prophet,Cardio Equipment,233.0,,,,False
2015-02-23,551.9633187311673,486.3887573032159,Cleats,Prophet,Cleats,544.0,,,,False
2015-02-23,86.19061228747525,68.15006847196088,Electronics,Prophet,Electronics,77.0,,,,False
2015-02-23,121.34835836028459,104.1923567258707,Fishing,Prophet,Fishing,120.0,,,,False
2015-02-23,6.029634289552406,0.6610578203932485,Fitness Accessories,Prophet,Fitness Accessories,7.0,,,,False
2015-02-23,40.508064952660504,29.13622760171032,Girls' Apparel,Prophet,Girls' Apparel,27.0,,,,False
2015-02-23,7.504445161239367,2.4790987196758874,Golf Apparel,Prophet,Golf Apparel,5.0,,,,False
2015-02-23,41.960916430751084,28.62528249236196,Golf Balls,Prophet,Golf Balls,45.0,,,,False
2015-02-23,24.43816960328573,14.84036600326361,Golf Gloves,Prophet,Golf Gloves,19.0,,,,False
2015-02-23,4.7868540306569685,0.0,Golf Shoes,Prophet,Golf Shoes,13.0,,,,False
2015-02-23,13.756830279446138,5.345282879860977,Hockey,Prophet,Hockey,10.0,,,,False
2015-02-23,8.614544119227654,2.5276558703032994,Hunting & Shooting,Prophet,Hunting & Shooting,8.0,,,,False
2015-02-23,405.1974930604751,341.2266331446524,Indoor/Outdoor Games,Prophet,Indoor/Outdoor Games,408.0,,,,False
2015-02-23,147.8924213624536,123.87531952305994,Men's Footwear,Prophet,Men's Footwear,170.0,,,,False
2015-02-23,232.1223401080076,194.76643553313187,Shop By Sport,Prophet,Shop By Sport,267.0,,,,False
2015-02-23,8.511828346960433,2.029597055900282,Tennis & Racquet,Prophet,Tennis & Racquet,9.0,,,,False
2015-02-23,26.59939618928868,16.320904781040966,Trade-In,Prophet,Trade-In,24.0,,,,False
2015-02-23,103.83277783229452,87.30937606215267,Water Sports,Prophet,Water Sports,108.0,,,,False
2015-02-23,471.0312312236354,408.6775367643011,Women's Apparel,Prophet,Women's Apparel,468.0,,,,False
2015-03-02,39.623914345458154,25.452524454422278,Accessories,Prophet,Accessories,42.0,,,,False
2015-03-02,15.690561670976328,7.0982832512491765,Baseball & Softball,Prophet,Baseball & Softball,6.0,,,,False
2015-03-02,4.426376656759415,0.0,Boxing & MMA,Prophet,Boxing & MMA,12.0,,,,False
2015-03-02,95.1254142863686,81.58000067787195,Camping & Hiking,Prophet,Camping & Hiking,85.0,,,,False
2015-03-02,269.95357798859965,223.8476428781824,Cardio Equipment,Prophet,Cardio Equipment,229.0,,,,False
2015-03-02,557.5395152748988,489.35306552215707,Cleats,Prophet,Cleats,580.0,,,,False
2015-03-02,86.48686999519485,68.4154989531448,Electronics,Prophet,Electronics,103.0,,,,False
2015-03-02,119.00849534123442,100.57260018202466,Fishing,Prophet,Fishing,134.0,,,,False
2015-03-02,6.067069817132257,0.0,Fitness Accessories,Prophet,Fitness Accessories,1.0,,,,False
2015-03-02,35.70105438707503,24.52631609350023,Girls' Apparel,Prophet,Girls' Apparel,35.0,,,,False
2015-03-02,36.81512068168404,23.169522416951956,Golf Balls,Prophet,Golf Balls,68.0,,,,False
2015-03-02,27.290283229127525,18.13654345713036,Golf Gloves,Prophet,Golf Gloves,43.0,,,,False
2015-03-02,3.3470084179418667,0.0,Golf Shoes,Prophet,Golf Shoes,9.0,,,,False
2015-03-02,12.864745848656867,4.810224725895658,Hockey,Prophet,Hockey,8.0,,,,False
2015-03-02,7.934829412978082,1.9430336676447493,Hunting & Shooting,Prophet,Hunting & Shooting,9.0,,,,False
2015-03-02,403.19316836817694,340.9052855552584,Indoor/Outdoor Games,Prophet,Indoor/Outdoor Games,417.0,,,,False
2015-03-02,9.593704714253805,3.751903203525427,Lacrosse,Prophet,Lacrosse,16.0,,,,False
2015-03-02,147.25229758789112,123.98091615394841,Men's Footwear,Prophet,Men's Footwear,131.0,,,,False
2015-03-02,240.49998016789203,200.29680077757047,Shop By Sport,Prophet,Shop By Sport,276.0,,,,False
2015-03-02,9.163081736942928,2.692874324073148,Tennis & Racquet,Prophet,Tennis & Racquet,12.0,,,,False
2015-03-02,30.997013110309624,20.58721284843391,Trade-In,Prophet,Trade-In,36.0,,,,False
2015-03-02,104.64944234146807,87.6211142767394,Water Sports,Prophet,Water Sports,116.0,,,,False
2015-03-02,456.61976375121765,384.51823703868826,Women's Apparel,Prophet,Women's Apparel,433.0,,,,False
2015-03-09,37.98865134871618,24.026321662664703,Accessories,Prophet,Accessories,43.0,,,,False
2015-03-09,16.530965367864695,7.788261000643972,Baseball & Softball,Prophet,Baseball & Softball,8.0,,,,False
2015-03-09,4.082105322896866,0.0,Boxing & MMA,Prophet,Boxing & MMA,7.0,,,,False
2015-03-09,93.92962055413098,81.05649606487137,Camping & Hiking,Prophet,Camping & Hiking,95.0,,,,False
2015-03-09,266.4808224023254,224.79125756005016,Cardio Equipment,Prophet,Cardio Equipment,314.0,,,,False
2015-03-09,534.5529251914293,469.3026926200095,Cleats,Prophet,Cleats,537.0,,,,False
2015-03-09,83.27245568479886,66.84946897788286,Electronics,Prophet,Electronics,84.0,,,,False
2015-03-09,115.90199402486529,98.51390117129104,Fishing,Prophet,Fishing,107.0,,,,False
2015-03-09,5.32090366996878,0.0,Fitness Accessories,Prophet,Fitness Accessories,1.0,,,,False
2015-03-09,29.995989577556934,18.85256279586894,Girls' Apparel,Prophet,Girls' Apparel,33.0,,,,False
2015-03-09,6.989920666345279,1.752179442917419,Golf Apparel,Prophet,Golf Apparel,2.0,,,,False
2015-03-09,30.98485194076816,17.270570966016265,Golf Balls,Prophet,Golf Balls,20.0,,,,False
2015-03-09,27.664686245467315,18.15352211922158,Golf Gloves,Prophet,Golf Gloves,18.0,,,,False
2015-03-09,4.000685506056726,0.0,Golf Shoes,Prophet,Golf Shoes,7.0,,,,False
2015-03-09,12.134773633957662,4.467206918959856,Hockey,Prophet,Hockey,11.0,,,,False
2015-03-09,6.113769810351079,0.0,Hunting & Shooting,Prophet,Hunting & Shooting,8.0,,,,False
2015-03-09,405.81146488822577,346.02103090102275,Indoor/Outdoor Games,Prophet,Indoor/Outdoor Games,398.0,,,,False
2015-03-09,7.033914164660024,1.4835205053389584,Lacrosse,Prophet,Lacrosse,2.0,,,,False
2015-03-09,147.28638770276538,122.97218100912914,Men's Footwear,Prophet,Men's Footwear,150.0,,,,False
2015-03-09,239.610229610737,201.12354141103077,Shop By Sport,Prophet,Shop By Sport,232.0,,,,False
2015-03-09,32.879332434854014,22.20403904867664,Trade-In,Prophet,Trade-In,23.0,,,,False
2015-03-09,106.97751082692957,91.23046432412572,Water Sports,Prophet,Water Sports,110.0,,,,False
2015-03-09,438.8855971948233,373.2937154631176,Women's Apparel,Prophet,Women's Apparel,411.0,,,,False
2015-03-16,37.48643283063846,22.958353882598093,Accessories,Prophet,Accessories,37.0,,,,False
2015-03-16,17.789725445392662,9.145864182806362,Baseball & Softball,Prophet,Baseball & Softball,30.0,,,,False
2015-03-16,3.880660886857316,0.0,Boxing & MMA,Prophet,Boxing & MMA,11.0,,,,False
2015-03-16,95.58263312948016,81.74941989194836,Camping & Hiking,Prophet,Camping & Hiking,95.0,,,,False
2015-03-16,261.6758230881154,218.43019909482874,Cardio Equipment,Prophet,Cardio Equipment,274.0,,,,False
2015-03-16,504.9995874297148,439.8863256171254,Cleats,Prophet,Cleats,470.0,,,,False
2015-03-16,78.02101474929225,59.99620608311372,Electronics,Prophet,Electronics,90.0,,,,False
2015-03-16,115.46544685638177,97.12988273533738,Fishing,Prophet,Fishing,120.0,,,,False
2015-03-16,5.779183037697451,0.02354905794042828,Fitness Accessories,Prophet,Fitness Accessories,5.0,,,,False
2015-03-16,28.240614042907758,16.59866810093368,Girls' Apparel,Prophet,Girls' Apparel,33.0,,,,False
2015-03-16,6.284179125010299,1.6097200623110486,Golf Apparel,Prophet,Golf Apparel,3.0,,,,False
2015-03-16,30.31601745747022,17.51152511095528,Golf Balls,Prophet,Golf Balls,41.0,,,,False
2015-03-16,26.46422399887041,17.178495671479215,Golf Gloves,Prophet,Golf Gloves,21.0,,,,False
2015-03-16,5.725881298965106,0.0,Golf Shoes,Prophet,Golf Shoes,16.0,,,,False
2015-03-16,11.819546250998517,3.741505502603082,Hockey,Prophet,Hockey,7.0,,,,False
2015-03-16,4.689661803401903,0.0,Hunting & Shooting,Prophet,Hunting & Shooting,9.0,,,,False
2015-03-16,404.77946557013667,344.49692497151585,Indoor/Outdoor Games,Prophet,Indoor/Outdoor Games,442.0,,,,False
2015-03-16,5.870872498533505,0.06963236124931572,Lacrosse,Prophet,Lacrosse,4.0,,,,False
2015-03-16,149.3270361618254,127.32428986785831,Men's Footwear,Prophet,Men's Footwear,121.0,,,,False
2015-03-16,233.72794065009563,192.11980006647565,Shop By Sport,Prophet,Shop By Sport,225.0,,,,False
2015-03-16,9.441203895385078,3.0510949746912313,Tennis & Racquet,Prophet,Tennis & Racquet,15.0,,,,False
2015-03-16,32.93090475881217,22.332665955465306,Trade-In,Prophet,Trade-In,43.0,,,,False
2015-03-16,108.38700188942849,91.447123111453,Water Sports,Prophet,Water Sports,87.0,,,,False
2015-03-16,432.1368482331295,359.80476756275334,Women's Apparel,Prophet,Women's Apparel,436.0,,,,False
2015-03-23,40.0074401081746,26.3843638127087,Accessories,Prophet,Accessories,47.0,,,,False
2015-03-23,19.938009551303914,11.035964865100187,Baseball & Softball,Prophet,Baseball & Softball,7.0,,,,False
2015-03-23,4.197331630531837,0.0,Boxing & MMA,Prophet,Boxing & MMA,6.0,,,,False
2015-03-23,98.01328692066937,83.60182747869484,Camping & Hiking,Prophet,Camping & Hiking,81.0,,,,False
2015-03-23,258.19737458673205,214.60819959252913,Cardio Equipment,Prophet,Cardio Equipment,228.0,,,,False
2015-03-23,493.9874593983372,426.91644743330556,Cleats,Prophet,Cleats,461.0,,,,False
2015-03-23,72.22801624108487,55.04099090041169,Electronics,Prophet,Electronics,69.0,,,,False
2015-03-23,118.55789333804815,99.67794819110281,Fishing,Prophet,Fishing,112.0,,,,False
2015-03-23,7.8278822688099865,1.6558850751787524,Fitness Accessories,Prophet,Fitness Accessories,5.0,,,,False
2015-03-23,31.316959961998197,19.603035372954196,Girls' Apparel,Prophet,Girls' Apparel,23.0,,,,False
2015-03-23,5.993680442858274,0.8510135595365602,Golf Apparel,Prophet,Golf Apparel,5.0,,,,False
2015-03-23,35.238983324943845,22.751120363370653,Golf Balls,Prophet,Golf Balls,63.0,,,,False
2015-03-23,25.53141345879867,15.921096215578789,Golf Gloves,Prophet,Golf Gloves,19.0,,,,False
2015-03-23,6.307025778727603,0.0,Golf Shoes,Prophet,Golf Shoes,10.0,,,,False
2015-03-23,11.933390915716721,3.5056983139824105,Hockey,Prophet,Hockey,19.0,,,,False
2015-03-23,5.373836276551508,0.0,Hunting & Shooting,Prophet,Hunting & Shooting,4.0,,,,False
2015-03-23,401.340440581375,342.7171249146736,Indoor/Outdoor Games,Prophet,Indoor/Outdoor Games,451.0,,,,False
2015-03-23,6.830631795236031,1.292786061224655,Lacrosse,Prophet,Lacrosse,3.0,,,,False
2015-03-23,153.86456166439575,132.03888523966154,Men's Footwear,Prophet,Men's Footwear,136.0,,,,False
2015-03-23,232.28171149110767,191.78819604295893,Shop By Sport,Prophet,Shop By Sport,256.0,,,,False
2015-03-23,8.586035849552788,2.6280110514280737,Tennis & Racquet,Prophet,Tennis & Racquet,11.0,,,,False
2015-03-23,33.540328012118856,22.614703907261312,Trade-In,Prophet,Trade-In,25.0,,,,False
2015-03-23,108.11760114476161,90.95016746753019,Water Sports,Prophet,Water Sports,121.0,,,,False
2015-03-23,437.6788244771364,373.9775515967448,Women's Apparel,Prophet,Women's Apparel,488.0,,,,False
2015-03-30,43.830008896786175,29.04445217416743,Accessories,Prophet,Accessories,43.0,,,,False
2015-03-30,22.07395554780613,13.214985081317572,Baseball & Softball,Prophet,Baseball & Softball,25.0,,,,False
2015-03-30,4.433102754582279,0.0,Boxing & MMA,Prophet,Boxing & MMA,15.0,,,,False
2015-03-30,98.53423009092754,84.53375266445576,Camping & Hiking,Prophet,Camping & Hiking,103.0,,,,False
2015-03-30,258.53374059614697,212.23239196452826,Cardio Equipment,Prophet,Cardio Equipment,216.0,,,,False
2015-03-30,507.1108020692076,444.8842249210665,Cleats,Prophet,Cleats,566.0,,,,False
2015-03-30,66.51735914003743,48.44131936800415,Electronics,Prophet,Electronics,59.0,,,,False
2015-03-30,122.51787303387239,103.78773716694471,Fishing,Prophet,Fishing,120.0,,,,False
2015-03-30,9.559656448648566,3.942732087252155,Fitness Accessories,Prophet,Fitness Accessories,5.0,,,,False
2015-03-30,35.526996041262436,23.564335870464753,Girls' Apparel,Prophet,Girls' Apparel,31.0,,,,False
2015-03-30,7.102313633129136,2.444454491313664,Golf Apparel,Prophet,Golf Apparel,10.0,,,,False
2015-03-30,39.959460145859914,27.305331976776163,Golf Balls,Prophet,Golf Balls,38.0,,,,False
2015-03-30,25.20704866556639,15.33128135312697,Golf Gloves,Prophet,Golf Gloves,24.0,,,,False
2015-03-30,11.859591670834298,3.4474453796368527,Hockey,Prophet,Hockey,8.0,,,,False
2015-03-30,8.390152883597032,2.533826633474885,Hunting & Shooting,Prophet,Hunting & Shooting,1.0,,,,False
2015-03-30,403.8457601071843,343.41836797705946,Indoor/Outdoor Games,Prophet,Indoor/Outdoor Games,452.0,,,,False
2015-03-30,8.365238505100969,2.2677956789926332,Lacrosse,Prophet,Lacrosse,9.0,,,,False
2015-03-30,159.02266350765012,134.74777181012553,Men's Footwear,Prophet,Men's Footwear,188.0,,,,False
2015-03-30,238.66648138152942,198.67164188779805,Shop By Sport,Prophet,Shop By Sport,218.0,,,,False
2015-03-30,8.356547176654425,1.9573082393991417,Tennis & Racquet,Prophet,Tennis & Racquet,23.0,,,,False
2015-03-30,35.148735255540416,24.878087233751742,Trade-In,Prophet,Trade-In,33.0,,,,False
2015-03-30,107.66771379902667,91.17729370339069,Water Sports,Prophet,Water Sports,110.0,,,,False
2015-03-30,445.1664937713544,379.90932011284747,Women's Apparel,Prophet,Women's Apparel,470.0,,,,False
2015-04-06,44.86033074599661,31.18845696176796,Accessories,Prophet,Accessories,32.0,,,,False
2015-04-06,22.203576938075347,13.46106329395647,Baseball & Softball,Prophet,Baseball & Softball,15.0,,,,False
2015-04-06,4.342462866263983,0.0,Boxing & MMA,Prophet,Boxing & MMA,17.0,,,,False
2015-04-06,96.80548261315202,83.22104141892108,Camping & Hiking,Prophet,Camping & Hiking,116.0,,,,False
2015-04-06,262.65460991803207,221.06706835237918,Cardio Equipment,Prophet,Cardio Equipment,264.0,,,,False
2015-04-06,528.4190935303473,462.7794783247404,Cleats,Prophet,Cleats,464.0,,,,False
2015-04-06,61.94478550352846,44.50312185117343,Electronics,Prophet,Electronics,54.0,,,,False
2015-04-06,123.90310542435762,104.3605646765077,Fishing,Prophet,Fishing,123.0,,,,False
2015-04-06,9.226231338788827,3.5306269181958463,Fitness Accessories,Prophet,Fitness Accessories,10.0,,,,False
2015-04-06,36.76047216794575,25.09777041332142,Girls' Apparel,Prophet,Girls' Apparel,53.0,,,,False
2015-04-06,9.39966312515637,4.258103394112425,Golf Apparel,Prophet,Golf Apparel,4.0,,,,False
2015-04-06,39.08390460311373,25.50586609693537,Golf Balls,Prophet,Golf Balls,39.0,,,,False
2015-04-06,24.42576856377882,14.428007043500141,Golf Gloves,Prophet,Golf Gloves,20.0,,,,False
2015-04-06,3.221884436364552,0.0,Golf Shoes,Prophet,Golf Shoes,2.0,,,,False
2015-04-06,11.13035183554041,3.6291406615130137,Hockey,Prophet,Hockey,21.0,,,,False
2015-04-06,415.02216085418667,347.5711076286707,Indoor/Outdoor Games,Prophet,Indoor/Outdoor Games,379.0,,,,False
2015-04-06,8.421140758914847,2.8921868544475635,Lacrosse,Prophet,Lacrosse,5.0,,,,False
2015-04-06,160.9491914423039,138.8424585600669,Men's Footwear,Prophet,Men's Footwear,159.0,,,,False
2015-04-06,246.40839693108617,207.752290485319,Shop By Sport,Prophet,Shop By Sport,241.0,,,,False
2015-04-06,35.308482639159415,24.832769156970677,Trade-In,Prophet,Trade-In,33.0,,,,False
2015-04-06,108.57530083578301,91.9292132436262,Water Sports,Prophet,Water Sports,113.0,,,,False
2015-04-06,444.57930809510583,375.7049054057781,Women's Apparel,Prophet,Women's Apparel,514.0,,,,False
2015-04-13,41.54624714431317,27.383320911906093,Accessories,Prophet,Accessories,33.0,,,,False
2015-04-13,19.114221748440364,10.396898275279778,Baseball & Softball,Prophet,Baseball & Softball,23.0,,,,False
2015-04-13,4.757061813670498,0.0,Boxing & MMA,Prophet,Boxing & MMA,7.0,,,,False
2015-04-13,94.64839474254781,81.82365917223139,Camping & Hiking,Prophet,Camping & Hiking,99.0,,,,False
2015-04-13,267.1312745085191,224.454406075793,Cardio Equipment,Prophet,Cardio Equipment,265.0,,,,False
2015-04-13,537.9187762939767,472.0700656796972,Cleats,Prophet,Cleats,581.0,,,,False
2015-04-13,61.11064963963612,42.45395958958357,Electronics,Prophet,Electronics,65.0,,,,False
2015-04-13,121.79392746205687,102.24419750815662,Fishing,Prophet,Fishing,114.0,,,,False
2015-04-13,7.588309808364159,1.8228217498716897,Fitness Accessories,Prophet,Fitness Accessories,11.0,,,,False
2015-04-13,34.76464749604581,23.774295433464463,Girls' Apparel,Prophet,Girls' Apparel,35.0,,,,False
2015-04-13,11.229015894327027,5.87569947781063,Golf Apparel,Prophet,Golf Apparel,17.0,,,,False
2015-04-13,34.010443823492125,20.69883526955024,Golf Balls,Prophet,Golf Balls,37.0,,,,False
2015-04-13,22.943578709099715,13.3757217500422,Golf Gloves,Prophet,Golf Gloves,19.0,,,,False
2015-04-13,3.9706075754056953,0.0,Golf Shoes,Prophet,Golf Shoes,4.0,,,,False
2015-04-13,10.489825347275001,2.4481729792975524,Hockey,Prophet,Hockey,7.0,,,,False
2015-04-13,13.45598127092726,7.26950014383216,Hunting & Shooting,Prophet,Hunting & Shooting,7.0,,,,False
2015-04-13,425.57710035006966,366.45904579267227,Indoor/Outdoor Games,Prophet,Indoor/Outdoor Games,433.0,,,,False
2015-04-13,6.70052271850606,0.7446692175769005,Lacrosse,Prophet,Lacrosse,7.0,,,,False
2015-04-13,156.7876753932434,134.64797550951994,Men's Footwear,Prophet,Men's Footwear,151.0,,,,False
2015-04-13,246.90279844604873,206.43640976531427,Shop By Sport,Prophet,Shop By Sport,218.0,,,,False
2015-04-13,31.577625297376024,21.06724983728948,Trade-In,Prophet,Trade-In,31.0,,,,False
2015-04-13,110.38723135909335,93.15921707585917,Water Sports,Prophet,Water Sports,117.0,,,,False
2015-04-13,435.1319153292077,367.55628282591846,Women's Apparel,Prophet,Women's Apparel,481.0,,,,False
2015-04-20,37.574527650209546,23.629497851434984,Accessories,Prophet,Accessories,32.0,,,,False
2015-04-20,13.958264031225776,4.980371074166665,Baseball & Softball,Prophet,Baseball & Softball,7.0,,,,False
2015-04-20,93.52968634634601,78.80953201745585,Camping & Hiking,Prophet,Camping & Hiking,86.0,,,,False
2015-04-20,267.95243098040567,222.0238376110104,Cardio Equipment,Prophet,Cardio Equipment,281.0,,,,False
2015-04-20,530.0257065520627,467.856821158902,Cleats,Prophet,Cleats,489.0,,,,False
2015-04-20,66.35655341778592,48.5261681085459,Electronics,Prophet,Electronics,69.0,,,,False
2015-04-20,118.26078548884146,99.83703686052415,Fishing,Prophet,Fishing,119.0,,,,False
2015-04-20,7.058322468010041,1.1810415866545598,Fitness Accessories,Prophet,Fitness Accessories,26.0,,,,False
2015-04-20,32.74511069423793,21.58197849778729,Girls' Apparel,Prophet,Girls' Apparel,29.0,,,,False
2015-04-20,10.971189227372186,5.8751668548861975,Golf Apparel,Prophet,Golf Apparel,8.0,,,,False
2015-04-20,31.39398753659308,19.280501709821024,Golf Balls,Prophet,Golf Balls,56.0,,,,False
2015-04-20,22.355612112356905,13.210122534552406,Golf Gloves,Prophet,Golf Gloves,26.0,,,,False
2015-04-20,7.668353463063029,0.0,Golf Shoes,Prophet,Golf Shoes,4.0,,,,False
2015-04-20,11.446202475515715,3.158051851317237,Hockey,Prophet,Hockey,12.0,,,,False
2015-04-20,11.671555401957903,5.600117345479522,Hunting & Shooting,Prophet,Hunting & Shooting,17.0,,,,False
2015-04-20,423.66029475169375,359.12877914355124,Indoor/Outdoor Games,Prophet,Indoor/Outdoor Games,422.0,,,,False
2015-04-20,4.9833731856300005,0.0,Lacrosse,Prophet,Lacrosse,3.0,,,,False
2015-04-20,148.05442314938142,125.90506240362257,Men's Footwear,Prophet,Men's Footwear,124.0,,,,False
2015-04-20,239.55503361057376,199.82352145440456,Shop By Sport,Prophet,Shop By Sport,183.0,,,,False
2015-04-20,10.674179680501542,4.6900426118368985,Tennis & Racquet,Prophet,Tennis & Racquet,6.0,,,,False
2015-04-20,24.829797881020205,13.289917701965846,Trade-In,Prophet,Trade-In,9.0,,,,False
2015-04-20,111.50277101975541,94.32362817753739,Water Sports,Prophet,Water Sports,106.0,,,,False
2015-04-20,423.89960283009725,355.0617173652207,Women's Apparel,Prophet,Women's Apparel,378.0,,,,False
2015-04-27,38.39235904623065,24.054761021012233,Accessories,Prophet,Accessories,23.0,,,,False
2015-04-27,9.758822551930642,1.2260978441787211,Baseball & Softball,Prophet,Baseball & Softball,11.0,,,,False
2015-04-27,8.363978767978287,0.41438220888741345,Boxing & MMA,Prophet,Boxing & MMA,3.0,,,,False
2015-04-27,93.17343381234208,79.42929636490729,Camping & Hiking,Prophet,Camping & Hiking,85.0,,,,False
2015-04-27,264.82252475085727,218.85185722329348,Cardio Equipment,Prophet,Cardio Equipment,275.0,,,,False
2015-04-27,516.1373499646016,452.38634218163,Cleats,Prophet,Cleats,515.0,,,,False
2015-04-27,76.21003157074557,57.976642996596524,Electronics,Prophet,Electronics,91.0,,,,False
2015-04-27,115.91441619145951,97.35295068205014,Fishing,Prophet,Fishing,130.0,,,,False
2015-04-27,8.684917252167423,3.0662432105034867,Fitness Accessories,Prophet,Fitness Accessories,17.0,,,,False
2015-04-27,33.05688471521932,21.208338877552357,Girls' Apparel,Prophet,Girls' Apparel,19.0,,,,False
2015-04-27,8.780323783458963,3.424757179112239,Golf Apparel,Prophet,Golf Apparel,5.0,,,,False
2015-04-27,35.32653447357886,22.50723330117018,Golf Balls,Prophet,Golf Balls,31.0,,,,False
2015-04-27,24.227359914652222,15.338225055127662,Golf Gloves,Prophet,Golf Gloves,33.0,,,,False
2015-04-27,11.83505839855922,3.6490750240693814,Golf Shoes,Prophet,Golf Shoes,8.0,,,,False
2015-04-27,14.331575836635468,6.035771898893513,Hockey,Prophet,Hockey,10.0,,,,False
2015-04-27,7.807522328197441,1.0943119245474366,Hunting & Shooting,Prophet,Hunting & Shooting,5.0,,,,False
2015-04-27,409.53943786677394,346.5077841132385,Indoor/Outdoor Games,Prophet,Indoor/Outdoor Games,359.0,,,,False
2015-04-27,5.223818897469836,0.0,Lacrosse,Prophet,Lacrosse,10.0,,,,False
2015-04-27,140.8101778791307,116.88823578746555,Men's Footwear,Prophet,Men's Footwear,137.0,,,,False
2015-04-27,232.36048147488376,195.67398076181283,Shop By Sport,Prophet,Shop By Sport,271.0,,,,False
2015-04-27,8.908825997852812,2.7875436888098966,Tennis & Racquet,Prophet,Tennis & Racquet,2.0,,,,False
2015-04-27,19.063402034079612,7.434485993283396,Trade-In,Prophet,Trade-In,13.0,,,,False
2015-04-27,111.62145030276743,94.61394495277474,Water Sports,Prophet,Water Sports,119.0,,,,False
2015-04-27,418.4066981199428,349.0350561295421,Women's Apparel,Prophet,Women's Apparel,459.0,,,,False
2015-05-04,44.961454496236925,30.97020894220327,Accessories,Prophet,Accessories,47.0,,,,False
2015-05-04,9.032314448856518,0.36729090143667703,Baseball & Softball,Prophet,Baseball & Softball,15.0,,,,False
2015-05-04,8.79246395677683,0.7697165241647054,Boxing & MMA,Prophet,Boxing & MMA,11.0,,,,False
2015-05-04,92.76450437141922,79.14192850338506,Camping & Hiking,Prophet,Camping & Hiking,78.0,,,,False
2015-05-04,261.78956448299675,219.10179082982194,Cardio Equipment,Prophet,Cardio Equipment,341.0,,,,False
2015-05-04,511.03013913232746,444.8315994340547,Cleats,Prophet,Cleats,466.0,,,,False
2015-05-04,84.58201667957383,66.93427141176873,Electronics,Prophet,Electronics,69.0,,,,False
2015-05-04,115.45189958204675,96.69301463204198,Fishing,Prophet,Fishing,105.0,,,,False
2015-05-04,10.794886605873819,5.277405504150354,Fitness Accessories,Prophet,Fitness Accessories,1.0,,,,False
2015-05-04,34.342589545886284,23.36379719675072,Girls' Apparel,Prophet,Girls' Apparel,35.0,,,,False
2015-05-04,6.6031368697460335,1.4124026396026725,Golf Apparel,Prophet,Golf Apparel,9.0,,,,False
2015-05-04,42.41737036027958,29.327464902308552,Golf Balls,Prophet,Golf Balls,48.0,,,,False
2015-05-04,27.67109633761384,17.557649563148594,Golf Gloves,Prophet,Golf Gloves,44.0,,,,False
2015-05-04,13.45607614607518,5.9054198697280444,Golf Shoes,Prophet,Golf Shoes,10.0,,,,False
2015-05-04,17.249961676920798,9.024592278988186,Hockey,Prophet,Hockey,19.0,,,,False
2015-05-04,4.679319852926001,0.0,Hunting & Shooting,Prophet,Hunting & Shooting,2.0,,,,False
2015-05-04,396.87640215210575,334.2309756020363,Indoor/Outdoor Games,Prophet,Indoor/Outdoor Games,408.0,,,,False
2015-05-04,7.49633853587065,1.7669860441664722,Lacrosse,Prophet,Lacrosse,16.0,,,,False
2015-05-04,141.29839898959287,116.3970265141832,Men's Footwear,Prophet,Men's Footwear,132.0,,,,False
2015-05-04,232.2071616976739,190.56111484639396,Shop By Sport,Prophet,Shop By Sport,235.0,,,,False
2015-05-04,6.536056837946582,0.412294474017342,Tennis & Racquet,Prophet,Tennis & Racquet,3.0,,,,False
2015-05-04,17.751190422008413,5.863586645890931,Trade-In,Prophet,Trade-In,10.0,,,,False
2015-05-04,112.18078119729562,96.39000389354388,Water Sports,Prophet,Water Sports,114.0,,,,False
2015-05-04,421.07604335292626,346.93907210813535,Women's Apparel,Prophet,Women's Apparel,402.0,,,,False
2015-05-11,51.99607345033962,37.96915122653278,Accessories,Prophet,Accessories,63.0,,,,False
2015-05-11,11.605007385987872,2.3593987203304967,Baseball & Softball,Prophet,Baseball & Softball,10.0,,,,False
2015-05-11,7.179684493782357,0.0,Boxing & MMA,Prophet,Boxing & MMA,6.0,,,,False
2015-05-11,92.6257641784979,78.59083387316674,Camping & Hiking,Prophet,Camping & Hiking,92.0,,,,False
2015-05-11,262.66781747252287,218.1088800684523,Cardio Equipment,Prophet,Cardio Equipment,284.0,,,,False
2015-05-11,517.5608955829397,451.64595043129026,Cleats,Prophet,Cleats,546.0,,,,False
2015-05-11,85.16539492473244,66.71798724125442,Electronics,Prophet,Electronics,77.0,,,,False
2015-05-11,115.68572130588188,95.94049061534747,Fishing,Prophet,Fishing,114.0,,,,False
2015-05-11,10.982826167858805,5.022468242969731,Fitness Accessories,Prophet,Fitness Accessories,9.0,,,,False
2015-05-11,33.568636710082174,21.629517954781917,Girls' Apparel,Prophet,Girls' Apparel,24.0,,,,False
2015-05-11,6.30684078253859,1.503615425100866,Golf Apparel,Prophet,Golf Apparel,5.0,,,,False
2015-05-11,45.55628536426116,32.90797070575415,Golf Balls,Prophet,Golf Balls,45.0,,,,False
2015-05-11,29.70256914267388,20.711002517583207,Golf Gloves,Prophet,Golf Gloves,32.0,,,,False
2015-05-11,12.244257400992264,4.408889226675087,Golf Shoes,Prophet,Golf Shoes,8.0,,,,False
2015-05-11,17.747935217568987,9.832573692042894,Hockey,Prophet,Hockey,26.0,,,,False
2015-05-11,4.416966098005453,0.0,Hunting & Shooting,Prophet,Hunting & Shooting,4.0,,,,False
2015-05-11,397.4301451200974,338.03700703430815,Indoor/Outdoor Games,Prophet,Indoor/Outdoor Games,410.0,,,,False
2015-05-11,9.917490224147713,4.063381367768544,Lacrosse,Prophet,Lacrosse,7.0,,,,False
2015-05-11,150.29353722105222,128.10950240665667,Men's Footwear,Prophet,Men's Footwear,141.0,,,,False
2015-05-11,236.47309034906172,198.24415415133822,Shop By Sport,Prophet,Shop By Sport,232.0,,,,False
2015-05-11,5.364171830592816,0.0,Tennis & Racquet,Prophet,Tennis & Racquet,7.0,,,,False
2015-05-11,20.57166248560614,10.017954760582699,Trade-In,Prophet,Trade-In,27.0,,,,False
2015-05-11,113.83965246291318,96.05789077138627,Water Sports,Prophet,Water Sports,111.0,,,,False
2015-05-11,428.756702511144,363.9971562249295,Women's Apparel,Prophet,Women's Apparel,417.0,,,,False
2015-05-18,53.14941332598574,39.37769556391238,Accessories,Prophet,Accessories,61.0,,,,False
2015-05-18,14.654477875978099,6.041978292457611,Baseball & Softball,Prophet,Baseball & Softball,21.0,,,,False
2015-05-18,5.480955245796824,0.0,Boxing & MMA,Prophet,Boxing & MMA,7.0,,,,False
2015-05-18,93.84339030279163,80.67119815883714,Camping & Hiking,Prophet,Camping & Hiking,89.0,,,,False
2015-05-18,266.34965198669187,220.130417197332,Cardio Equipment,Prophet,Cardio Equipment,310.0,,,,False
2015-05-18,524.4740844516361,458.0143948326559,Cleats,Prophet,Cleats,489.0,,,,False
2015-05-18,77.56409311283848,58.51361234228261,Electronics,Prophet,Electronics,82.0,,,,False
2015-05-18,115.5961374066747,96.76428055981506,Fishing,Prophet,Fishing,117.0,,,,False
2015-05-18,8.930679799952618,2.9222823195051917,Fitness Accessories,Prophet,Fitness Accessories,13.0,,,,False
2015-05-18,30.296588006535316,18.650126551105476,Girls' Apparel,Prophet,Girls' Apparel,42.0,,,,False
2015-05-18,7.84982138557525,2.670728324002733,Golf Apparel,Prophet,Golf Apparel,9.0,,,,False
2015-05-18,41.85940986815347,27.73307122818064,Golf Balls,Prophet,Golf Balls,33.0,,,,False
2015-05-18,28.287732877167745,18.707338598468567,Golf Gloves,Prophet,Golf Gloves,24.0,,,,False
2015-05-18,10.985756315098044,2.645539470642276,Golf Shoes,Prophet,Golf Shoes,13.0,,,,False
2015-05-18,15.693299560043183,8.11804575444055,Hockey,Prophet,Hockey,16.0,,,,False
2015-05-18,6.715693188713365,0.6015112303322356,Hunting & Shooting,Prophet,Hunting & Shooting,18.0,,,,False
2015-05-18,406.80100003269996,346.0092702104503,Indoor/Outdoor Games,Prophet,Indoor/Outdoor Games,379.0,,,,False
2015-05-18,10.507294529897655,4.411462957657706,Lacrosse,Prophet,Lacrosse,10.0,,,,False
2015-05-18,161.60716219811746,139.59893651051755,Men's Footwear,Prophet,Men's Footwear,166.0,,,,False
2015-05-18,236.2202486581071,194.81250353013226,Shop By Sport,Prophet,Shop By Sport,224.0,,,,False
2015-05-18,5.949731754552802,0.0,Tennis & Racquet,Prophet,Tennis & Racquet,7.0,,,,False
2015-05-18,23.85442771804476,12.982829968972599,Trade-In,Prophet,Trade-In,17.0,,,,False
2015-05-18,114.45484234954732,98.07692384886842,Water Sports,Prophet,Water Sports,101.0,,,,False
2015-05-18,435.67439845664336,366.79046071757125,Women's Apparel,Prophet,Women's Apparel,431.0,,,,False
2015-05-25,47.59795335481118,33.01468799093954,Accessories,Prophet,Accessories,59.0,,,,False
2015-05-25,15.074913135450737,5.539785766850467,Baseball & Softball,Prophet,Baseball & Softball,11.0,,,,False
2015-05-25,6.074017967593043,0.0,Boxing & MMA,Prophet,Boxing & MMA,8.0,,,,False
2015-05-25,96.3559111020313,82.84101328103547,Camping & Hiking,Prophet,Camping & Hiking,99.0,,,,False
2015-05-25,268.0332667567093,221.0770748758402,Cardio Equipment,Prophet,Cardio Equipment,309.0,,,,False
2015-05-25,518.9355804706934,452.27480287677804,Cleats,Prophet,Cleats,498.0,,,,False
2015-05-25,68.70030038575484,50.81899976819896,Electronics,Prophet,Electronics,81.0,,,,False
2015-05-25,115.86987620681516,97.46508897963429,Fishing,Prophet,Fishing,128.0,,,,False
2015-05-25,6.622257615242235,0.7010715017314659,Fitness Accessories,Prophet,Fitness Accessories,2.0,,,,False
2015-05-25,27.707099925430928,15.572334913789145,Girls' Apparel,Prophet,Girls' Apparel,29.0,,,,False
2015-05-25,9.448160446861142,4.317906851994356,Golf Apparel,Prophet,Golf Apparel,5.0,,,,False
2015-05-25,35.50999557833116,23.52673927487492,Golf Balls,Prophet,Golf Balls,64.0,,,,False
2015-05-25,24.506303935818952,14.791733495549492,Golf Gloves,Prophet,Golf Gloves,26.0,,,,False
2015-05-25,12.422636735456933,4.529972624026214,Golf Shoes,Prophet,Golf Shoes,14.0,,,,False
2015-05-25,13.831288020184642,4.693749826480933,Hockey,Prophet,Hockey,16.0,,,,False
2015-05-25,408.94217230274995,343.7595753710881,Indoor/Outdoor Games,Prophet,Indoor/Outdoor Games,380.0,,,,False
2015-05-25,9.008073403146728,3.125113312238624,Lacrosse,Prophet,Lacrosse,10.0,,,,False
2015-05-25,166.92575671288958,143.63456116361021,Men's Footwear,Prophet,Men's Footwear,154.0,,,,False
2015-05-25,227.55643701496027,186.97931511307883,Shop By Sport,Prophet,Shop By Sport,231.0,,,,False
2015-05-25,7.068849275808055,0.7217543881140843,Tennis & Racquet,Prophet,Tennis & Racquet,1.0,,,,False
2015-05-25,24.106209880951077,13.212978042669256,Trade-In,Prophet,Trade-In,33.0,,,,False
2015-05-25,111.03334837906179,93.90362320322323,Water Sports,Prophet,Water Sports,121.0,,,,False
2015-05-25,437.40938312460975,373.6389816845987,Women's Apparel,Prophet,Women's Apparel,482.0,,,,False
2015-06-01,40.767639277338475,26.243841723538154,Accessories,Prophet,Accessories,41.0,,,,False
2015-06-01,12.193094086991506,3.5042413939678587,Baseball & Softball,Prophet,Baseball & Softball,19.0,,,,False
2015-06-01,8.778169148449361,0.7468771180661377,Boxing & MMA,Prophet,Boxing & MMA,4.0,,,,False
2015-06-01,98.27029602422928,84.44528055864635,Camping & Hiking,Prophet,Camping & Hiking,89.0,,,,False
2015-06-01,265.3539503504406,218.956640568137,Cardio Equipment,Prophet,Cardio Equipment,344.0,,,,False
2015-06-01,501.11567621682286,439.546170901078,Cleats,Prophet,Cleats,497.0,,,,False
2015-06-01,67.14650305793506,50.00456213842871,Electronics,Prophet,Electronics,66.0,,,,False
2015-06-01,118.19281087490191,100.95115753451226,Fishing,Prophet,Fishing,113.0,,,,False
2015-06-01,28.89996458362218,17.76634506237419,Girls' Apparel,Prophet,Girls' Apparel,12.0,,,,False
2015-06-01,9.54230131426963,4.578848751178574,Golf Apparel,Prophet,Golf Apparel,9.0,,,,False
2015-06-01,32.529157817414884,19.842816962074966,Golf Balls,Prophet,Golf Balls,31.0,,,,False
2015-06-01,21.230966949232613,11.820418292651391,Golf Gloves,Prophet,Golf Gloves,39.0,,,,False
2015-06-01,16.082534269911513,8.597645274771684,Golf Shoes,Prophet,Golf Shoes,26.0,,,,False
2015-06-01,14.84380593257833,6.6795562594582725,Hockey,Prophet,Hockey,6.0,,,,False
2015-06-01,9.41870407989402,3.1467209070283957,Hunting & Shooting,Prophet,Hunting & Shooting,4.0,,,,False
2015-06-01,395.1909515709703,335.00863912228374,Indoor/Outdoor Games,Prophet,Indoor/Outdoor Games,409.0,,,,False
2015-06-01,6.920117438904999,0.7582502567393489,Lacrosse,Prophet,Lacrosse,4.0,,,,False
2015-06-01,162.95648128281994,140.15437736713673,Men's Footwear,Prophet,Men's Footwear,163.0,,,,False
2015-06-01,217.58716350412533,176.0787814711323,Shop By Sport,Prophet,Shop By Sport,227.0,,,,False
2015-06-01,7.136812310150707,0.6740814561071058,Tennis & Racquet,Prophet,Tennis & Racquet,13.0,,,,False
2015-06-01,21.027760929931674,10.406815723487233,Trade-In,Prophet,Trade-In,38.0,,,,False
2015-06-01,104.06985992126995,86.4273506768958,Water Sports,Prophet,Water Sports,101.0,,,,False
2015-06-01,434.0939927531984,362.25305468755363,Women's Apparel,Prophet,Women's Apparel,394.0,,,,False
2015-06-08,38.59295484762306,25.030318522473028,Accessories,Prophet,Accessories,44.0,,,,False
2015-06-08,8.472019178989967,0.0,Baseball & Softball,Prophet,Baseball & Softball,2.0,,,,False
2015-06-08,97.6326127852805,83.97497707517212,Camping & Hiking,Prophet,Camping & Hiking,102.0,,,,False
2015-06-08,261.79423991661673,218.04725387801804,Cardio Equipment,Prophet,Cardio Equipment,312.0,,,,False
2015-06-08,485.85242508751776,423.2393795875534,Cleats,Prophet,Cleats,419.0,,,,False
2015-06-08,75.34044429404324,57.6193034781437,Electronics,Prophet,Electronics,55.0,,,,False
2015-06-08,123.07314763748641,103.63895291658888,Fishing,Prophet,Fishing,137.0,,,,False
2015-06-08,6.642445083250879,1.0288265684272697,Fitness Accessories,Prophet,Fitness Accessories,8.0,,,,False
2015-06-08,32.94175476816912,21.466945191143008,Girls' Apparel,Prophet,Girls' Apparel,45.0,,,,False
2015-06-08,8.422182435407795,3.4429448032787517,Golf Apparel,Prophet,Golf Apparel,18.0,,,,False
2015-06-08,34.07553330405954,20.401383919943655,Golf Balls,Prophet,Golf Balls,31.0,,,,False
2015-06-08,19.9702274381813,10.43817640072147,Golf Gloves,Prophet,Golf Gloves,9.0,,,,False
2015-06-08,18.062733348077206,9.555278159845143,Hockey,Prophet,Hockey,26.0,,,,False
2015-06-08,7.186264505872061,1.1180343515109303,Hunting & Shooting,Prophet,Hunting & Shooting,14.0,,,,False
2015-06-08,375.67260408208165,311.3818375128602,Indoor/Outdoor Games,Prophet,Indoor/Outdoor Games,357.0,,,,False
2015-06-08,5.943855518901007,0.2571068458206085,Lacrosse,Prophet,Lacrosse,4.0,,,,False
2015-06-08,154.1073481620772,127.2385857741238,Men's Footwear,Prophet,Men's Footwear,174.0,,,,False
2015-06-08,217.17437890139172,177.85438200250846,Shop By Sport,Prophet,Shop By Sport,189.0,,,,False
2015-06-08,6.036454875412412,0.0,Tennis & Racquet,Prophet,Tennis & Racquet,2.0,,,,False
2015-06-08,17.365191389690832,6.131343823135284,Trade-In,Prophet,Trade-In,15.0,,,,False
2015-06-08,98.75687158266656,82.89709073728713,Water Sports,Prophet,Water Sports,94.0,,,,False
2015-06-08,430.5464903704001,362.26130741703435,Women's Apparel,Prophet,Women's Apparel,411.0,,,,False
2015-06-15,41.79801395156742,28.238173943269658,Accessories,Prophet,Accessories,46.0,,,,False
2015-06-15,7.493924741874817,0.0,Baseball & Softball,Prophet,Baseball & Softball,4.0,,,,False
2015-06-15,9.488189814878316,1.5913904081457546,Boxing & MMA,Prophet,Boxing & MMA,9.0,,,,False
2015-06-15,94.65202278316633,81.58772985116978,Camping & Hiking,Prophet,Camping & Hiking,94.0,,,,False
2015-06-15,262.5399650869529,219.54433626148125,Cardio Equipment,Prophet,Cardio Equipment,264.0,,,,False
2015-06-15,488.75614838969386,424.4970294374071,Cleats,Prophet,Cleats,579.0,,,,False
2015-06-15,87.22235229967295,68.93616206657047,Electronics,Prophet,Electronics,97.0,,,,False
2015-06-15,128.5125378889373,108.31378685233572,Fishing,Prophet,Fishing,114.0,,,,False
2015-06-15,7.465329933401503,2.0376862203541,Fitness Accessories,Prophet,Fitness Accessories,16.0,,,,False
2015-06-15,35.63906948931094,23.420822463075865,Girls' Apparel,Prophet,Girls' Apparel,44.0,,,,False
2015-06-15,7.777360452105947,3.2242722916891147,Golf Apparel,Prophet,Golf Apparel,5.0,,,,False
2015-06-15,36.134321567232725,23.805412936702954,Golf Balls,Prophet,Golf Balls,22.0,,,,False
2015-06-15,19.68503966983749,9.929301475780107,Golf Gloves,Prophet,Golf Gloves,16.0,,,,False
2015-06-15,17.541372786919787,9.849349815435271,Golf Shoes,Prophet,Golf Shoes,16.0,,,,False
2015-06-15,19.895897681478413,11.948972887673893,Hockey,Prophet,Hockey,6.0,,,,False
2015-06-15,4.41918722444653,0.0,Hunting & Shooting,Prophet,Hunting & Shooting,2.0,,,,False
2015-06-15,369.238267849672,309.327965539442,Indoor/Outdoor Games,Prophet,Indoor/Outdoor Games,452.0,,,,False
2015-06-15,6.491931560468377,0.8776991801189947,Lacrosse,Prophet,Lacrosse,7.0,,,,False
2015-06-15,148.04147859759348,126.13048401941595,Men's Footwear,Prophet,Men's Footwear,133.0,,,,False
2015-06-15,228.22038954242143,187.37102528462495,Shop By Sport,Prophet,Shop By Sport,243.0,,,,False
2015-06-15,5.335784542916034,0.0,Tennis & Racquet,Prophet,Tennis & Racquet,4.0,,,,False
2015-06-15,16.237431184792698,5.8553946038393585,Trade-In,Prophet,Trade-In,24.0,,,,False
2015-06-15,100.41907718800411,84.49346543391347,Water Sports,Prophet,Water Sports,115.0,,,,False
2015-06-15,432.0746339794961,363.34840617799335,Women's Apparel,Prophet,Women's Apparel,398.0,,,,False
2015-06-22,46.081097909168136,31.341365473455333,Accessories,Prophet,Accessories,40.0,,,,False
2015-06-22,10.852161313990713,2.474681853580075,Baseball & Softball,Prophet,Baseball & Softball,14.0,,,,False
2015-06-22,6.218598193471805,0.0,Boxing & MMA,Prophet,Boxing & MMA,9.0,,,,False
2015-06-22,91.6887267613564,78.25378071137293,Camping & Hiking,Prophet,Camping & Hiking,87.0,,,,False
2015-06-22,267.50872276951696,221.3684532113347,Cardio Equipment,Prophet,Cardio Equipment,257.0,,,,False
2015-06-22,509.9560999536142,445.2837748663779,Cleats,Prophet,Cleats,529.0,,,,False
2015-06-22,93.62939962306245,75.77353571316466,Electronics,Prophet,Electronics,93.0,,,,False
2015-06-22,131.04276814792283,112.76946376026636,Fishing,Prophet,Fishing,129.0,,,,False
2015-06-22,7.909617123259655,1.819217814808977,Fitness Accessories,Prophet,Fitness Accessories,8.0,,,,False
2015-06-22,34.320900803597866,23.25995616858758,Girls' Apparel,Prophet,Girls' Apparel,42.0,,,,False
2015-06-22,8.728479168761636,3.522441510506219,Golf Apparel,Prophet,Golf Apparel,9.0,,,,False
2015-06-22,35.2865508473669,22.102616843715374,Golf Balls,Prophet,Golf Balls,32.0,,,,False
2015-06-22,18.782172360939143,9.727945852412743,Golf Gloves,Prophet,Golf Gloves,22.0,,,,False
2015-06-22,13.68024319664259,5.23722788069481,Golf Shoes,Prophet,Golf Shoes,6.0,,,,False
2015-06-22,17.883605114558165,9.612265662642205,Hockey,Prophet,Hockey,19.0,,,,False
2015-06-22,3.4744629052202685,0.0,Hunting & Shooting,Prophet,Hunting & Shooting,1.0,,,,False
2015-06-22,383.16316266838714,323.3316101164718,Indoor/Outdoor Games,Prophet,Indoor/Outdoor Games,326.0,,,,False
2015-06-22,148.55769062624316,126.03301448509573,Men's Footwear,Prophet,Men's Footwear,135.0,,,,False
2015-06-22,240.30144778097997,200.42329445191555,Shop By Sport,Prophet,Shop By Sport,208.0,,,,False
2015-06-22,6.620940400537712,0.44688345086985026,Tennis & Racquet,Prophet,Tennis & Racquet,5.0,,,,False
2015-06-22,18.63118758809147,7.0277758825654475,Trade-In,Prophet,Trade-In,7.0,,,,False
2015-06-22,108.5170311350224,91.20076727335035,Water Sports,Prophet,Water Sports,124.0,,,,False
2015-06-22,439.0347522484697,371.26985842170177,Women's Apparel,Prophet,Women's Apparel,432.0,,,,False
2015-06-29,47.06767551411139,32.89258175208584,Accessories,Prophet,Accessories,56.0,,,,False
2015-06-29,16.61513909052141,8.488289129393891,Baseball & Softball,Prophet,Baseball & Softball,19.0,,,,False
2015-06-29,90.98742522744332,77.24503862078117,Camping & Hiking,Prophet,Camping & Hiking,102.0,,,,False
2015-06-29,270.56927288855996,225.31678565789528,Cardio Equipment,Prophet,Cardio Equipment,309.0,,,,False
2015-06-29,532.277012307102,471.1547832855183,Cleats,Prophet,Cleats,526.0,,,,False
2015-06-29,90.20240794200937,72.8164595887593,Electronics,Prophet,Electronics,71.0,,,,False
2015-06-29,128.4332918429719,109.09799095422562,Fishing,Prophet,Fishing,137.0,,,,False
2015-06-29,8.729112253367985,3.108248761679611,Fitness Accessories,Prophet,Fitness Accessories,5.0,,,,False
2015-06-29,30.939531343155462,18.910127808381496,Girls' Apparel,Prophet,Girls' Apparel,22.0,,,,False
2015-06-29,32.972371178968515,19.542208205113432,Golf Balls,Prophet,Golf Balls,29.0,,,,False
2015-06-29,17.497274975076614,8.673931291883381,Golf Gloves,Prophet,Golf Gloves,11.0,,,,False
2015-06-29,10.41456258829696,2.832020620432641,Golf Shoes,Prophet,Golf Shoes,5.0,,,,False
2015-06-29,13.799154058377166,5.605630199334259,Hockey,Prophet,Hockey,15.0,,,,False
2015-06-29,5.098420823007295,0.0,Hunting & Shooting,Prophet,Hunting & Shooting,9.0,,,,False
2015-06-29,405.64767219971037,342.9077703471832,Indoor/Outdoor Games,Prophet,Indoor/Outdoor Games,488.0,,,,False
2015-06-29,7.986099892158136,2.164364386865321,Lacrosse,Prophet,Lacrosse,15.0,,,,False
2015-06-29,152.86709373730903,129.52517250682453,Men's Footwear,Prophet,Men's Footwear,159.0,,,,False
2015-06-29,241.32945477855074,200.82494638221687,Shop By Sport,Prophet,Shop By Sport,259.0,,,,False
2015-06-29,9.709269633558803,3.6741915983499687,Tennis & Racquet,Prophet,Tennis & Racquet,3.0,,,,False
2015-06-29,22.95932650658564,12.126655275087746,Trade-In,Prophet,Trade-In,17.0,,,,False
2015-06-29,116.20813668728408,98.15833954958961,Water Sports,Prophet,Water Sports,92.0,,,,False
2015-06-29,446.2426520884394,379.4331238372753,Women's Apparel,Prophet,Women's Apparel,449.0,,,,False
2015-07-06,44.09425070229195,30.741240686183403,Accessories,Prophet,Accessories,61.0,,,,False
2015-07-06,20.772745915106142,11.557366160451657,Baseball & Softball,Prophet,Baseball & Softball,31.0,,,,False
2015-07-06,5.659792910169404,0.0,Boxing & MMA,Prophet,Boxing & MMA,5.0,,,,False
2015-07-06,92.69944769706937,79.79495903959491,Camping & Hiking,Prophet,Camping & Hiking,86.0,,,,False
2015-07-06,266.72181380141336,224.98277848359842,Cardio Equipment,Prophet,Cardio Equipment,245.0,,,,False
2015-07-06,536.956134337911,474.05913715666304,Cleats,Prophet,Cleats,469.0,,,,False
2015-07-06,80.48640778535747,61.98622611355401,Electronics,Prophet,Electronics,84.0,,,,False
2015-07-06,121.77711836681708,103.89396690069668,Fishing,Prophet,Fishing,131.0,,,,False
2015-07-06,29.70561185056418,17.830380012660036,Girls' Apparel,Prophet,Girls' Apparel,9.0,,,,False
2015-07-06,11.381675396180198,6.510524556354883,Golf Apparel,Prophet,Golf Apparel,29.0,,,,False
2015-07-06,33.0723607999471,21.787953493167205,Golf Balls,Prophet,Golf Balls,25.0,,,,False
2015-07-06,17.567839308207738,8.4423348633308,Golf Gloves,Prophet,Golf Gloves,15.0,,,,False
2015-07-06,9.829437045465623,1.5160777449482448,Golf Shoes,Prophet,Golf Shoes,6.0,,,,False
2015-07-06,11.961014511447587,3.469050272405172,Hockey,Prophet,Hockey,10.0,,,,False
2015-07-06,8.001442993438323,2.1773722024500417,Hunting & Shooting,Prophet,Hunting & Shooting,2.0,,,,False
2015-07-06,418.7505946074679,351.72884299264337,Indoor/Outdoor Games,Prophet,Indoor/Outdoor Games,410.0,,,,False
2015-07-06,7.261547824396228,1.8824796187525665,Lacrosse,Prophet,Lacrosse,5.0,,,,False
2015-07-06,155.54135218219508,131.58526122096814,Men's Footwear,Prophet,Men's Footwear,156.0,,,,False
2015-07-06,230.75259794814102,191.7401824132097,Shop By Sport,Prophet,Shop By Sport,230.0,,,,False
2015-07-06,12.6210805876466,5.742450109534891,Tennis & Racquet,Prophet,Tennis & Racquet,25.0,,,,False
2015-07-06,26.47182690726168,16.152300229651168,Trade-In,Prophet,Trade-In,22.0,,,,False
2015-07-06,116.78125884746349,99.90398916100062,Water Sports,Prophet,Water Sports,115.0,,,,False
2015-07-06,449.0667180390339,379.845763908139,Women's Apparel,Prophet,Women's Apparel,475.0,,,,False
2015-07-13,39.42890151959916,25.14974094380261,Accessories,Prophet,Accessories,29.0,,,,False
2015-07-13,20.49372211693008,11.826871642396336,Baseball & Softball,Prophet,Baseball & Softball,6.0,,,,False
2015-07-13,95.10939398399684,81.63172139495471,Camping & Hiking,Prophet,Camping & Hiking,91.0,,,,False
2015-07-13,258.678273550996,212.62592557327437,Cardio Equipment,Prophet,Cardio Equipment,261.0,,,,False
2015-07-13,521.8022904017498,458.1860691914187,Cleats,Prophet,Cleats,567.0,,,,False
2015-07-13,72.082356047371,54.491743755217755,Electronics,Prophet,Electronics,90.0,,,,False
2015-07-13,115.0274269158964,96.11101921843424,Fishing,Prophet,Fishing,113.0,,,,False
2015-07-13,11.16130035462907,5.434415340888644,Fitness Accessories,Prophet,Fitness Accessories,14.0,,,,False
2015-07-13,32.043698763777634,20.644766936911022,Girls' Apparel,Prophet,Girls' Apparel,54.0,,,,False
2015-07-13,10.397075997433078,5.228851982249784,Golf Apparel,Prophet,Golf Apparel,7.0,,,,False
2015-07-13,36.29573835766798,23.015875702870595,Golf Balls,Prophet,Golf Balls,38.0,,,,False
2015-07-13,19.73128406013971,11.010664749050875,Golf Gloves,Prophet,Golf Gloves,21.0,,,,False
2015-07-13,10.680000249751165,2.321374276393998,Golf Shoes,Prophet,Golf Shoes,17.0,,,,False
2015-07-13,14.441164560240571,6.121584785023829,Hockey,Prophet,Hockey,19.0,,,,False
2015-07-13,10.215654507330077,4.370216855272624,Hunting & Shooting,Prophet,Hunting & Shooting,5.0,,,,False
2015-07-13,415.7837477101157,350.2994905278474,Indoor/Outdoor Games,Prophet,Indoor/Outdoor Games,391.0,,,,False
2015-07-13,6.024558151917454,0.6642367352366174,Lacrosse,Prophet,Lacrosse,8.0,,,,False
2015-07-13,154.3889085182112,130.35920024549714,Men's Footwear,Prophet,Men's Footwear,169.0,,,,False
2015-07-13,220.34599354721678,180.3554628291641,Shop By Sport,Prophet,Shop By Sport,191.0,,,,False
2015-07-13,13.325729529885137,6.705207366070912,Tennis & Racquet,Prophet,Tennis & Racquet,3.0,,,,False
2015-07-13,27.124210243280366,16.78532811625995,Trade-In,Prophet,Trade-In,21.0,,,,False
2015-07-13,110.37315399254452,94.92472842958551,Water Sports,Prophet,Water Sports,109.0,,,,False
2015-07-13,449.52585687222523,381.17148237922385,Women's Apparel,Prophet,Women's Apparel,531.0,,,,False
2015-07-20,35.2963767736381,22.11034441336046,Accessories,Prophet,Accessories,45.0,,,,False
2015-07-20,16.36551691967276,7.51524277128657,Baseball & Softball,Prophet,Baseball & Softball,15.0,,,,False
2015-07-20,9.049204855160806,0.8383820437355674,Boxing & MMA,Prophet,Boxing & MMA,8.0,,,,False
2015-07-20,96.32419925080066,81.80296123705533,Camping & Hiking,Prophet,Camping & Hiking,100.0,,,,False
2015-07-20,254.2273561260537,211.32729903901867,Cardio Equipment,Prophet,Cardio Equipment,216.0,,,,False
2015-07-20,503.1800125508842,438.59012827000925,Cleats,Prophet,Cleats,463.0,,,,False
2015-07-20,70.27177173768801,52.95239197607026,Electronics,Prophet,Electronics,66.0,,,,False
2015-07-20,112.13031659717069,93.68649499351343,Fishing,Prophet,Fishing,102.0,,,,False
2015-07-20,10.11710447025534,4.109275760598336,Fitness Accessories,Prophet,Fitness Accessories,5.0,,,,False
2015-07-20,34.922435091305324,22.933898590858636,Girls' Apparel,Prophet,Girls' Apparel,24.0,,,,False
2015-07-20,8.67085045048389,3.3598482512355474,Golf Apparel,Prophet,Golf Apparel,4.0,,,,False
2015-07-20,38.79516096673843,24.952575775969695,Golf Balls,Prophet,Golf Balls,39.0,,,,False
2015-07-20,22.40785736074414,11.813213067311128,Golf Gloves,Prophet,Golf Gloves,16.0,,,,False
2015-07-20,10.214585926367597,2.7497799186657605,Golf Shoes,Prophet,Golf Shoes,3.0,,,,False
2015-07-20,18.676606874462994,10.175084376812578,Hockey,Prophet,Hockey,18.0,,,,False
2015-07-20,10.775658570838914,4.277445009952775,Hunting & Shooting,Prophet,Hunting & Shooting,23.0,,,,False
2015-07-20,403.79700440320664,342.19986491293844,Indoor/Outdoor Games,Prophet,Indoor/Outdoor Games,422.0,,,,False
2015-07-20,5.231360996891548,0.0,Lacrosse,Prophet,Lacrosse,3.0,,,,False
2015-07-20,151.9469529014143,128.52842232204884,Men's Footwear,Prophet,Men's Footwear,149.0,,,,False
2015-07-20,221.34853276613387,183.2845920814298,Shop By Sport,Prophet,Shop By Sport,280.0,,,,False
2015-07-20,11.50246479653803,5.5267369393693295,Tennis & Racquet,Prophet,Tennis & Racquet,10.0,,,,False
2015-07-20,24.747430289677645,14.841893159091759,Trade-In,Prophet,Trade-In,28.0,,,,False
2015-07-20,103.61566096331475,87.22837853923373,Water Sports,Prophet,Water Sports,106.0,,,,False
2015-07-20,453.96310111379614,387.40031052318074,Women's Apparel,Prophet,Women's Apparel,425.0,,,,False
2015-07-27,32.69483522618428,19.113781848218625,Accessories,Prophet,Accessories,23.0,,,,False
2015-07-27,11.660695304454988,2.649842784190079,Baseball & Softball,Prophet,Baseball & Softball,9.0,,,,False
2015-07-27,95.4819467202825,82.1152056239367,Camping & Hiking,Prophet,Camping & Hiking,102.0,,,,False
2015-07-27,257.0121074110387,211.45196822838548,Cardio Equipment,Prophet,Cardio Equipment,250.0,,,,False
2015-07-27,499.51755889194624,435.1109585403111,Cleats,Prophet,Cleats,503.0,,,,False
2015-07-27,74.90195191446408,57.9686156230653,Electronics,Prophet,Electronics,92.0,,,,False
2015-07-27,114.0440777692153,94.80899376257769,Fishing,Prophet,Fishing,114.0,,,,False
2015-07-27,7.631923277212207,2.10171314644935,Fitness Accessories,Prophet,Fitness Accessories,7.0,,,,False
2015-07-27,34.571616556723214,22.230441752919667,Girls' Apparel,Prophet,Girls' Apparel,35.0,,,,False
2015-07-27,8.189980912232514,3.161197810659042,Golf Apparel,Prophet,Golf Apparel,8.0,,,,False
2015-07-27,36.89864451368566,24.213431020411836,Golf Balls,Prophet,Golf Balls,39.0,,,,False
2015-07-27,23.3444456308314,13.71655737459847,Golf Gloves,Prophet,Golf Gloves,40.0,,,,False
2015-07-27,7.684942250889538,0.0,Golf Shoes,Prophet,Golf Shoes,5.0,,,,False
2015-07-27,20.36051663067983,12.290062665623893,Hockey,Prophet,Hockey,2.0,,,,False
2015-07-27,10.187872105213945,3.5785498746376505,Hunting & Shooting,Prophet,Hunting & Shooting,8.0,,,,False
2015-07-27,391.434524755812,333.68670730498826,Indoor/Outdoor Games,Prophet,Indoor/Outdoor Games,386.0,,,,False
2015-07-27,5.362012183054351,0.0,Lacrosse,Prophet,Lacrosse,14.0,,,,False
2015-07-27,151.66303394058178,129.63313711873008,Men's Footwear,Prophet,Men's Footwear,139.0,,,,False
2015-07-27,232.19537125925774,192.3196030045784,Shop By Sport,Prophet,Shop By Sport,185.0,,,,False
2015-07-27,8.68638912646798,2.0097325551624365,Tennis & Racquet,Prophet,Tennis & Racquet,13.0,,,,False
2015-07-27,21.057095726993253,10.21287561326349,Trade-In,Prophet,Trade-In,29.0,,,,False
2015-07-27,102.5894429463839,86.3432501115165,Water Sports,Prophet,Water Sports,112.0,,,,False
2015-07-27,463.5761324609711,397.2269635258041,Women's Apparel,Prophet,Women's Apparel,482.0,,,,False
2015-08-03,32.338178784194724,19.381272037531367,Accessories,Prophet,Accessories,44.0,,,,False
2015-08-03,9.39800486532743,0.2920536062482203,Baseball & Softball,Prophet,Baseball & Softball,11.0,,,,False
2015-08-03,6.102132350970833,0.0,Boxing & MMA,Prophet,Boxing & MMA,7.0,,,,False
2015-08-03,92.86478479949847,78.81523331041559,Camping & Hiking,Prophet,Camping & Hiking,91.0,,,,False
2015-08-03,262.12937099002374,215.92965586383698,Cardio Equipment,Prophet,Cardio Equipment,245.0,,,,False
2015-08-03,513.6225910286811,448.6262708457226,Cleats,Prophet,Cleats,535.0,,,,False
2015-08-03,82.113982436471,64.22358622540861,Electronics,Prophet,Electronics,85.0,,,,False
2015-08-03,118.25467997118915,99.07905426159505,Fishing,Prophet,Fishing,106.0,,,,False
2015-08-03,6.059661359699431,0.14329235326516362,Fitness Accessories,Prophet,Fitness Accessories,11.0,,,,False
2015-08-03,31.10873768050322,18.78896121760988,Girls' Apparel,Prophet,Girls' Apparel,19.0,,,,False
2015-08-03,9.754793290227973,4.554390469555311,Golf Apparel,Prophet,Golf Apparel,12.0,,,,False
2015-08-03,32.027575218392165,19.110802401704586,Golf Balls,Prophet,Golf Balls,44.0,,,,False
2015-08-03,22.14647974418534,11.889972777364552,Golf Gloves,Prophet,Golf Gloves,11.0,,,,False
2015-08-03,5.445390275759782,0.0,Golf Shoes,Prophet,Golf Shoes,2.0,,,,False
2015-08-03,18.31441033325094,10.244987846646033,Hockey,Prophet,Hockey,34.0,,,,False
2015-08-03,9.552040701239363,3.3823516093277837,Hunting & Shooting,Prophet,Hunting & Shooting,10.0,,,,False
2015-08-03,379.73007904512514,315.95620862216964,Indoor/Outdoor Games,Prophet,Indoor/Outdoor Games,404.0,,,,False
2015-08-03,6.103003100635492,0.8070012514268332,Lacrosse,Prophet,Lacrosse,6.0,,,,False
2015-08-03,153.80807772332304,131.73144966589055,Men's Footwear,Prophet,Men's Footwear,164.0,,,,False
2015-08-03,240.6157729804338,197.1124782949389,Shop By Sport,Prophet,Shop By Sport,207.0,,,,False
2015-08-03,6.869070966995224,0.5292497725350037,Tennis & Racquet,Prophet,Tennis & Racquet,10.0,,,,False
2015-08-03,18.53532690417941,7.804837623569985,Trade-In,Prophet,Trade-In,27.0,,,,False
2015-08-03,106.90016302076253,90.20077216527515,Water Sports,Prophet,Water Sports,98.0,,,,False
2015-08-03,469.6287048726836,396.80907562066665,Women's Apparel,Prophet,Women's Apparel,416.0,,,,False
2015-08-10,34.91602334739848,20.344890500686112,Accessories,Prophet,Accessories,34.0,,,,False
2015-08-10,9.991232702776209,1.009577875925776,Baseball & Softball,Prophet,Baseball & Softball,11.0,,,,False
2015-08-10,7.9950335384659805,0.14115642804411638,Boxing & MMA,Prophet,Boxing & MMA,11.0,,,,False
2015-08-10,89.73894216353177,76.51238638605287,Camping & Hiking,Prophet,Camping & Hiking,92.0,,,,False
2015-08-10,262.55645272167925,219.6244963934909,Cardio Equipment,Prophet,Cardio Equipment,256.0,,,,False
2015-08-10,532.2578117654912,466.0045480791849,Cleats,Prophet,Cleats,575.0,,,,False
2015-08-10,87.96437407103744,70.06473245354046,Electronics,Prophet,Electronics,94.0,,,,False
2015-08-10,121.3005346509158,102.86808989230533,Fishing,Prophet,Fishing,114.0,,,,False
2015-08-10,6.893182687012339,1.1289762410899726,Fitness Accessories,Prophet,Fitness Accessories,1.0,,,,False
2015-08-10,28.491261770276044,15.797605465596094,Girls' Apparel,Prophet,Girls' Apparel,29.0,,,,False
2015-08-10,12.037087190204204,7.421696250648418,Golf Apparel,Prophet,Golf Apparel,15.0,,,,False
2015-08-10,29.562849252558227,15.63209066844796,Golf Balls,Prophet,Golf Balls,36.0,,,,False
2015-08-10,20.51521408938357,11.282657860818468,Golf Gloves,Prophet,Golf Gloves,22.0,,,,False
2015-08-10,6.34991404759012,0.0,Golf Shoes,Prophet,Golf Shoes,4.0,,,,False
2015-08-10,15.652867025169206,7.340270104222258,Hockey,Prophet,Hockey,12.0,,,,False
2015-08-10,9.48635301727323,3.319053634864399,Hunting & Shooting,Prophet,Hunting & Shooting,22.0,,,,False
2015-08-10,367.057725372415,307.91054058574804,Indoor/Outdoor Games,Prophet,Indoor/Outdoor Games,322.0,,,,False
2015-08-10,6.6903043798650135,0.7541886816369089,Lacrosse,Prophet,Lacrosse,13.0,,,,False
2015-08-10,155.88067107126778,131.87058020084737,Men's Footwear,Prophet,Men's Footwear,148.0,,,,False
2015-08-10,237.72661429266688,195.67205973212816,Shop By Sport,Prophet,Shop By Sport,248.0,,,,False
2015-08-10,6.998267865692218,0.8908993911650881,Tennis & Racquet,Prophet,Tennis & Racquet,8.0,,,,False
2015-08-10,18.739077331695604,8.139985166389627,Trade-In,Prophet,Trade-In,11.0,,,,False
2015-08-10,111.17812473001824,92.54438330022626,Water Sports,Prophet,Water Sports,107.0,,,,False
2015-08-10,461.81062448348206,392.7906947884087,Women's Apparel,Prophet,Women's Apparel,465.0,,,,False
2015-08-17,39.59696049815539,25.664472024226015,Accessories,Prophet,Accessories,52.0,,,,False
2015-08-17,11.587421022172126,3.1670896558300257,Baseball & Softball,Prophet,Baseball & Softball,16.0,,,,False
2015-08-17,88.20408573107522,74.7405673037138,Camping & Hiking,Prophet,Camping & Hiking,85.0,,,,False
2015-08-17,258.67339992671464,217.06018945646477,Cardio Equipment,Prophet,Cardio Equipment,288.0,,,,False
2015-08-17,542.0512276952887,474.8897954251964,Cleats,Prophet,Cleats,484.0,,,,False
2015-08-17,90.51622018825609,72.53797440329504,Electronics,Prophet,Electronics,80.0,,,,False
2015-08-17,121.94548785388588,103.05998301364141,Fishing,Prophet,Fishing,133.0,,,,False
2015-08-17,8.815785534578083,3.0577952409964415,Fitness Accessories,Prophet,Fitness Accessories,6.0,,,,False
2015-08-17,29.804699540991383,18.017352061360032,Girls' Apparel,Prophet,Girls' Apparel,23.0,,,,False
2015-08-17,12.775411748525588,7.369091142386464,Golf Apparel,Prophet,Golf Apparel,15.0,,,,False
2015-08-17,32.86201277108594,19.649638782422812,Golf Balls,Prophet,Golf Balls,24.0,,,,False
2015-08-17,20.000486235835286,10.316145169152051,Golf Gloves,Prophet,Golf Gloves,18.0,,,,False
2015-08-17,10.383227504335025,2.900923790568946,Golf Shoes,Prophet,Golf Shoes,3.0,,,,False
2015-08-17,15.89780392389357,7.734927918496553,Hockey,Prophet,Hockey,2.0,,,,False
2015-08-17,9.897768124684646,3.3961283878267023,Hunting & Shooting,Prophet,Hunting & Shooting,7.0,,,,False
2015-08-17,358.89993010983426,297.7410675766946,Indoor/Outdoor Games,Prophet,Indoor/Outdoor Games,306.0,,,,False
2015-08-17,6.584950707376872,0.707082578537114,Lacrosse,Prophet,Lacrosse,8.0,,,,False
2015-08-17,156.4000882300995,132.41265951285592,Men's Footwear,Prophet,Men's Footwear,146.0,,,,False
2015-08-17,228.15604694813578,190.67859993455778,Shop By Sport,Prophet,Shop By Sport,255.0,,,,False
2015-08-17,8.600873804956759,1.98993215869581,Tennis & Racquet,Prophet,Tennis & Racquet,7.0,,,,False
2015-08-17,21.169956070130297,9.839879903626985,Trade-In,Prophet,Trade-In,14.0,,,,False
2015-08-17,111.65429729262686,95.39108381268328,Water Sports,Prophet,Water Sports,116.0,,,,False
2015-08-17,442.11294991655177,372.9950445518775,Women's Apparel,Prophet,Women's Apparel,439.0,,,,False
2015-08-24,43.358774709579514,29.47761897056474,Accessories,Prophet,Accessories,61.0,,,,False
2015-08-24,12.442480142590366,2.882134774695321,Baseball & Softball,Prophet,Baseball & Softball,3.0,,,,False
2015-08-24,14.221430137251168,6.584823689758932,Boxing & MMA,Prophet,Boxing & MMA,4.0,,,,False
2015-08-24,90.14128750697445,77.0049309462144,Camping & Hiking,Prophet,Camping & Hiking,92.0,,,,False
2015-08-24,258.3394733170385,213.06250331426548,Cardio Equipment,Prophet,Cardio Equipment,228.0,,,,False
2015-08-24,542.5024589036482,473.94969219160595,Cleats,Prophet,Cleats,587.0,,,,False
2015-08-24,89.72522097234068,70.70091317057124,Electronics,Prophet,Electronics,79.0,,,,False
2015-08-24,121.81018895210008,102.89856995927877,Fishing,Prophet,Fishing,105.0,,,,False
2015-08-24,9.158863645887658,3.2875875780548203,Fitness Accessories,Prophet,Fitness Accessories,10.0,,,,False
2015-08-24,33.463483433661104,21.632185446124797,Girls' Apparel,Prophet,Girls' Apparel,50.0,,,,False
2015-08-24,10.964169247092222,5.652694532891642,Golf Apparel,Prophet,Golf Apparel,3.0,,,,False
2015-08-24,39.498512717989996,25.986243571070272,Golf Balls,Prophet,Golf Balls,41.0,,,,False
2015-08-24,20.217821105053606,10.606323879237488,Golf Gloves,Prophet,Golf Gloves,10.0,,,,False
2015-08-24,14.313537924432495,6.733009690679446,Golf Shoes,Prophet,Golf Shoes,21.0,,,,False
2015-08-24,18.668916932660167,9.709639852545957,Hockey,Prophet,Hockey,34.0,,,,False
2015-08-24,10.484043428384197,4.225205046732288,Hunting & Shooting,Prophet,Hunting & Shooting,18.0,,,,False
2015-08-24,365.8588490944796,301.5002596253309,Indoor/Outdoor Games,Prophet,Indoor/Outdoor Games,373.0,,,,False
2015-08-24,5.93946589743072,0.3553208813843202,Lacrosse,Prophet,Lacrosse,7.0,,,,False
2015-08-24,156.80880267963045,133.5689406582476,Men's Footwear,Prophet,Men's Footwear,157.0,,,,False
2015-08-24,224.5995642411335,184.0913852756083,Shop By Sport,Prophet,Shop By Sport,208.0,,,,False
2015-08-24,10.490377750086155,3.7351898632957434,Tennis & Racquet,Prophet,Tennis & Racquet,12.0,,,,False
2015-08-24,23.734206055417335,12.561330644709022,Trade-In,Prophet,Trade-In,28.0,,,,False
2015-08-24,109.89509632959748,93.20977192937136,Water Sports,Prophet,Water Sports,118.0,,,,False
2015-08-24,426.86602567032133,355.55420994943904,Women's Apparel,Prophet,Women's Apparel,439.0,,,,False
2015-08-31,43.45001055553899,28.43502100802284,Accessories,Prophet,Accessories,52.0,,,,False
2015-08-31,12.688128735107998,3.797928634229835,Baseball & Softball,Prophet,Baseball & Softball,15.0,,,,False
2015-08-31,12.322625444148663,4.42427993341249,Boxing & MMA,Prophet,Boxing & MMA,2.0,,,,False
2015-08-31,95.11553888975457,80.66974601701567,Camping & Hiking,Prophet,Camping & Hiking,108.0,,,,False
2015-08-31,266.2369876146608,221.02863344273072,Cardio Equipment,Prophet,Cardio Equipment,284.0,,,,False
2015-08-31,541.1330077965351,477.778655168856,Cleats,Prophet,Cleats,511.0,,,,False
2015-08-31,86.57210659859113,68.86426797890185,Electronics,Prophet,Electronics,102.0,,,,False
2015-08-31,122.74010685176228,105.23120507448868,Fishing,Prophet,Fishing,151.0,,,,False
2015-08-31,7.205708479150049,1.3791499624257226,Fitness Accessories,Prophet,Fitness Accessories,9.0,,,,False
2015-08-31,34.83395118132019,23.00698255600467,Girls' Apparel,Prophet,Girls' Apparel,24.0,,,,False
2015-08-31,44.00423468575555,31.65499965784597,Golf Balls,Prophet,Golf Balls,56.0,,,,False
2015-08-31,19.71842800318051,9.6168308230587,Golf Gloves,Prophet,Golf Gloves,20.0,,,,False
2015-08-31,14.783559915279406,7.02369454191485,Golf Shoes,Prophet,Golf Shoes,10.0,,,,False
2015-08-31,20.061075888309418,12.249886327917011,Hockey,Prophet,Hockey,27.0,,,,False
2015-08-31,11.09522560956975,4.665484561473154,Hunting & Shooting,Prophet,Hunting & Shooting,8.0,,,,False
2015-08-31,389.43690676282023,326.05913006875005,Indoor/Outdoor Games,Prophet,Indoor/Outdoor Games,409.0,,,,False
2015-08-31,5.46104671408701,0.0,Lacrosse,Prophet,Lacrosse,2.0,,,,False
2015-08-31,158.8171131891068,136.25915873542084,Men's Footwear,Prophet,Men's Footwear,168.0,,,,False
2015-08-31,232.7056766458571,193.5645576252035,Shop By Sport,Prophet,Shop By Sport,226.0,,,,False
2015-08-31,24.571174596752538,13.513432061097342,Trade-In,Prophet,Trade-In,12.0,,,,False
2015-08-31,109.6881357837911,92.53618225740799,Water Sports,Prophet,Water Sports,102.0,,,,False
2015-08-31,430.91561119538574,359.43174631889923,Women's Apparel,Prophet,Women's Apparel,399.0,,,,False
2015-09-07,40.8170508037675,26.871981908639018,Accessories,Prophet,Accessories,27.0,,,,False
2015-09-07,13.69268218681733,5.259480664625579,Baseball & Softball,Prophet,Baseball & Softball,23.0,,,,False
2015-09-07,8.171521565516304,0.38894835587725285,Boxing & MMA,Prophet,Boxing & MMA,9.0,,,,False
2015-09-07,99.36305214702455,86.27890216279371,Camping & Hiking,Prophet,Camping & Hiking,95.0,,,,False
2015-09-07,275.40122539431206,230.08592280285433,Cardio Equipment,Prophet,Cardio Equipment,266.0,,,,False
2015-09-07,538.2932850742092,471.8744988088273,Cleats,Prophet,Cleats,571.0,,,,False
2015-09-07,82.52463956525627,65.46709499233384,Electronics,Prophet,Electronics,87.0,,,,False
2015-09-07,123.79111239517296,103.41562852298807,Fishing,Prophet,Fishing,113.0,,,,False
2015-09-07,5.239893109523801,0.0,Fitness Accessories,Prophet,Fitness Accessories,3.0,,,,False
2015-09-07,31.45318346185704,20.708865639576203,Girls' Apparel,Prophet,Girls' Apparel,25.0,,,,False
2015-09-07,43.66439975402861,30.5956266236925,Golf Balls,Prophet,Golf Balls,36.0,,,,False
2015-09-07,18.15918967589356,8.302410268599584,Golf Gloves,Prophet,Golf Gloves,23.0,,,,False
2015-09-07,11.539722889010733,3.8014455465613364,Golf Shoes,Prophet,Golf Shoes,12.0,,,,False
2015-09-07,17.256165067219783,9.26880636168756,Hockey,Prophet,Hockey,12.0,,,,False
2015-09-07,11.523965749453062,4.742108585943239,Hunting & Shooting,Prophet,Hunting & Shooting,10.0,,,,False
2015-09-07,413.79907651901266,353.3572460991371,Indoor/Outdoor Games,Prophet,Indoor/Outdoor Games,396.0,,,,False
2015-09-07,5.752403834598911,0.34705529412938835,Lacrosse,Prophet,Lacrosse,8.0,,,,False
2015-09-07,160.67348316703064,137.59492240466648,Men's Footwear,Prophet,Men's Footwear,153.0,,,,False
2015-09-07,243.25305636359874,203.86642307374703,Shop By Sport,Prophet,Shop By Sport,213.0,,,,False
2015-09-07,11.71741075886824,5.403350090691368,Tennis & Racquet,Prophet,Tennis & Racquet,11.0,,,,False
2015-09-07,23.63124194817903,12.817885865444637,Trade-In,Prophet,Trade-In,22.0,,,,False
2015-09-07,111.48258074694284,95.51222204269202,Water Sports,Prophet,Water Sports,91.0,,,,False
2015-09-07,449.7422481323449,383.09875494491064,Women's Apparel,Prophet,Women's Apparel,380.0,,,,False
2015-09-14,39.863011046714725,25.478970472720306,Accessories,Prophet,Accessories,52.0,,,,False
2015-09-14,15.960264477299553,7.23518193884863,Baseball & Softball,Prophet,Baseball & Softball,19.0,,,,False
2015-09-14,5.659713689358018,0.0,Boxing & MMA,Prophet,Boxing & MMA,10.0,,,,False
2015-09-14,98.21098629430276,85.31075319170779,Camping & Hiking,Prophet,Camping & Hiking,104.0,,,,False
2015-09-14,272.8512023729778,226.34435107934559,Cardio Equipment,Prophet,Cardio Equipment,237.0,,,,False
2015-09-14,522.9010284544032,457.7040813220997,Cleats,Prophet,Cleats,428.0,,,,False
2015-09-14,79.13552991753275,61.09472379934258,Electronics,Prophet,Electronics,59.0,,,,False
2015-09-14,121.54318661261301,103.13140634504457,Fishing,Prophet,Fishing,99.0,,,,False
2015-09-14,5.857657620228424,0.0,Fitness Accessories,Prophet,Fitness Accessories,2.0,,,,False
2015-09-14,25.917290052830523,14.165821380709406,Girls' Apparel,Prophet,Girls' Apparel,43.0,,,,False
2015-09-14,6.9637825230204795,1.9779664507988812,Golf Apparel,Prophet,Golf Apparel,3.0,,,,False
2015-09-14,40.70907170421806,27.47266472019057,Golf Balls,Prophet,Golf Balls,28.0,,,,False
2015-09-14,16.812854797123045,8.15495641619957,Golf Gloves,Prophet,Golf Gloves,8.0,,,,False
2015-09-14,7.488721765872505,0.19942412068445145,Golf Shoes,Prophet,Golf Shoes,5.0,,,,False
2015-09-14,11.950753895794639,3.6499792373094246,Hockey,Prophet,Hockey,7.0,,,,False
2015-09-14,11.2300354830755,5.114199724515188,Hunting & Shooting,Prophet,Hunting & Shooting,9.0,,,,False
2015-09-14,417.6572721630622,354.6065038937613,Indoor/Outdoor Games,Prophet,Indoor/Outdoor Games,524.0,,,,False
2015-09-14,6.704573358508596,1.0040129443263537,Lacrosse,Prophet,Lacrosse,3.0,,,,False
2015-09-14,157.79844826795852,136.39923581322654,Men's Footwear,Prophet,Men's Footwear,143.0,,,,False
2015-09-14,240.90128648261654,200.75137350937408,Shop By Sport,Prophet,Shop By Sport,279.0,,,,False
2015-09-14,10.765622167157025,4.719897484390267,Tennis & Racquet,Prophet,Tennis & Racquet,13.0,,,,False
2015-09-14,22.48024177086768,12.0179723083638,Trade-In,Prophet,Trade-In,7.0,,,,False
2015-09-14,111.51562801686828,93.43210198542572,Water Sports,Prophet,Water Sports,102.0,,,,False
2015-09-14,461.2430691958671,389.3958540095891,Women's Apparel,Prophet,Women's Apparel,455.0,,,,False
2015-09-21,43.706861290657805,31.01854696695906,Accessories,Prophet,Accessories,58.0,,,,False
2015-09-21,18.11823692800387,8.765862298342832,Baseball & Softball,Prophet,Baseball & Softball,18.0,,,,False
2015-09-21,6.300424394729547,0.0,Boxing & MMA,Prophet,Boxing & MMA,5.0,,,,False
2015-09-21,90.77725168626058,76.35608666202532,Camping & Hiking,Prophet,Camping & Hiking,101.0,,,,False
2015-09-21,254.68515685573652,206.97658590314128,Cardio Equipment,Prophet,Cardio Equipment,279.0,,,,False
2015-09-21,487.4748224456678,419.90695076854144,Cleats,Prophet,Cleats,571.0,,,,False
2015-09-21,77.4515563853767,60.0226911155659,Electronics,Prophet,Electronics,86.0,,,,False
2015-09-21,114.06142594363651,94.3995668593326,Fishing,Prophet,Fishing,106.0,,,,False
2015-09-21,8.749882044518868,3.39054085321,Fitness Accessories,Prophet,Fitness Accessories,13.0,,,,False
2015-09-21,23.275071471934883,11.60873917153579,Girls' Apparel,Prophet,Girls' Apparel,20.0,,,,False
2015-09-21,9.49141467972397,4.543212234023242,Golf Apparel,Prophet,Golf Apparel,10.0,,,,False
2015-09-21,38.99863411191881,26.251325915911792,Golf Balls,Prophet,Golf Balls,37.0,,,,False
2015-09-21,16.84306347082118,6.93272520520955,Golf Gloves,Prophet,Golf Gloves,16.0,,,,False
2015-09-21,5.734732173638069,0.0,Golf Shoes,Prophet,Golf Shoes,9.0,,,,False
2015-09-21,8.651513322063638,0.18525265899929202,Hockey,Prophet,Hockey,14.0,,,,False
2015-09-21,9.672206269250289,3.7185037621449935,Hunting & Shooting,Prophet,Hunting & Shooting,8.0,,,,False
2015-09-21,396.4631055728847,336.0027119142945,Indoor/Outdoor Games,Prophet,Indoor/Outdoor Games,370.0,,,,False
2015-09-21,7.539369171334658,1.867993065985228,Lacrosse,Prophet,Lacrosse,5.0,,,,False
2015-09-21,148.16371836913035,124.21235889805969,Men's Footwear,Prophet,Men's Footwear,171.0,,,,False
2015-09-21,220.80719132244397,182.47765678314684,Shop By Sport,Prophet,Shop By Sport,226.0,,,,False
2015-09-21,9.232975407356163,2.2813862058167502,Tennis & Racquet,Prophet,Tennis & Racquet,9.0,,,,False
2015-09-21,22.577892077185794,12.163947536385658,Trade-In,Prophet,Trade-In,32.0,,,,False
2015-09-21,106.73020977772138,90.3607337757484,Water Sports,Prophet,Water Sports,105.0,,,,False
2015-09-21,448.4821255958284,382.5553791759941,Women's Apparel,Prophet,Women's Apparel,527.0,,,,False
2015-09-28,50.066531743879445,35.014686353274044,Accessories,Prophet,Accessories,29.0,,,,False
2015-09-28,7.842785254782122,0.0664204620247284,Boxing & MMA,Prophet,Boxing & MMA,21.0,,,,False
2015-09-28,82.17294162771003,68.76772570155026,Camping & Hiking,Prophet,Camping & Hiking,99.0,,,,False
2015-09-28,233.30242413258404,186.73479884376135,Cardio Equipment,Prophet,Cardio Equipment,283.0,,,,False
2015-09-28,445.2744894719119,379.79633602548967,Cleats,Prophet,Cleats,486.0,,,,False
2015-09-28,77.65878827205424,58.48046016628741,Electronics,Prophet,Electronics,70.0,,,,False
2015-09-28,104.4519225563723,85.79180363094645,Fishing,Prophet,Fishing,118.0,,,,False
2015-09-28,10.969218939132924,5.044421052133461,Fitness Accessories,Prophet,Fitness Accessories,17.0,,,,False
2015-09-28,25.913875834251222,14.175884522004813,Girls' Apparel,Prophet,Girls' Apparel,13.0,,,,False
2015-09-28,11.16999723224545,5.697061688514286,Golf Apparel,Prophet,Golf Apparel,8.0,,,,False
2015-09-28,39.69796359698622,26.745837587541498,Golf Balls,Prophet,Golf Balls,32.0,,,,False
2015-09-28,17.85320319062011,8.166852904586118,Golf Gloves,Prophet,Golf Gloves,29.0,,,,False
2015-09-28,9.898582772698818,1.8579975929012706,Hockey,Prophet,Hockey,4.0,,,,False
2015-09-28,7.080244143112717,0.5494401246570646,Hunting & Shooting,Prophet,Hunting & Shooting,2.0,,,,False
2015-09-28,370.1667685287462,305.9327176364741,Indoor/Outdoor Games,Prophet,Indoor/Outdoor Games,424.0,,,,False
2015-09-28,7.503685823192803,1.9258057161424889,Lacrosse,Prophet,Lacrosse,14.0,,,,False
2015-09-28,136.51488290580102,113.18689355404774,Men's Footwear,Prophet,Men's Footwear,175.0,,,,False
2015-09-28,195.6294758533339,154.34974554361335,Shop By Sport,Prophet,Shop By Sport,232.0,,,,False
2015-09-28,7.635610654822056,1.2897056774758813,Tennis & Racquet,Prophet,Tennis & Racquet,6.0,,,,False
2015-09-28,23.86469618870586,13.165393711070218,Trade-In,Prophet,Trade-In,7.0,,,,False
2015-09-28,99.35073603289626,82.4038035404108,Water Sports,Prophet,Water Sports,111.0,,,,False
2015-09-28,419.4773059885399,355.0393197746181,Women's Apparel,Prophet,Women's Apparel,425.0,,,,False
2015-10-05,53.122096655026205,40.00625307099704,Accessories,Prophet,Accessories,46.0,,,,False
2015-10-05,15.967883988731016,7.438261518797118,Baseball & Softball,Prophet,Baseball & Softball,9.0,,,,False
2015-10-05,7.349881398946099,0.0,Boxing & MMA,Prophet,Boxing & MMA,2.0,,,,False
2015-10-05,79.80077680542419,65.34065678894974,Camping & Hiking,Prophet,Camping & Hiking,97.0,,,,False
2015-10-05,226.8225244090806,179.7730725622579,Cardio Equipment,Prophet,Cardio Equipment,261.0,,,,False
2015-10-05,425.6334689539827,357.3197655643042,Cleats,Prophet,Cleats,545.0,,,,False
2015-10-05,79.40727932904151,61.924620911957575,Electronics,Prophet,Electronics,59.0,,,,False
2015-10-05,99.58422968082056,80.55248914059341,Fishing,Prophet,Fishing,112.0,,,,False
2015-10-05,10.432673168971892,4.65428183919179,Fitness Accessories,Prophet,Fitness Accessories,3.0,,,,False
2015-10-05,31.385858288535125,19.99651781335403,Girls' Apparel,Prophet,Girls' Apparel,45.0,,,,False
2015-10-05,10.260906884777205,5.426486702924797,Golf Apparel,Prophet,Golf Apparel,8.0,,,,False
2015-10-05,40.82291047834721,27.186543670040034,Golf Balls,Prophet,Golf Balls,48.0,,,,False
2015-10-05,18.788564575022836,9.53179172599401,Golf Gloves,Prophet,Golf Gloves,5.0,,,,False
2015-10-05,8.444377937001411,0.14074832519318453,Golf Shoes,Prophet,Golf Shoes,9.0,,,,False
2015-10-05,13.854216571563443,5.7294650851345175,Hockey,Prophet,Hockey,12.0,,,,False
2015-10-05,4.727943623118429,0.0,Hunting & Shooting,Prophet,Hunting & Shooting,2.0,,,,False
2015-10-05,365.56956923756945,300.0497093486733,Indoor/Outdoor Games,Prophet,Indoor/Outdoor Games,396.0,,,,False
2015-10-05,6.543118924312405,1.052068146070713,Lacrosse,Prophet,Lacrosse,5.0,,,,False
2015-10-05,131.7587509855917,108.69033638547906,Men's Footwear,Prophet,Men's Footwear,150.0,,,,False
2015-10-05,185.14363845666472,144.08707917801692,Shop By Sport,Prophet,Shop By Sport,244.0,,,,False
2015-10-05,6.372086976266825,0.0,Tennis & Racquet,Prophet,Tennis & Racquet,9.0,,,,False
2015-10-05,25.06389581728927,14.387354493261546,Trade-In,Prophet,Trade-In,7.0,,,,False
2015-10-05,95.32764138627583,78.42678658656627,Water Sports,Prophet,Water Sports,122.0,,,,False
2015-10-05,400.5783750814591,326.65069404392364,Women's Apparel,Prophet,Women's Apparel,474.0,,,,False
2015-10-12,49.94514527706415,36.50562784209349,Accessories,Prophet,Accessories,58.0,,,,False
2015-10-12,13.106357649276344,4.699853197018028,Baseball & Softball,Prophet,Baseball & Softball,18.0,,,,False
2015-10-12,4.84340997237082,0.0,Boxing & MMA,Prophet,Boxing & MMA,9.0,,,,False
2015-10-12,86.45905800425996,73.77097142709489,Camping & Hiking,Prophet,Camping & Hiking,107.0,,,,False
2015-10-12,240.95367749113592,196.3764418259639,Cardio Equipment,Prophet,Cardio Equipment,299.0,,,,False
2015-10-12,446.9171421398214,379.66161312136455,Cleats,Prophet,Cleats,431.0,,,,False
2015-10-12,82.33355180014297,63.96662929197815,Electronics,Prophet,Electronics,59.0,,,,False
2015-10-12,104.28228148893335,85.42668414079708,Fishing,Prophet,Fishing,126.0,,,,False
2015-10-12,8.342700116674848,2.7521164153891178,Fitness Accessories,Prophet,Fitness Accessories,14.0,,,,False
2015-10-12,35.04170063247192,23.13223365383279,Girls' Apparel,Prophet,Girls' Apparel,32.0,,,,False
2015-10-12,7.428394939313733,2.3939998599932966,Golf Apparel,Prophet,Golf Apparel,10.0,,,,False
2015-10-12,40.27431162770328,26.7508010567101,Golf Balls,Prophet,Golf Balls,29.0,,,,False
2015-10-12,19.87957041834875,10.110624278312141,Golf Gloves,Prophet,Golf Gloves,27.0,,,,False
2015-10-12,8.421425977834417,0.08916353272188038,Golf Shoes,Prophet,Golf Shoes,15.0,,,,False
2015-10-12,16.671040822547404,8.564084372429779,Hockey,Prophet,Hockey,32.0,,,,False
2015-10-12,4.12478972403236,0.0,Hunting & Shooting,Prophet,Hunting & Shooting,3.0,,,,False
2015-10-12,390.28348859625726,331.69471345338764,Indoor/Outdoor Games,Prophet,Indoor/Outdoor Games,361.0,,,,False
2015-10-12,5.286878245442978,0.0,Lacrosse,Prophet,Lacrosse,9.0,,,,False
2015-10-12,138.9963785796629,114.89583870657579,Men's Footwear,Prophet,Men's Footwear,146.0,,,,False
2015-10-12,198.3736362826985,160.68247763969,Shop By Sport,Prophet,Shop By Sport,206.0,,,,False
2015-10-12,5.589109300380427,0.0,Tennis & Racquet,Prophet,Tennis & Racquet,5.0,,,,False
2015-10-12,25.149663474361414,13.961885727563981,Trade-In,Prophet,Trade-In,45.0,,,,False
2015-10-12,98.22032694743702,80.95769112648249,Water Sports,Prophet,Water Sports,95.0,,,,False
2015-10-12,408.6401120231674,338.93069646971463,Women's Apparel,Prophet,Women's Apparel,501.0,,,,False
2015-10-19,44.18011611930279,29.649441972259826,Accessories,Prophet,Accessories,35.0,,,,False
2015-10-19,3.16695200865382,0.0,Boxing & MMA,Prophet,Boxing & MMA,3.0,,,,False
2015-10-19,97.21201121116732,83.76289079546481,Camping & Hiking,Prophet,Camping & Hiking,91.0,,,,False
2015-10-19,263.10640011612617,216.176132131538,Cardio Equipment,Prophet,Cardio Equipment,277.0,,,,False
2015-10-19,494.77917993851355,433.2179135461551,Cleats,Prophet,Cleats,485.0,,,,False
2015-10-19,85.95208635171667,67.21431972219702,Electronics,Prophet,Electronics,77.0,,,,False
2015-10-19,116.4371490240462,98.0872486471851,Fishing,Prophet,Fishing,99.0,,,,False
2015-10-19,7.520575008733182,1.7270605089413666,Fitness Accessories,Prophet,Fitness Accessories,3.0,,,,False
2015-10-19,34.27431848184122,22.525087083461933,Girls' Apparel,Prophet,Girls' Apparel,38.0,,,,False
2015-10-19,5.157483533847605,0.41332193524971167,Golf Apparel,Prophet,Golf Apparel,5.0,,,,False
2015-10-19,38.11965772363045,23.725898599081127,Golf Balls,Prophet,Golf Balls,60.0,,,,False
2015-10-19,22.632433098839996,12.925501691024328,Golf Gloves,Prophet,Golf Gloves,12.0,,,,False
2015-10-19,6.305776872095734,0.0,Golf Shoes,Prophet,Golf Shoes,8.0,,,,False
2015-10-19,16.541657527475543,8.226160825776487,Hockey,Prophet,Hockey,7.0,,,,False
2015-10-19,5.732796241840212,0.0,Hunting & Shooting,Prophet,Hunting & Shooting,12.0,,,,False
2015-10-19,425.33975314174677,362.1779825332461,Indoor/Outdoor Games,Prophet,Indoor/Outdoor Games,447.0,,,,False
2015-10-19,4.4232265820493035,0.0,Lacrosse,Prophet,Lacrosse,6.0,,,,False
2015-10-19,153.99786461510396,130.68367923256505,Men's Footwear,Prophet,Men's Footwear,134.0,,,,False
2015-10-19,225.49084570942304,187.38976684758228,Shop By Sport,Prophet,Shop By Sport,204.0,,,,False
2015-10-19,5.259792428181903,0.0,Tennis & Racquet,Prophet,Tennis & Racquet,2.0,,,,False
2015-10-19,24.261866107691453,13.627079146370098,Trade-In,Prophet,Trade-In,16.0,,,,False
2015-10-19,105.49743124221871,88.10285384264441,Water Sports,Prophet,Water Sports,105.0,,,,False
2015-10-19,432.29919107290965,368.9181084192404,Women's Apparel,Prophet,Women's Apparel,427.0,,,,False
2015-10-26,42.28622900529045,29.755893412098313,Accessories,Prophet,Accessories,52.0,,,,False
2015-10-26,12.499333213221682,4.194449217843423,Baseball & Softball,Prophet,Baseball & Softball,17.0,,,,False
2015-10-26,4.478886630724924,0.0,Boxing & MMA,Prophet,Boxing & MMA,4.0,,,,False
2015-10-26,103.78366623781784,90.15907465362429,Camping & Hiking,Prophet,Camping & Hiking,95.0,,,,False
2015-10-26,275.56075175730683,231.07277644288217,Cardio Equipment,Prophet,Cardio Equipment,321.0,,,,False
2015-10-26,532.1378117035414,467.5096217739755,Cleats,Prophet,Cleats,481.0,,,,False
2015-10-26,89.11333667001955,70.33849716521401,Electronics,Prophet,Electronics,90.0,,,,False
2015-10-26,128.2510909689812,109.70483210616005,Fishing,Prophet,Fishing,137.0,,,,False
2015-10-26,8.778852492715753,2.7228419296568234,Fitness Accessories,Prophet,Fitness Accessories,11.0,,,,False
2015-10-26,30.192023782381252,19.301964073846246,Girls' Apparel,Prophet,Girls' Apparel,42.0,,,,False
2015-10-26,5.455910385543543,0.0,Golf Apparel,Prophet,Golf Apparel,5.0,,,,False
2015-10-26,35.804060575751265,23.04346473168873,Golf Balls,Prophet,Golf Balls,49.0,,,,False
2015-10-26,27.432639140829743,17.79700271544999,Golf Gloves,Prophet,Golf Gloves,28.0,,,,False
2015-10-26,3.69825282889793,0.0,Golf Shoes,Prophet,Golf Shoes,6.0,,,,False
2015-10-26,14.867298177675735,6.766737250147538,Hockey,Prophet,Hockey,16.0,,,,False
2015-10-26,8.47232850628208,2.509737799954165,Hunting & Shooting,Prophet,Hunting & Shooting,5.0,,,,False
2015-10-26,443.77884559814896,380.2888455491744,Indoor/Outdoor Games,Prophet,Indoor/Outdoor Games,403.0,,,,False
2015-10-26,4.198494515227136,0.0,Lacrosse,Prophet,Lacrosse,5.0,,,,False
2015-10-26,166.1136489560827,142.49353578368942,Men's Footwear,Prophet,Men's Footwear,165.0,,,,False
2015-10-26,246.8393754226018,207.2200324414981,Shop By Sport,Prophet,Shop By Sport,252.0,,,,False
2015-10-26,5.411077016566976,0.0,Tennis & Racquet,Prophet,Tennis & Racquet,9.0,,,,False
2015-10-26,23.263272438766414,12.94764864162902,Trade-In,Prophet,Trade-In,12.0,,,,False
2015-10-26,111.33856628395293,94.1592395417504,Water Sports,Prophet,Water Sports,107.0,,,,False
2015-10-26,444.0270931510629,378.3408955669473,Women's Apparel,Prophet,Women's Apparel,352.0,,,,False
2015-11-02,46.29791571049627,32.60756846003044,Accessories,Prophet,Accessories,60.0,,,,False
2015-11-02,13.910213266993724,4.7868692501671015,Baseball & Softball,Prophet,Baseball & Softball,15.0,,,,False
2015-11-02,7.755970578841332,0.0,Boxing & MMA,Prophet,Boxing & MMA,1.0,,,,False
2015-11-02,102.30564992875145,88.13231954394021,Camping & Hiking,Prophet,Camping & Hiking,117.0,,,,False
2015-11-02,273.3349725583759,227.96238948247304,Cardio Equipment,Prophet,Cardio Equipment,253.0,,,,False
2015-11-02,534.1768252710783,465.48584080024324,Cleats,Prophet,Cleats,523.0,,,,False
2015-11-02,90.21451667688702,72.2066306119136,Electronics,Prophet,Electronics,90.0,,,,False
2015-11-02,132.84805872095194,113.2909559589549,Fishing,Prophet,Fishing,140.0,,,,False
2015-11-02,9.950767200150302,4.066865731357296,Fitness Accessories,Prophet,Fitness Accessories,8.0,,,,False
2015-11-02,25.904282955408267,13.862413713085191,Girls' Apparel,Prophet,Girls' Apparel,13.0,,,,False
2015-11-02,7.962126660277564,2.9718661277685166,Golf Apparel,Prophet,Golf Apparel,7.0,,,,False
2015-11-02,34.264717981919596,20.499815140808813,Golf Balls,Prophet,Golf Balls,27.0,,,,False
2015-11-02,31.892884558086486,22.368046895406945,Golf Gloves,Prophet,Golf Gloves,46.0,,,,False
2015-11-02,2.4738726465905403,0.0,Golf Shoes,Prophet,Golf Shoes,10.0,,,,False
2015-11-02,13.851976352774502,5.3495927829020795,Hockey,Prophet,Hockey,16.0,,,,False
2015-11-02,10.573886099461673,4.204849664609153,Hunting & Shooting,Prophet,Hunting & Shooting,15.0,,,,False
2015-11-02,435.4166939842731,374.48541624859917,Indoor/Outdoor Games,Prophet,Indoor/Outdoor Games,410.0,,,,False
2015-11-02,4.540213024732777,0.0,Lacrosse,Prophet,Lacrosse,4.0,,,,False
2015-11-02,167.26065369263526,142.57022711344553,Men's Footwear,Prophet,Men's Footwear,169.0,,,,False
2015-11-02,249.98911891483644,211.08245987281157,Shop By Sport,Prophet,Shop By Sport,227.0,,,,False
2015-11-02,6.206884224385414,0.0,Tennis & Racquet,Prophet,Tennis & Racquet,7.0,,,,False
2015-11-02,22.82333045243747,12.249641129911069,Trade-In,Prophet,Trade-In,14.0,,,,False
2015-11-02,112.5341980620465,94.90772694531532,Water Sports,Prophet,Water Sports,109.0,,,,False
2015-11-02,430.28118025213763,359.06656864011603,Women's Apparel,Prophet,Women's Apparel,448.0,,,,False
2015-11-09,51.465953451678075,37.52226939329859,Accessories,Prophet,Accessories,49.0,,,,False
2015-11-09,14.759531571089681,6.47668990483891,Baseball & Softball,Prophet,Baseball & Softball,11.0,,,,False
2015-11-09,10.143127276734596,2.2889963710907004,Boxing & MMA,Prophet,Boxing & MMA,8.0,,,,False
2015-11-09,96.3883988668893,82.65441204923611,Camping & Hiking,Prophet,Camping & Hiking,87.0,,,,False
2015-11-09,267.33608003115904,221.31185403551513,Cardio Equipment,Prophet,Cardio Equipment,215.0,,,,False
2015-11-09,512.4140380365714,439.67937191011555,Cleats,Prophet,Cleats,513.0,,,,False
2015-11-09,88.58009038997328,71.54019762416493,Electronics,Prophet,Electronics,85.0,,,,False
2015-11-09,129.88904061104077,110.22563995592883,Fishing,Prophet,Fishing,121.0,,,,False
2015-11-09,8.827420719467574,3.016322194574977,Fitness Accessories,Prophet,Fitness Accessories,12.0,,,,False
2015-11-09,23.884399187707253,11.752996114504784,Girls' Apparel,Prophet,Girls' Apparel,30.0,,,,False
2015-11-09,10.268383800118356,4.887758028347337,Golf Apparel,Prophet,Golf Apparel,3.0,,,,False
2015-11-09,33.703415195038325,20.82429622005305,Golf Balls,Prophet,Golf Balls,32.0,,,,False
2015-11-09,32.69258470705618,23.16865178222678,Golf Gloves,Prophet,Golf Gloves,39.0,,,,False
2015-11-09,13.953000404022157,5.741505247971998,Hockey,Prophet,Hockey,15.0,,,,False
2015-11-09,10.977561571401422,4.7884167916537645,Hunting & Shooting,Prophet,Hunting & Shooting,12.0,,,,False
2015-11-09,413.2701000003898,352.6580013830487,Indoor/Outdoor Games,Prophet,Indoor/Outdoor Games,445.0,,,,False
2015-11-09,5.462061990999695,0.0,Lacrosse,Prophet,Lacrosse,1.0,,,,False
2015-11-09,158.5051339107311,135.4012293243351,Men's Footwear,Prophet,Men's Footwear,154.0,,,,False
2015-11-09,238.92850208946385,201.608773846103,Shop By Sport,Prophet,Shop By Sport,285.0,,,,False
2015-11-09,7.7186266180057315,1.2322740401979144,Tennis & Racquet,Prophet,Tennis & Racquet,8.0,,,,False
2015-11-09,23.191864232745903,12.381571101997881,Trade-In,Prophet,Trade-In,15.0,,,,False
2015-11-09,110.90518838392566,94.7890646242268,Water Sports,Prophet,Water Sports,101.0,,,,False
2015-11-09,406.0429356617693,341.963533767104,Women's Apparel,Prophet,Women's Apparel,427.0,,,,False
2015-11-16,51.672959707043404,38.101432650564306,Accessories,Prophet,Accessories,42.0,,,,False
2015-11-16,15.258687995307586,6.615078807435511,Baseball & Softball,Prophet,Baseball & Softball,16.0,,,,False
2015-11-16,10.170616461416543,2.4437290651198467,Boxing & MMA,Prophet,Boxing & MMA,12.0,,,,False
2015-11-16,92.4502786367126,78.8959823462788,Camping & Hiking,Prophet,Camping & Hiking,94.0,,,,False
2015-11-16,270.1847004822628,227.43679926535938,Cardio Equipment,Prophet,Cardio Equipment,284.0,,,,False
2015-11-16,501.06061208327446,433.72601597438495,Cleats,Prophet,Cleats,506.0,,,,False
2015-11-16,85.5884812877815,68.7927060879623,Electronics,Prophet,Electronics,103.0,,,,False
2015-11-16,124.75033782715043,104.4507616020844,Fishing,Prophet,Fishing,124.0,,,,False
2015-11-16,6.2351833702336625,0.6332000598440187,Fitness Accessories,Prophet,Fitness Accessories,4.0,,,,False
2015-11-16,24.764599274730386,13.089376269395759,Girls' Apparel,Prophet,Girls' Apparel,44.0,,,,False
2015-11-16,10.200008543530483,4.958713267925063,Golf Apparel,Prophet,Golf Apparel,18.0,,,,False
2015-11-16,34.62247179994358,20.79615514628734,Golf Balls,Prophet,Golf Balls,43.0,,,,False
2015-11-16,29.30564928114716,19.780049483754677,Golf Gloves,Prophet,Golf Gloves,19.0,,,,False
2015-11-16,4.899990682486997,0.0,Golf Shoes,Prophet,Golf Shoes,9.0,,,,False
2015-11-16,14.13688543632896,5.794859129915826,Hockey,Prophet,Hockey,15.0,,,,False
2015-11-16,9.957267680050744,3.7320012860130145,Hunting & Shooting,Prophet,Hunting & Shooting,13.0,,,,False
2015-11-16,398.0951201089702,333.58518242186994,Indoor/Outdoor Games,Prophet,Indoor/Outdoor Games,410.0,,,,False
2015-11-16,7.04381988465399,0.9761056547010261,Lacrosse,Prophet,Lacrosse,2.0,,,,False
2015-11-16,148.2571067002494,124.74594519363549,Men's Footwear,Prophet,Men's Footwear,160.0,,,,False
2015-11-16,227.96120871769034,188.70940119748906,Shop By Sport,Prophet,Shop By Sport,235.0,,,,False
2015-11-16,9.619836369149136,3.311694864581087,Tennis & Racquet,Prophet,Tennis & Racquet,9.0,,,,False
2015-11-16,24.51792207086763,12.496267858689336,Trade-In,Prophet,Trade-In,32.0,,,,False
2015-11-16,110.13006826899196,92.60329973078619,Water Sports,Prophet,Water Sports,116.0,,,,False
2015-11-16,397.3389313523031,328.1105656159552,Women's Apparel,Prophet,Women's Apparel,405.0,,,,False
2015-11-23,46.41836184868382,33.74981752160504,Accessories,Prophet,Accessories,56.0,,,,False
2015-11-23,16.43477980977747,8.055697052993693,Baseball & Softball,Prophet,Baseball & Softball,6.0,,,,False
2015-11-23,8.861216731688682,1.170157359247082,Boxing & MMA,Prophet,Boxing & MMA,3.0,,,,False
2015-11-23,92.71419250610062,79.4008982923347,Camping & Hiking,Prophet,Camping & Hiking,105.0,,,,False
2015-11-23,281.36482757802895,233.99336669810864,Cardio Equipment,Prophet,Cardio Equipment,287.0,,,,False
2015-11-23,519.0450087776933,450.6889269158781,Cleats,Prophet,Cleats,525.0,,,,False
2015-11-23,83.78661685812868,64.3222987153359,Electronics,Prophet,Electronics,75.0,,,,False
2015-11-23,122.49085186870963,103.219695950708,Fishing,Prophet,Fishing,115.0,,,,False
2015-11-23,5.212254250688439,0.0,Fitness Accessories,Prophet,Fitness Accessories,8.0,,,,False
2015-11-23,27.655400309732975,15.69050394804558,Girls' Apparel,Prophet,Girls' Apparel,19.0,,,,False
2015-11-23,7.883418686825101,2.789352634759119,Golf Apparel,Prophet,Golf Apparel,4.0,,,,False
2015-11-23,37.681303298207695,23.241191082941608,Golf Balls,Prophet,Golf Balls,38.0,,,,False
2015-11-23,25.1129115371701,15.322607346410672,Golf Gloves,Prophet,Golf Gloves,32.0,,,,False
2015-11-23,6.233185845144556,0.0,Golf Shoes,Prophet,Golf Shoes,4.0,,,,False
2015-11-23,13.961126890748012,5.6065978582564275,Hockey,Prophet,Hockey,6.0,,,,False
2015-11-23,8.512617293317536,2.258648971307803,Hunting & Shooting,Prophet,Hunting & Shooting,3.0,,,,False
2015-11-23,399.2415571171908,337.3238590248497,Indoor/Outdoor Games,Prophet,Indoor/Outdoor Games,415.0,,,,False
2015-11-23,8.924850487141178,2.5099277478864366,Lacrosse,Prophet,Lacrosse,3.0,,,,False
2015-11-23,144.36229518187173,122.04269983679404,Men's Footwear,Prophet,Men's Footwear,136.0,,,,False
2015-11-23,227.34883407943758,188.20263395994402,Shop By Sport,Prophet,Shop By Sport,228.0,,,,False
2015-11-23,11.21207639487793,4.930647389426081,Tennis & Racquet,Prophet,Tennis & Racquet,13.0,,,,False
2015-11-23,26.69040294490677,15.706049850597156,Trade-In,Prophet,Trade-In,38.0,,,,False
2015-11-23,111.22796311630586,93.83072226232339,Water Sports,Prophet,Water Sports,113.0,,,,False
2015-11-23,411.77373053242985,343.2103437486143,Women's Apparel,Prophet,Women's Apparel,367.0,,,,False
2015-11-30,41.288246379619665,26.552253987339625,Accessories,Prophet,Accessories,37.0,,,,False
2015-11-30,18.257051078190926,10.0067627249287,Baseball & Softball,Prophet,Baseball & Softball,13.0,,,,False
2015-11-30,7.778730218617984,0.10202427659971756,Boxing & MMA,Prophet,Boxing & MMA,14.0,,,,False
2015-11-30,93.63996193600047,80.88905960638981,Camping & Hiking,Prophet,Camping & Hiking,77.0,,,,False
2015-11-30,288.23076040766296,245.4123086338408,Cardio Equipment,Prophet,Cardio Equipment,239.0,,,,False
2015-11-30,548.5084055973729,486.85084083948624,Cleats,Prophet,Cleats,493.0,,,,False
2015-11-30,84.39021908650341,67.38469524635356,Electronics,Prophet,Electronics,134.0,,,,False
2015-11-30,123.11849519642415,104.41959056047257,Fishing,Prophet,Fishing,135.0,,,,False
2015-11-30,7.170510157972183,1.437654752124394,Fitness Accessories,Prophet,Fitness Accessories,5.0,,,,False
2015-11-30,30.86548590965505,20.217931724964437,Girls' Apparel,Prophet,Girls' Apparel,19.0,,,,False
2015-11-30,5.583626192125827,0.35185690849832507,Golf Apparel,Prophet,Golf Apparel,11.0,,,,False
2015-11-30,42.04178473191761,27.959149623575797,Golf Balls,Prophet,Golf Balls,44.0,,,,False
2015-11-30,24.033343974255065,14.89374952225657,Golf Gloves,Prophet,Golf Gloves,13.0,,,,False
2015-11-30,6.500235951631906,0.0,Golf Shoes,Prophet,Golf Shoes,12.0,,,,False
2015-11-30,14.346928455312609,6.264032455143361,Hockey,Prophet,Hockey,19.0,,,,False
2015-11-30,7.341934743257328,1.0478681589081027,Hunting & Shooting,Prophet,Hunting & Shooting,8.0,,,,False
2015-11-30,409.93873382500504,349.23420310095435,Indoor/Outdoor Games,Prophet,Indoor/Outdoor Games,342.0,,,,False
2015-11-30,10.0959348245777,4.292670802569775,Lacrosse,Prophet,Lacrosse,15.0,,,,False
2015-11-30,147.82125977356975,126.06841464662791,Men's Footwear,Prophet,Men's Footwear,163.0,,,,False
2015-11-30,234.48526910969125,193.48798090463652,Shop By Sport,Prophet,Shop By Sport,228.0,,,,False
2015-11-30,28.614043850859176,18.703747077938818,Trade-In,Prophet,Trade-In,26.0,,,,False
2015-11-30,111.81237563542513,95.61995043151293,Water Sports,Prophet,Water Sports,130.0,,,,False
2015-11-30,430.6780925998954,361.5734492639381,Women's Apparel,Prophet,Women's Apparel,441.0,,,,False
2015-12-07,41.47153860888335,28.206172620489994,Accessories,Prophet,Accessories,18.0,,,,False
2015-12-07,19.025129217824997,9.94478307242479,Baseball & Softball,Prophet,Baseball & Softball,30.0,,,,False
2015-12-07,6.957626389781936,0.0,Boxing & MMA,Prophet,Boxing & MMA,16.0,,,,False
2015-12-07,91.0989125413354,77.3023276109826,Camping & Hiking,Prophet,Camping & Hiking,96.0,,,,False
2015-12-07,280.8541235525281,239.017067088255,Cardio Equipment,Prophet,Cardio Equipment,293.0,,,,False
2015-12-07,553.7723996873491,486.33410889295453,Cleats,Prophet,Cleats,512.0,,,,False
2015-12-07,85.8147604253435,67.62489787187477,Electronics,Prophet,Electronics,69.0,,,,False
2015-12-07,122.86844994852403,104.16289515693788,Fishing,Prophet,Fishing,118.0,,,,False
2015-12-07,9.872735346316173,4.146111499805916,Fitness Accessories,Prophet,Fitness Accessories,8.0,,,,False
2015-12-07,32.57386376233022,21.257245360462807,Girls' Apparel,Prophet,Girls' Apparel,32.0,,,,False
2015-12-07,5.45643450790717,0.5139591109898535,Golf Apparel,Prophet,Golf Apparel,1.0,,,,False
2015-12-07,44.88356478968454,30.293018358186472,Golf Balls,Prophet,Golf Balls,42.0,,,,False
2015-12-07,26.201628053917165,16.487433354547143,Golf Gloves,Prophet,Golf Gloves,27.0,,,,False
2015-12-07,6.059951640516834,0.0,Golf Shoes,Prophet,Golf Shoes,14.0,,,,False
2015-12-07,16.031841440190654,7.733919245647505,Hockey,Prophet,Hockey,31.0,,,,False
2015-12-07,6.495406805541087,0.24763791093962562,Hunting & Shooting,Prophet,Hunting & Shooting,7.0,,,,False
2015-12-07,417.3526005701286,355.2363994802241,Indoor/Outdoor Games,Prophet,Indoor/Outdoor Games,380.0,,,,False
2015-12-07,9.610290936958076,3.7321752433564925,Lacrosse,Prophet,Lacrosse,2.0,,,,False
2015-12-07,153.40482854488693,128.8578545021585,Men's Footwear,Prophet,Men's Footwear,140.0,,,,False
2015-12-07,238.10334370735802,199.7950788202448,Shop By Sport,Prophet,Shop By Sport,197.0,,,,False
2015-12-07,11.404493306162136,4.995377532909274,Tennis & Racquet,Prophet,Tennis & Racquet,16.0,,,,False
2015-12-07,28.26643780958351,17.386232338573187,Trade-In,Prophet,Trade-In,29.0,,,,False
2015-12-07,109.3094081760323,93.29317686959872,Water Sports,Prophet,Water Sports,116.0,,,,False
2015-12-07,431.3966387316776,361.19702790727274,Women's Apparel,Prophet,Women's Apparel,371.0,,,,False
2015-12-14,45.9418814379906,32.87045426830232,Accessories,Prophet,Accessories,50.0,,,,False
2015-12-14,17.058375828099912,8.316390653200036,Baseball & Softball,Prophet,Baseball & Softball,14.0,,,,False
2015-12-14,5.445182261404662,0.0,Boxing & MMA,Prophet,Boxing & MMA,7.0,,,,False
2015-12-14,85.85752951202348,72.10034023369595,Camping & Hiking,Prophet,Camping & Hiking,84.0,,,,False
2015-12-14,263.4754565264167,217.32638025951815,Cardio Equipment,Prophet,Cardio Equipment,246.0,,,,False
2015-12-14,520.91306715294,452.0391022315624,Cleats,Prophet,Cleats,464.0,,,,False
2015-12-14,85.16790753465877,67.56475354382212,Electronics,Prophet,Electronics,90.0,,,,False
2015-12-14,119.44707855595315,99.56912745169684,Fishing,Prophet,Fishing,130.0,,,,False
2015-12-14,9.94444998945318,4.134885427214934,Fitness Accessories,Prophet,Fitness Accessories,10.0,,,,False
2015-12-14,31.698538418758947,20.355197082813213,Girls' Apparel,Prophet,Girls' Apparel,27.0,,,,False
2015-12-14,7.441392512330119,2.1145811613009062,Golf Apparel,Prophet,Golf Apparel,13.0,,,,False
2015-12-14,43.83328673396481,31.89437555842886,Golf Balls,Prophet,Golf Balls,57.0,,,,False
2015-12-14,27.75184231383079,17.853018891771256,Golf Gloves,Prophet,Golf Gloves,32.0,,,,False
2015-12-14,5.778270087245346,0.0,Golf Shoes,Prophet,Golf Shoes,1.0,,,,False
2015-12-14,17.99144355340805,9.252669561867558,Hockey,Prophet,Hockey,19.0,,,,False
2015-12-14,5.8813313485447685,0.0,Hunting & Shooting,Prophet,Hunting & Shooting,8.0,,,,False
2015-12-14,414.31506770021025,356.3537867705629,Indoor/Outdoor Games,Prophet,Indoor/Outdoor Games,462.0,,,,False
2015-12-14,7.665541353644673,2.174158314676211,Lacrosse,Prophet,Lacrosse,5.0,,,,False
2015-12-14,155.41085513401765,132.13710188141124,Men's Footwear,Prophet,Men's Footwear,151.0,,,,False
2015-12-14,230.52640285855108,194.97009341715216,Shop By Sport,Prophet,Shop By Sport,250.0,,,,False
2015-12-14,10.27634427513939,4.038482726868653,Tennis & Racquet,Prophet,Tennis & Racquet,12.0,,,,False
2015-12-14,24.439841007833337,13.586599576285506,Trade-In,Prophet,Trade-In,20.0,,,,False
2015-12-14,103.97619008659822,87.60307167183522,Water Sports,Prophet,Water Sports,104.0,,,,False
2015-12-14,413.62973847604883,350.4450413797835,Women's Apparel,Prophet,Women's Apparel,381.0,,,,False
2015-12-21,48.88614021007199,34.305714094847275,Accessories,Prophet,Accessories,54.0,,,,False
2015-12-21,12.905873240461458,4.362349218815131,Baseball & Softball,Prophet,Baseball & Softball,17.0,,,,False
2015-12-21,3.432785546284922,0.0,Boxing & MMA,Prophet,Boxing & MMA,1.0,,,,False
2015-12-21,82.89433311805453,70.0023642832703,Camping & Hiking,Prophet,Camping & Hiking,82.0,,,,False
2015-12-21,250.19899611661015,203.0818232786361,Cardio Equipment,Prophet,Cardio Equipment,251.0,,,,False
2015-12-21,475.12673963009433,409.9048078901281,Cleats,Prophet,Cleats,562.0,,,,False
2015-12-21,81.34428867096422,63.13891322934952,Electronics,Prophet,Electronics,99.0,,,,False
2015-12-21,115.03891067120686,96.08925245194888,Fishing,Prophet,Fishing,141.0,,,,False
2015-12-21,6.9885628110729705,1.232034857258755,Fitness Accessories,Prophet,Fitness Accessories,9.0,,,,False
2015-12-21,28.65033169533224,17.52941482696539,Girls' Apparel,Prophet,Girls' Apparel,37.0,,,,False
2015-12-21,9.389771113216451,4.309294669834189,Golf Apparel,Prophet,Golf Apparel,5.0,,,,False
2015-12-21,39.89743668046973,26.569603669606533,Golf Balls,Prophet,Golf Balls,41.0,,,,False
2015-12-21,25.195856575067175,15.015368751744841,Golf Gloves,Prophet,Golf Gloves,16.0,,,,False
2015-12-21,6.1687199615832355,0.0,Golf Shoes,Prophet,Golf Shoes,4.0,,,,False
2015-12-21,18.20619790991288,9.978802818502205,Hockey,Prophet,Hockey,8.0,,,,False
2015-12-21,402.85153677127124,338.0547670926838,Indoor/Outdoor Games,Prophet,Indoor/Outdoor Games,449.0,,,,False
2015-12-21,5.756518445834471,0.0,Lacrosse,Prophet,Lacrosse,12.0,,,,False
2015-12-21,152.5375742957848,130.39474313844948,Men's Footwear,Prophet,Men's Footwear,194.0,,,,False
2015-12-21,215.89582388230923,179.10890889019538,Shop By Sport,Prophet,Shop By Sport,242.0,,,,False
2015-12-21,9.12110694815479,3.228755633889072,Tennis & Racquet,Prophet,Tennis & Racquet,3.0,,,,False
2015-12-21,18.76196911754992,7.274113398546751,Trade-In,Prophet,Trade-In,26.0,,,,False
2015-12-21,98.56374227799775,82.9265452046774,Water Sports,Prophet,Water Sports,108.0,,,,False
2015-12-21,399.6221399679853,334.9077089285487,Women's Apparel,Prophet,Women's Apparel,495.0,,,,False
2015-12-28,46.343863240891906,32.71806942619022,Accessories,Prophet,Accessories,49.0,,,,False
2015-12-28,9.428300901798508,0.5738287665001255,Baseball & Softball,Prophet,Baseball & Softball,6.0,,,,False
2015-12-28,2.7569922026260736,0.0,Boxing & MMA,Prophet,Boxing & MMA,2.0,,,,False
2015-12-28,85.56173662484059,71.9771334215909,Camping & Hiking,Prophet,Camping & Hiking,108.0,,,,False
2015-12-28,250.6204033574348,208.3898060272072,Cardio Equipment,Prophet,Cardio Equipment,278.0,,,,False
2015-12-28,456.60569364505204,394.0554478001728,Cleats,Prophet,Cleats,451.0,,,,False
2015-12-28,76.3207570638028,59.147935360563466,Electronics,Prophet,Electronics,97.0,,,,False
2015-12-28,113.79783516673454,94.79383382097748,Fishing,Prophet,Fishing,110.0,,,,False
2015-12-28,4.235808953731761,0.0,Fitness Accessories,Prophet,Fitness Accessories,4.0,,,,False
2015-12-28,25.057243600369812,13.957312991876346,Girls' Apparel,Prophet,Girls' Apparel,25.0,,,,False
2015-12-28,9.255107105141587,3.8926431973134967,Golf Apparel,Prophet,Golf Apparel,2.0,,,,False
2015-12-28,36.91144357380199,23.069984268464577,Golf Balls,Prophet,Golf Balls,35.0,,,,False
2015-12-28,19.462595989928694,10.112284853611275,Golf Gloves,Prophet,Golf Gloves,7.0,,,,False
2015-12-28,6.960610444418693,0.0,Golf Shoes,Prophet,Golf Shoes,9.0,,,,False
2015-12-28,16.017715483521478,7.728133434417025,Hockey,Prophet,Hockey,17.0,,,,False
2015-12-28,6.70497260246057,0.6308492690435238,Hunting & Shooting,Prophet,Hunting & Shooting,9.0,,,,False
2015-12-28,390.7238162613786,331.17551979304284,Indoor/Outdoor Games,Prophet,Indoor/Outdoor Games,426.0,,,,False
2015-12-28,147.882321389542,124.25244640945715,Men's Footwear,Prophet,Men's Footwear,161.0,,,,False
2015-12-28,206.58433642413866,166.73821835559835,Shop By Sport,Prophet,Shop By Sport,245.0,,,,False
2015-12-28,8.499325593983992,2.334279751895372,Tennis & Racquet,Prophet,Tennis & Racquet,12.0,,,,False
2015-12-28,15.32789549176458,4.564183661421975,Trade-In,Prophet,Trade-In,13.0,,,,False
2015-12-28,95.72546622668321,80.03928109915908,Water Sports,Prophet,Water Sports,102.0,,,,False
2015-12-28,408.5693488975803,340.1300562288835,Women's Apparel,Prophet,Women's Apparel,479.0,,,,False
2016-01-04,40.25560004921339,26.467452109803567,Accessories,Prophet,Accessories,52.0,,,,False
2016-01-04,9.327737099870063,0.34314183541695614,Baseball & Softball,Prophet,Baseball & Softball,8.0,,,,False
2016-01-04,91.63308313352279,78.44311052637443,Camping & Hiking,Prophet,Camping & Hiking,82.0,,,,False
2016-01-04,261.27946551001827,217.11293893228066,Cardio Equipment,Prophet,Cardio Equipment,271.0,,,,False
2016-01-04,480.15006733182645,411.1434366203567,Cleats,Prophet,Cleats,482.0,,,,False
2016-01-04,73.13811321728339,55.05018807621863,Electronics,Prophet,Electronics,62.0,,,,False
2016-01-04,116.9738036150136,98.31750763740828,Fishing,Prophet,Fishing,124.0,,,,False
2016-01-04,4.8078434639807845,0.0,Fitness Accessories,Prophet,Fitness Accessories,2.0,,,,False
2016-01-04,22.413160966555413,9.775515827800714,Girls' Apparel,Prophet,Girls' Apparel,19.0,,,,False
2016-01-04,7.089140766558502,1.9104284582400153,Golf Apparel,Prophet,Golf Apparel,7.0,,,,False
2016-01-04,37.42858744205586,24.74026406807698,Golf Balls,Prophet,Golf Balls,37.0,,,,False
2016-01-04,14.947743621097858,5.127969984790847,Golf Gloves,Prophet,Golf Gloves,21.0,,,,False
2016-01-04,7.478081916203961,0.0,Golf Shoes,Prophet,Golf Shoes,2.0,,,,False
2016-01-04,13.13595166752749,4.60552704648457,Hockey,Prophet,Hockey,15.0,,,,False
2016-01-04,8.529722648332589,2.525276928408091,Hunting & Shooting,Prophet,Hunting & Shooting,3.0,,,,False
2016-01-04,386.63158058373926,327.7134300539887,Indoor/Outdoor Games,Prophet,Indoor/Outdoor Games,382.0,,,,False
2016-01-04,145.2757856576841,121.71107877135611,Men's Footwear,Prophet,Men's Footwear,146.0,,,,False
2016-01-04,211.31148112850283,174.64554660863038,Shop By Sport,Prophet,Shop By Sport,242.0,,,,False
2016-01-04,8.731611003747988,2.556537184616991,Tennis & Racquet,Prophet,Tennis & Racquet,10.0,,,,False
2016-01-04,17.319934170326277,6.678104043873458,Trade-In,Prophet,Trade-In,8.0,,,,False
2016-01-04,96.2970917860116,79.24530710338483,Water Sports,Prophet,Water Sports,91.0,,,,False
2016-01-04,434.9595831075188,364.686526471347,Women's Apparel,Prophet,Women's Apparel,469.0,,,,False
2016-01-11,35.743114369232174,22.300672829916866,Accessories,Prophet,Accessories,40.0,,,,False
2016-01-11,12.568262274932124,3.93385775851066,Baseball & Softball,Prophet,Baseball & Softball,7.0,,,,False
2016-01-11,8.262600020025411,0.4731002605381706,Boxing & MMA,Prophet,Boxing & MMA,7.0,,,,False
2016-01-11,95.82246217422608,82.55788061930677,Camping & Hiking,Prophet,Camping & Hiking,101.0,,,,False
2016-01-11,270.88025349908014,227.4405772531736,Cardio Equipment,Prophet,Cardio Equipment,285.0,,,,False
2016-01-11,520.8969872306578,458.1196451993048,Cleats,Prophet,Cleats,446.0,,,,False
2016-01-11,72.85209803578388,55.62672558535198,Electronics,Prophet,Electronics,72.0,,,,False
2016-01-11,121.38235880109494,103.11842930946098,Fishing,Prophet,Fishing,134.0,,,,False
2016-01-11,8.034592346757936,2.382110993550523,Fitness Accessories,Prophet,Fitness Accessories,12.0,,,,False
2016-01-11,21.07512230022442,10.326854024564021,Girls' Apparel,Prophet,Girls' Apparel,17.0,,,,False
2016-01-11,4.855181045882166,0.0,Golf Apparel,Prophet,Golf Apparel,1.0,,,,False
2016-01-11,39.77833721136848,26.890815178084992,Golf Balls,Prophet,Golf Balls,46.0,,,,False
2016-01-11,14.712501219676325,4.910654913343649,Golf Gloves,Prophet,Golf Gloves,14.0,,,,False
2016-01-11,7.466170164938724,0.0,Golf Shoes,Prophet,Golf Shoes,5.0,,,,False
2016-01-11,11.951111734164634,3.6216226459563554,Hockey,Prophet,Hockey,21.0,,,,False
2016-01-11,10.344505828072364,3.8548650544939966,Hunting & Shooting,Prophet,Hunting & Shooting,14.0,,,,False
2016-01-11,395.9683548294666,331.9004548530904,Indoor/Outdoor Games,Prophet,Indoor/Outdoor Games,425.0,,,,False
2016-01-11,8.072963365648052,2.6151138318573026,Lacrosse,Prophet,Lacrosse,2.0,,,,False
2016-01-11,146.02241100637625,122.74412155751843,Men's Footwear,Prophet,Men's Footwear,148.0,,,,False
2016-01-11,226.38945120762048,188.02402563742024,Shop By Sport,Prophet,Shop By Sport,185.0,,,,False
2016-01-11,9.80989979899122,3.1314182450407366,Tennis & Racquet,Prophet,Tennis & Racquet,1.0,,,,False
2016-01-11,23.58832643154446,13.143693830119664,Trade-In,Prophet,Trade-In,12.0,,,,False
2016-01-11,99.59345217002536,81.71062592691376,Water Sports,Prophet,Water Sports,107.0,,,,False
2016-01-11,455.1287056804976,385.2633696532992,Women's Apparel,Prophet,Women's Apparel,449.0,,,,False
2016-01-18,35.507858254933765,21.69660990438508,Accessories,Prophet,Accessories,30.0,,,,False
2016-01-18,16.381998189971085,7.5859018712163735,Baseball & Softball,Prophet,Baseball & Softball,19.0,,,,False
2016-01-18,10.294057683165136,2.618792801763797,Boxing & MMA,Prophet,Boxing & MMA,9.0,,,,False
2016-01-18,95.62693325940334,81.845076729573,Camping & Hiking,Prophet,Camping & Hiking,95.0,,,,False
2016-01-18,271.94193459269064,225.6853085367616,Cardio Equipment,Prophet,Cardio Equipment,249.0,,,,False
2016-01-18,540.3960939971673,474.3741957840475,Cleats,Prophet,Cleats,589.0,,,,False
2016-01-18,73.91366613002512,58.01093767900072,Electronics,Prophet,Electronics,74.0,,,,False
2016-01-18,122.88762690345229,104.12165800655691,Fishing,Prophet,Fishing,126.0,,,,False
2016-01-18,10.231205173206297,4.726527423034594,Fitness Accessories,Prophet,Fitness Accessories,5.0,,,,False
2016-01-18,20.829130184326868,9.512620919128823,Girls' Apparel,Prophet,Girls' Apparel,20.0,,,,False
2016-01-18,4.386013634415515,0.0,Golf Apparel,Prophet,Golf Apparel,9.0,,,,False
2016-01-18,40.16288154559086,26.759315529346004,Golf Balls,Prophet,Golf Balls,42.0,,,,False
2016-01-18,17.39763593533624,8.748179234306704,Golf Gloves,Prophet,Golf Gloves,18.0,,,,False
2016-01-18,7.46567521162933,0.0,Golf Shoes,Prophet,Golf Shoes,11.0,,,,False
2016-01-18,13.092964117646005,4.508447090382046,Hockey,Prophet,Hockey,19.0,,,,False
2016-01-18,11.040249302670677,4.940810459858755,Hunting & Shooting,Prophet,Hunting & Shooting,7.0,,,,False
2016-01-18,416.6867592411613,350.5610104947081,Indoor/Outdoor Games,Prophet,Indoor/Outdoor Games,393.0,,,,False
2016-01-18,8.179179992803451,2.4028820649195266,Lacrosse,Prophet,Lacrosse,3.0,,,,False
2016-01-18,148.66394076640535,125.78486900684324,Men's Footwear,Prophet,Men's Footwear,164.0,,,,False
2016-01-18,238.6997068331366,201.6376329197461,Shop By Sport,Prophet,Shop By Sport,194.0,,,,False
2016-01-18,11.274447386499077,4.937050798754063,Tennis & Racquet,Prophet,Tennis & Racquet,6.0,,,,False
2016-01-18,29.0286702982197,18.92369780584362,Trade-In,Prophet,Trade-In,34.0,,,,False
2016-01-18,104.28716068541256,86.99448792831882,Water Sports,Prophet,Water Sports,88.0,,,,False
2016-01-18,453.5629177111684,381.971094303229,Women's Apparel,Prophet,Women's Apparel,481.0,,,,False
2016-01-25,37.91479505696906,23.843197788739435,Accessories,Prophet,Accessories,46.0,,,,False
2016-01-25,17.86352459739575,8.594543878269077,Baseball & Softball,Prophet,Baseball & Softball,9.0,,,,False
2016-01-25,9.25032715573676,1.4871008298897288,Boxing & MMA,Prophet,Boxing & MMA,12.0,,,,False
2016-01-25,93.62893428463882,79.66650994620167,Camping & Hiking,Prophet,Camping & Hiking,91.0,,,,False
2016-01-25,266.3431874614701,223.21031316126945,Cardio Equipment,Prophet,Cardio Equipment,267.0,,,,False
2016-01-25,524.9905968992596,455.9279209470331,Cleats,Prophet,Cleats,478.0,,,,False
2016-01-25,74.50237621017592,57.58087054450359,Electronics,Prophet,Electronics,73.0,,,,False
2016-01-25,120.8039895238513,101.1672394767582,Fishing,Prophet,Fishing,119.0,,,,False
2016-01-25,8.951194409092354,3.0189680588312315,Fitness Accessories,Prophet,Fitness Accessories,8.0,,,,False
2016-01-25,22.162284392676884,9.950755940370874,Girls' Apparel,Prophet,Girls' Apparel,24.0,,,,False
2016-01-25,5.6863471984234515,0.6350287341194383,Golf Apparel,Prophet,Golf Apparel,3.0,,,,False
2016-01-25,37.514123568592396,24.80286490042289,Golf Balls,Prophet,Golf Balls,37.0,,,,False
2016-01-25,19.24383414702337,9.09798624990357,Golf Gloves,Prophet,Golf Gloves,15.0,,,,False
2016-01-25,15.011707636718842,6.621396042087878,Hockey,Prophet,Hockey,17.0,,,,False
2016-01-25,10.354385205732404,3.799554381299106,Hunting & Shooting,Prophet,Hunting & Shooting,5.0,,,,False
2016-01-25,438.0631021564673,377.0676867583292,Indoor/Outdoor Games,Prophet,Indoor/Outdoor Games,458.0,,,,False
2016-01-25,7.27962627178844,1.3851588262074075,Lacrosse,Prophet,Lacrosse,13.0,,,,False
2016-01-25,151.01398751555894,127.27034069480773,Men's Footwear,Prophet,Men's Footwear,155.0,,,,False
2016-01-25,237.83797031920005,197.33304151693542,Shop By Sport,Prophet,Shop By Sport,230.0,,,,False
2016-01-25,12.281571847867752,6.258732686388735,Tennis & Racquet,Prophet,Tennis & Racquet,4.0,,,,False
2016-01-25,29.03513560621279,17.77684321655274,Trade-In,Prophet,Trade-In,35.0,,,,False
2016-01-25,108.62405397885541,91.69680447686004,Water Sports,Prophet,Water Sports,124.0,,,,False
2016-01-25,438.8155408776155,371.42444721571474,Women's Apparel,Prophet,Women's Apparel,468.0,,,,False
2016-02-01,40.068016585353085,26.12668220309461,Accessories,Prophet,Accessories,26.0,,,,False
2016-02-01,16.487663381598203,7.922050959785084,Baseball & Softball,Prophet,Baseball & Softball,6.0,,,,False
2016-02-01,6.53002720120362,0.0,Boxing & MMA,Prophet,Boxing & MMA,2.0,,,,False
2016-02-01,93.88698882986328,79.79986230454658,Camping & Hiking,Prophet,Camping & Hiking,106.0,,,,False
2016-02-01,260.9157753582982,215.5919610433917,Cardio Equipment,Prophet,Cardio Equipment,248.0,,,,False
2016-02-01,497.11964738357597,430.5835400979984,Cleats,Prophet,Cleats,517.0,,,,False
2016-02-01,74.81707993633593,56.74681151585175,Electronics,Prophet,Electronics,58.0,,,,False
2016-02-01,118.25271469722973,97.95694040771986,Fishing,Prophet,Fishing,119.0,,,,False
2016-02-01,5.622402772621623,0.0,Fitness Accessories,Prophet,Fitness Accessories,2.0,,,,False
2016-02-01,26.135967447125275,14.60381524220151,Girls' Apparel,Prophet,Girls' Apparel,26.0,,,,False
2016-02-01,7.24300369737438,2.5349719018261716,Golf Apparel,Prophet,Golf Apparel,7.0,,,,False
2016-02-01,35.0185603565119,20.134034341740257,Golf Balls,Prophet,Golf Balls,43.0,,,,False
2016-02-01,18.556222446085588,9.33438028878091,Golf Gloves,Prophet,Golf Gloves,13.0,,,,False
2016-02-01,9.498740318800845,1.4647673817748437,Golf Shoes,Prophet,Golf Shoes,12.0,,,,False
2016-02-01,15.828045357251819,7.841973663666432,Hockey,Prophet,Hockey,5.0,,,,False
2016-02-01,9.177552231934701,2.9040572443750143,Hunting & Shooting,Prophet,Hunting & Shooting,8.0,,,,False
2016-02-01,446.62929866688404,384.77914553581803,Indoor/Outdoor Games,Prophet,Indoor/Outdoor Games,439.0,,,,False
2016-02-01,7.070354730250165,1.1529149721055931,Lacrosse,Prophet,Lacrosse,3.0,,,,False
2016-02-01,152.02879890085453,127.01111833743302,Men's Footwear,Prophet,Men's Footwear,153.0,,,,False
2016-02-01,225.81468659579386,188.9671862584364,Shop By Sport,Prophet,Shop By Sport,210.0,,,,False
2016-02-01,23.83795237333288,12.534345598492731,Trade-In,Prophet,Trade-In,26.0,,,,False
2016-02-01,110.64702549371407,94.29277484054836,Water Sports,Prophet,Water Sports,100.0,,,,False
2016-02-01,432.198628360476,367.5309982015247,Women's Apparel,Prophet,Women's Apparel,375.0,,,,False
2016-02-08,41.19433912356589,27.213689663802306,Accessories,Prophet,Accessories,52.0,,,,False
2016-02-08,14.124114642108646,5.3677434923191845,Baseball & Softball,Prophet,Baseball & Softball,18.0,,,,False
2016-02-08,4.8990525626919235,0.0,Boxing & MMA,Prophet,Boxing & MMA,15.0,,,,False
2016-02-08,97.0382239029697,82.44432487797872,Camping & Hiking,Prophet,Camping & Hiking,74.0,,,,False
2016-02-08,259.9427701052778,213.87417681390806,Cardio Equipment,Prophet,Cardio Equipment,202.0,,,,False
2016-02-08,489.95884499556684,425.0599564085373,Cleats,Prophet,Cleats,451.0,,,,False
2016-02-08,76.51736940611431,58.61074362211252,Electronics,Prophet,Electronics,64.0,,,,False
2016-02-08,118.30624928752908,99.64168409731235,Fishing,Prophet,Fishing,114.0,,,,False
2016-02-08,3.600085753257633,0.0,Fitness Accessories,Prophet,Fitness Accessories,5.0,,,,False
2016-02-08,32.45831786607017,21.059297520165327,Girls' Apparel,Prophet,Girls' Apparel,36.0,,,,False
2016-02-08,7.758020736027388,2.6283220267638274,Golf Apparel,Prophet,Golf Apparel,4.0,,,,False
2016-02-08,36.053680512943494,22.747530770834416,Golf Balls,Prophet,Golf Balls,58.0,,,,False
2016-02-08,17.309363584919502,8.003042960084949,Golf Gloves,Prophet,Golf Gloves,31.0,,,,False
2016-02-08,10.177767732564455,1.9848923501099696,Golf Shoes,Prophet,Golf Shoes,5.0,,,,False
2016-02-08,15.118250330933307,6.611609626018312,Hockey,Prophet,Hockey,14.0,,,,False
2016-02-08,8.71791642729583,2.6633745092559655,Hunting & Shooting,Prophet,Hunting & Shooting,1.0,,,,False
2016-02-08,436.97115671457715,374.7078029353594,Indoor/Outdoor Games,Prophet,Indoor/Outdoor Games,466.0,,,,False
2016-02-08,8.6934208267751,3.1423632549034846,Lacrosse,Prophet,Lacrosse,10.0,,,,False
2016-02-08,152.01448147539196,127.93238283223496,Men's Footwear,Prophet,Men's Footwear,151.0,,,,False
2016-02-08,214.7897362105883,176.47812901761205,Shop By Sport,Prophet,Shop By Sport,204.0,,,,False
2016-02-08,10.820586961935353,4.707110159809976,Tennis & Racquet,Prophet,Tennis & Racquet,7.0,,,,False
2016-02-08,18.256055874493445,7.1475394954582905,Trade-In,Prophet,Trade-In,21.0,,,,False
2016-02-08,109.39064368220036,93.97882287503312,Water Sports,Prophet,Water Sports,101.0,,,,False
2016-02-08,443.5835712806976,380.088504359224,Women's Apparel,Prophet,Women's Apparel,486.0,,,,False
2016-02-15,42.26990948752458,28.504343367501985,Accessories,Prophet,Accessories,36.0,,,,False
2016-02-15,12.871134491077129,3.8524051540572457,Baseball & Softball,Prophet,Baseball & Softball,22.0,,,,False
2016-02-15,5.527577829044015,0.0,Boxing & MMA,Prophet,Boxing & MMA,6.0,,,,False
2016-02-15,99.87854992890686,86.62777798122944,Camping & Hiking,Prophet,Camping & Hiking,94.0,,,,False
2016-02-15,262.442760927968,220.93348560636758,Cardio Equipment,Prophet,Cardio Equipment,261.0,,,,False
2016-02-15,513.393212006764,448.62228875105177,Cleats,Prophet,Cleats,530.0,,,,False
2016-02-15,80.12981036837002,62.1568588349542,Electronics,Prophet,Electronics,98.0,,,,False
2016-02-15,120.50561311335889,101.5512288711754,Fishing,Prophet,Fishing,139.0,,,,False
2016-02-15,4.253702451050487,0.0,Fitness Accessories,Prophet,Fitness Accessories,2.0,,,,False
2016-02-15,38.17920040007675,26.0670868632735,Girls' Apparel,Prophet,Girls' Apparel,45.0,,,,False
2016-02-15,7.2979554433270195,2.587812730050801,Golf Apparel,Prophet,Golf Apparel,10.0,,,,False
2016-02-15,39.43791713101276,25.666259673331496,Golf Balls,Prophet,Golf Balls,23.0,,,,False
2016-02-15,18.31652543049427,8.61793709051263,Golf Gloves,Prophet,Golf Gloves,9.0,,,,False
2016-02-15,9.141677414308882,1.4826509987863152,Golf Shoes,Prophet,Golf Shoes,13.0,,,,False
2016-02-15,13.767482730060177,5.692795371936852,Hockey,Prophet,Hockey,10.0,,,,False
2016-02-15,9.295692231017993,3.033256572130673,Hunting & Shooting,Prophet,Hunting & Shooting,19.0,,,,False
2016-02-15,417.1867150412799,356.7632926386869,Indoor/Outdoor Games,Prophet,Indoor/Outdoor Games,430.0,,,,False
2016-02-15,151.63155153562624,128.64947493179287,Men's Footwear,Prophet,Men's Footwear,163.0,,,,False
2016-02-15,215.0445751647694,176.29220878733713,Shop By Sport,Prophet,Shop By Sport,205.0,,,,False
2016-02-15,9.380442890004808,3.3484161904270655,Tennis & Racquet,Prophet,Tennis & Racquet,11.0,,,,False
2016-02-15,17.029530225718055,5.984095649989758,Trade-In,Prophet,Trade-In,18.0,,,,False
2016-02-15,106.12416819185678,89.60215885839663,Water Sports,Prophet,Water Sports,114.0,,,,False
2016-02-15,461.6188764249311,390.72854797105754,Women's Apparel,Prophet,Women's Apparel,409.0,,,,False
2016-02-22,43.41718622963238,29.409529218878077,Accessories,Prophet,Accessories,59.0,,,,False
2016-02-22,13.184208668746527,4.059727476244429,Baseball & Softball,Prophet,Baseball & Softball,22.0,,,,False
2016-02-22,7.141245117659974,0.0,Boxing & MMA,Prophet,Boxing & MMA,7.0,,,,False
2016-02-22,99.50873471166071,85.37137701602688,Camping & Hiking,Prophet,Camping & Hiking,94.0,,,,False
2016-02-22,264.9166519312489,220.05009839153072,Cardio Equipment,Prophet,Cardio Equipment,253.0,,,,False
2016-02-22,545.7122090712147,478.5320687049873,Cleats,Prophet,Cleats,472.0,,,,False
2016-02-22,83.75264874609125,66.80412422827807,Electronics,Prophet,Electronics,84.0,,,,False
2016-02-22,121.66072126421224,102.42223204376903,Fishing,Prophet,Fishing,137.0,,,,False
2016-02-22,5.836463341192604,0.0,Fitness Accessories,Prophet,Fitness Accessories,7.0,,,,False
2016-02-22,39.46322761557633,26.759920683057818,Girls' Apparel,Prophet,Girls' Apparel,38.0,,,,False
2016-02-22,6.755014294910682,1.8113266238606032,Golf Apparel,Prophet,Golf Apparel,4.0,,,,False
2016-02-22,40.263130969786154,27.182471959599358,Golf Balls,Prophet,Golf Balls,46.0,,,,False
2016-02-22,21.701144549752886,12.263804801101065,Golf Gloves,Prophet,Golf Gloves,14.0,,,,False
2016-02-22,6.822494747469163,0.0,Golf Shoes,Prophet,Golf Shoes,2.0,,,,False
2016-02-22,12.59338060105101,4.609641804369536,Hockey,Prophet,Hockey,5.0,,,,False
2016-02-22,9.990682601950395,3.6672883499943496,Hunting & Shooting,Prophet,Hunting & Shooting,7.0,,,,False
2016-02-22,401.741617192879,339.1814048953641,Indoor/Outdoor Games,Prophet,Indoor/Outdoor Games,398.0,,,,False
2016-02-22,12.492467183849424,6.849048038029695,Lacrosse,Prophet,Lacrosse,13.0,,,,False
2016-02-22,151.10226192731216,127.60931296448716,Men's Footwear,Prophet,Men's Footwear,143.0,,,,False
2016-02-22,225.26387267011708,185.1221472479685,Shop By Sport,Prophet,Shop By Sport,224.0,,,,False
2016-02-22,8.856050869315066,2.221135830784674,Tennis & Racquet,Prophet,Tennis & Racquet,9.0,,,,False
2016-02-22,20.53391178054427,9.392033683875985,Trade-In,Prophet,Trade-In,25.0,,,,False
2016-02-22,103.70514028147072,86.22835352106105,Water Sports,Prophet,Water Sports,96.0,,,,False
2016-02-22,467.54990010409034,400.62940164754883,Women's Apparel,Prophet,Women's Apparel,392.0,,,,False
2016-02-29,43.37350978542569,30.165151291310725,Accessories,Prophet,Accessories,40.0,,,,False
2016-02-29,14.12253485470946,5.601597866961905,Baseball & Softball,Prophet,Baseball & Softball,9.0,,,,False
2016-02-29,7.9540318971901165,0.44588400416372564,Boxing & MMA,Prophet,Boxing & MMA,1.0,,,,False
2016-02-29,96.79019001164636,81.49721420081568,Camping & Hiking,Prophet,Camping & Hiking,98.0,,,,False
2016-02-29,264.84873136807505,219.9933776314395,Cardio Equipment,Prophet,Cardio Equipment,287.0,,,,False
2016-02-29,556.9011674280999,490.8639351469848,Cleats,Prophet,Cleats,565.0,,,,False
2016-02-29,84.69947210102029,66.13006956234881,Electronics,Prophet,Electronics,84.0,,,,False
2016-02-29,119.78733204215564,100.78441824941864,Fishing,Prophet,Fishing,109.0,,,,False
2016-02-29,6.1613948015187745,0.3904912756806468,Fitness Accessories,Prophet,Fitness Accessories,2.0,,,,False
2016-02-29,35.3537513909368,23.050900499782205,Girls' Apparel,Prophet,Girls' Apparel,38.0,,,,False
2016-02-29,6.55214758641964,1.6039556355753533,Golf Apparel,Prophet,Golf Apparel,6.0,,,,False
2016-02-29,35.85445801706604,22.949328539270798,Golf Balls,Prophet,Golf Balls,22.0,,,,False
2016-02-29,24.881597765500512,14.793554149288788,Golf Gloves,Prophet,Golf Gloves,27.0,,,,False
2016-02-29,5.0801896162673605,0.0,Golf Shoes,Prophet,Golf Shoes,12.0,,,,False
2016-02-29,11.674759775730356,3.580901804577919,Hockey,Prophet,Hockey,5.0,,,,False
2016-02-29,9.573635991138485,2.9072015831312754,Hunting & Shooting,Prophet,Hunting & Shooting,8.0,,,,False
2016-02-29,397.92454952193754,337.35528334944115,Indoor/Outdoor Games,Prophet,Indoor/Outdoor Games,394.0,,,,False
2016-02-29,11.253232730609234,5.920501666078722,Lacrosse,Prophet,Lacrosse,3.0,,,,False
2016-02-29,150.43678803276845,126.68499934420794,Men's Footwear,Prophet,Men's Footwear,153.0,,,,False
2016-02-29,234.87466073356933,193.9484856620282,Shop By Sport,Prophet,Shop By Sport,262.0,,,,False
2016-02-29,9.394640471729724,2.961432933377822,Tennis & Racquet,Prophet,Tennis & Racquet,5.0,,,,False
2016-02-29,25.163816434051146,14.091501702711172,Trade-In,Prophet,Trade-In,36.0,,,,False
2016-02-29,104.0409080138182,87.48992640403355,Water Sports,Prophet,Water Sports,94.0,,,,False
2016-02-29,455.48476073403657,386.5799623964609,Women's Apparel,Prophet,Women's Apparel,462.0,,,,False
2016-03-07,41.83667405340669,27.103882482782424,Accessories,Prophet,Accessories,31.0,,,,False
2016-03-07,14.963050764218988,6.725746974793127,Baseball & Softball,Prophet,Baseball & Softball,14.0,,,,False
2016-03-07,7.705635561257162,0.0,Boxing & MMA,Prophet,Boxing & MMA,9.0,,,,False
2016-03-07,95.11373190016887,81.0313343192194,Camping & Hiking,Prophet,Camping & Hiking,87.0,,,,False
2016-03-07,261.8142291487606,214.6276050907308,Cardio Equipment,Prophet,Cardio Equipment,205.0,,,,False
2016-03-07,537.9325553648729,477.26935577837514,Cleats,Prophet,Cleats,523.0,,,,False
2016-03-07,82.03846391811817,65.03952698680192,Electronics,Prophet,Electronics,72.0,,,,False
2016-03-07,116.54550170949433,97.58809946358433,Fishing,Prophet,Fishing,124.0,,,,False
2016-03-07,5.407759944892214,0.0,Fitness Accessories,Prophet,Fitness Accessories,1.0,,,,False
2016-03-07,29.4025534747155,16.72375715322782,Girls' Apparel,Prophet,Girls' Apparel,47.0,,,,False
2016-03-07,6.27774052851321,1.1513201740728691,Golf Apparel,Prophet,Golf Apparel,13.0,,,,False
2016-03-07,29.65750385149436,16.417498789515104,Golf Balls,Prophet,Golf Balls,15.0,,,,False
2016-03-07,25.702799617899963,15.591145439426075,Golf Gloves,Prophet,Golf Gloves,24.0,,,,False
2016-03-07,5.370294404204445,0.0,Golf Shoes,Prophet,Golf Shoes,8.0,,,,False
2016-03-07,10.90311521492063,3.121701344618236,Hockey,Prophet,Hockey,24.0,,,,False
2016-03-07,7.875166807476289,2.0512927678269857,Hunting & Shooting,Prophet,Hunting & Shooting,6.0,,,,False
2016-03-07,400.47454033392347,340.2399551695632,Indoor/Outdoor Games,Prophet,Indoor/Outdoor Games,392.0,,,,False
2016-03-07,8.67801185841543,2.5531976147669555,Lacrosse,Prophet,Lacrosse,12.0,,,,False
2016-03-07,150.24613239022153,126.49325874664555,Men's Footwear,Prophet,Men's Footwear,151.0,,,,False
2016-03-07,235.6332543975964,193.69299361817272,Shop By Sport,Prophet,Shop By Sport,196.0,,,,False
2016-03-07,10.077786938571311,3.4806436929378233,Tennis & Racquet,Prophet,Tennis & Racquet,12.0,,,,False
2016-03-07,27.547455913063263,16.54561239816641,Trade-In,Prophet,Trade-In,14.0,,,,False
2016-03-07,106.2859353330835,89.55312549677905,Water Sports,Prophet,Water Sports,108.0,,,,False
2016-03-07,437.0690070424775,366.64846337789163,Women's Apparel,Prophet,Women's Apparel,361.0,,,,False
2016-03-14,40.92407870134689,27.78414166513847,Accessories,Prophet,Accessories,31.0,,,,False
2016-03-14,16.084601176623508,7.335776321892443,Baseball & Softball,Prophet,Baseball & Softball,10.0,,,,False
2016-03-14,7.418161734448343,0.0,Boxing & MMA,Prophet,Boxing & MMA,4.0,,,,False
2016-03-14,96.33354671978744,82.51711279919903,Camping & Hiking,Prophet,Camping & Hiking,96.0,,,,False
2016-03-14,257.0763055927963,211.54229049046532,Cardio Equipment,Prophet,Cardio Equipment,295.0,,,,False
2016-03-14,507.4279596404479,445.08087880600795,Cleats,Prophet,Cleats,514.0,,,,False
2016-03-14,77.01635920142972,59.14483062570314,Electronics,Prophet,Electronics,86.0,,,,False
2016-03-14,115.4580901667319,96.2716717465942,Fishing,Prophet,Fishing,128.0,,,,False
2016-03-14,5.545976543103318,0.06244435660993483,Fitness Accessories,Prophet,Fitness Accessories,4.0,,,,False
2016-03-14,26.7218132702837,15.349021345539843,Girls' Apparel,Prophet,Girls' Apparel,37.0,,,,False
2016-03-14,5.606098457230493,0.7020441904103868,Golf Apparel,Prophet,Golf Apparel,10.0,,,,False
2016-03-14,27.817096112143805,15.690569071439258,Golf Balls,Prophet,Golf Balls,26.0,,,,False
2016-03-14,24.636276095768213,15.252248055134293,Golf Gloves,Prophet,Golf Gloves,27.0,,,,False
2016-03-14,7.0640424680322305,0.0,Golf Shoes,Prophet,Golf Shoes,1.0,,,,False
2016-03-14,10.495444198572098,1.867697937284505,Hockey,Prophet,Hockey,11.0,,,,False
2016-03-14,6.235836703111065,0.0,Hunting & Shooting,Prophet,Hunting & Shooting,8.0,,,,False
2016-03-14,400.33965059414254,341.21772837351995,Indoor/Outdoor Games,Prophet,Indoor/Outdoor Games,351.0,,,,False
2016-03-14,151.83245222071477,127.2153112754956,Men's Footwear,Prophet,Men's Footwear,165.0,,,,False
2016-03-14,229.94774421583318,193.74215197401156,Shop By Sport,Prophet,Shop By Sport,193.0,,,,False
2016-03-14,9.941835907143279,3.637864611118051,Tennis & Racquet,Prophet,Tennis & Racquet,13.0,,,,False
2016-03-14,27.748936937669257,16.852888173707278,Trade-In,Prophet,Trade-In,24.0,,,,False
2016-03-14,107.99183785217735,90.05121841173735,Water Sports,Prophet,Water Sports,110.0,,,,False
2016-03-14,427.8102241591655,357.5951921159945,Women's Apparel,Prophet,Women's Apparel,409.0,,,,False
2016-03-21,42.91161680605351,28.496696337497884,Accessories,Prophet,Accessories,49.0,,,,False
2016-03-21,18.088007153494083,9.669664591765775,Baseball & Softball,Prophet,Baseball & Softball,20.0,,,,False
2016-03-21,7.674451575907407,0.0,Boxing & MMA,Prophet,Boxing & MMA,2.0,,,,False
2016-03-21,98.85508857329353,86.16681544076222,Camping & Hiking,Prophet,Camping & Hiking,108.0,,,,False
2016-03-21,253.14490460325814,208.5090539716082,Cardio Equipment,Prophet,Cardio Equipment,232.0,,,,False
2016-03-21,491.96023451215297,425.2689428242469,Cleats,Prophet,Cleats,527.0,,,,False
2016-03-21,71.25649031476505,51.734450198368215,Electronics,Prophet,Electronics,47.0,,,,False
2016-03-21,118.03393718745592,98.25336671339493,Fishing,Prophet,Fishing,121.0,,,,False
2016-03-21,7.4038566354170525,1.832224637258636,Fitness Accessories,Prophet,Fitness Accessories,12.0,,,,False
2016-03-21,29.10969103403345,17.18779335421254,Girls' Apparel,Prophet,Girls' Apparel,27.0,,,,False
2016-03-21,5.155656841973904,0.22655978415999564,Golf Apparel,Prophet,Golf Apparel,3.0,,,,False
2016-03-21,32.044144296562536,18.53078320266489,Golf Balls,Prophet,Golf Balls,19.0,,,,False
2016-03-21,23.569509585440265,13.899080100073718,Golf Gloves,Prophet,Golf Gloves,22.0,,,,False
2016-03-21,7.9840576820447655,0.0,Golf Shoes,Prophet,Golf Shoes,5.0,,,,False
2016-03-21,10.562967193760667,3.213208219339315,Hockey,Prophet,Hockey,9.0,,,,False
2016-03-21,6.467263848750047,0.0,Hunting & Shooting,Prophet,Hunting & Shooting,13.0,,,,False
2016-03-21,396.7767100967938,336.1982543689652,Indoor/Outdoor Games,Prophet,Indoor/Outdoor Games,366.0,,,,False
2016-03-21,7.7824138030416465,2.2344189829995056,Lacrosse,Prophet,Lacrosse,7.0,,,,False
2016-03-21,155.97193540042068,131.96902214390553,Men's Footwear,Prophet,Men's Footwear,142.0,,,,False
2016-03-21,227.1650391829275,186.74444985387984,Shop By Sport,Prophet,Shop By Sport,238.0,,,,False
2016-03-21,9.105988223439137,2.63315667833456,Tennis & Racquet,Prophet,Tennis & Racquet,4.0,,,,False
2016-03-21,28.13289911892146,17.753504664084225,Trade-In,Prophet,Trade-In,36.0,,,,False
2016-03-21,107.96047777036306,91.35764293321654,Water Sports,Prophet,Water Sports,93.0,,,,False
2016-03-21,431.71238831628665,364.6089103969078,Women's Apparel,Prophet,Women's Apparel,425.0,,,,False
2016-03-28,46.78955912084864,32.82975483728765,Accessories,Prophet,Accessories,50.0,,,,False
2016-03-28,20.35379963749956,11.120110153436194,Baseball & Softball,Prophet,Baseball & Softball,25.0,,,,False
2016-03-28,7.976209067043468,0.20530678107824601,Boxing & MMA,Prophet,Boxing & MMA,5.0,,,,False
2016-03-28,99.82887041285642,86.51374606041387,Camping & Hiking,Prophet,Camping & Hiking,101.0,,,,False
2016-03-28,252.70028166210767,209.5056706119953,Cardio Equipment,Prophet,Cardio Equipment,272.0,,,,False
2016-03-28,501.47856262052676,436.8015950808154,Cleats,Prophet,Cleats,536.0,,,,False
2016-03-28,65.4918382649114,48.1658048996109,Electronics,Prophet,Electronics,75.0,,,,False
2016-03-28,122.1207291006748,103.02093212736591,Fishing,Prophet,Fishing,113.0,,,,False
2016-03-28,9.368372246168047,3.4208404082036292,Fitness Accessories,Prophet,Fitness Accessories,8.0,,,,False
2016-03-28,33.47939143333863,22.12512181380685,Girls' Apparel,Prophet,Girls' Apparel,36.0,,,,False
2016-03-28,5.981353304707073,1.0177526763697258,Golf Apparel,Prophet,Golf Apparel,5.0,,,,False
2016-03-28,37.32110258056813,23.50298351311856,Golf Balls,Prophet,Golf Balls,37.0,,,,False
2016-03-28,23.198923873113266,13.870228525325293,Golf Gloves,Prophet,Golf Gloves,13.0,,,,False
2016-03-28,6.862026062567332,0.0,Golf Shoes,Prophet,Golf Shoes,11.0,,,,False
2016-03-28,10.578924149765966,2.0324588503984886,Hockey,Prophet,Hockey,9.0,,,,False
2016-03-28,9.147383977056965,2.5296910500261,Hunting & Shooting,Prophet,Hunting & Shooting,7.0,,,,False
2016-03-28,397.6903879232131,336.45704405242145,Indoor/Outdoor Games,Prophet,Indoor/Outdoor Games,363.0,,,,False
2016-03-28,9.38508927538689,3.55128063072614,Lacrosse,Prophet,Lacrosse,21.0,,,,False
2016-03-28,161.2561933106183,138.39442306334894,Men's Footwear,Prophet,Men's Footwear,151.0,,,,False
2016-03-28,232.38814416730784,194.0802861521145,Shop By Sport,Prophet,Shop By Sport,259.0,,,,False
2016-03-28,8.685723581934546,1.7686428168596109,Tennis & Racquet,Prophet,Tennis & Racquet,10.0,,,,False
2016-03-28,29.680206166529214,18.570899956242584,Trade-In,Prophet,Trade-In,32.0,,,,False
2016-03-28,107.39384274354771,89.99634730428514,Water Sports,Prophet,Water Sports,102.0,,,,False
2016-03-28,439.7660621598064,372.9731135469084,Women's Apparel,Prophet,Women's Apparel,448.0,,,,False
2016-04-04,48.57168794173819,34.17979405423037,Accessories,Prophet,Accessories,48.0,,,,False
2016-04-04,20.975791943445522,12.529913831442228,Baseball & Softball,Prophet,Baseball & Softball,18.0,,,,False
2016-04-04,7.912498043937416,0.0,Boxing & MMA,Prophet,Boxing & MMA,5.0,,,,False
2016-04-04,98.40206881281948,85.06144826640775,Camping & Hiking,Prophet,Camping & Hiking,87.0,,,,False
2016-04-04,256.31395935062415,215.0240088037248,Cardio Equipment,Prophet,Cardio Equipment,293.0,,,,False
2016-04-04,522.9712150027349,458.8645279799383,Cleats,Prophet,Cleats,542.0,,,,False
2016-04-04,60.5659604790143,43.47558657962549,Electronics,Prophet,Electronics,44.0,,,,False
2016-04-04,124.13357786221148,105.22781574814283,Fishing,Prophet,Fishing,142.0,,,,False
2016-04-04,9.430478934171962,3.9676468012169135,Fitness Accessories,Prophet,Fitness Accessories,14.0,,,,False
2016-04-04,35.401974508369676,23.70432267975529,Girls' Apparel,Prophet,Girls' Apparel,22.0,,,,False
2016-04-04,8.157599122848884,3.1286211197036855,Golf Apparel,Prophet,Golf Apparel,11.0,,,,False
2016-04-04,37.572894612583504,23.825980043970667,Golf Balls,Prophet,Golf Balls,43.0,,,,False
2016-04-04,22.570456945009493,12.623027695202063,Golf Gloves,Prophet,Golf Gloves,28.0,,,,False
2016-04-04,5.031549391413839,0.0,Golf Shoes,Prophet,Golf Shoes,9.0,,,,False
2016-04-04,9.953392960272545,1.1208977939733107,Hockey,Prophet,Hockey,2.0,,,,False
2016-04-04,12.797634312618648,6.429189422941367,Hunting & Shooting,Prophet,Hunting & Shooting,2.0,,,,False
2016-04-04,407.6911191744856,344.83461892628435,Indoor/Outdoor Games,Prophet,Indoor/Outdoor Games,347.0,,,,False
2016-04-04,9.797201996110154,3.942561015729641,Lacrosse,Prophet,Lacrosse,15.0,,,,False
2016-04-04,164.03471116566308,140.40045649040417,Men's Footwear,Prophet,Men's Footwear,163.0,,,,False
2016-04-04,240.6152610028163,201.5160747870148,Shop By Sport,Prophet,Shop By Sport,211.0,,,,False
2016-04-04,9.470451949616184,3.314118517660202,Tennis & Racquet,Prophet,Tennis & Racquet,7.0,,,,False
2016-04-04,30.332242213192558,19.034891059666943,Trade-In,Prophet,Trade-In,36.0,,,,False
2016-04-04,108.02847847585991,91.65022445377646,Water Sports,Prophet,Water Sports,100.0,,,,False
2016-04-04,440.9855522421233,374.1741088284701,Women's Apparel,Prophet,Women's Apparel,386.0,,,,False
2016-04-11,45.904031235341456,32.720765006796704,Accessories,Prophet,Accessories,49.0,,,,False
2016-04-11,18.446604515297018,9.34469407788884,Baseball & Softball,Prophet,Baseball & Softball,24.0,,,,False
2016-04-11,96.17021125854923,81.64880365311826,Camping & Hiking,Prophet,Camping & Hiking,91.0,,,,False
2016-04-11,261.0660089285418,219.64261962658532,Cardio Equipment,Prophet,Cardio Equipment,223.0,,,,False
2016-04-11,535.5533986165,473.55300528066874,Cleats,Prophet,Cleats,530.0,,,,False
2016-04-11,58.837973426140806,40.61980698576152,Electronics,Prophet,Electronics,52.0,,,,False
2016-04-11,122.56144722221917,102.82841373002141,Fishing,Prophet,Fishing,130.0,,,,False
2016-04-11,7.859363690260626,2.1806263962615526,Fitness Accessories,Prophet,Fitness Accessories,2.0,,,,False
2016-04-11,33.80126792884299,22.806909496271206,Girls' Apparel,Prophet,Girls' Apparel,34.0,,,,False
2016-04-11,10.217930431585382,5.385703791882653,Golf Apparel,Prophet,Golf Apparel,12.0,,,,False
2016-04-11,32.824934895630875,19.69724815140195,Golf Balls,Prophet,Golf Balls,22.0,,,,False
2016-04-11,21.139648592027008,11.510111229661499,Golf Gloves,Prophet,Golf Gloves,26.0,,,,False
2016-04-11,5.217600795674159,0.0,Golf Shoes,Prophet,Golf Shoes,9.0,,,,False
2016-04-11,9.187011945423823,1.3515908433060253,Hockey,Prophet,Hockey,17.0,,,,False
2016-04-11,14.830749049632075,9.094143907625334,Hunting & Shooting,Prophet,Hunting & Shooting,19.0,,,,False
2016-04-11,419.370091243077,353.7552607736979,Indoor/Outdoor Games,Prophet,Indoor/Outdoor Games,417.0,,,,False
2016-04-11,8.307284993866837,3.105779569284148,Lacrosse,Prophet,Lacrosse,14.0,,,,False
2016-04-11,160.989295613206,138.61704611819954,Men's Footwear,Prophet,Men's Footwear,182.0,,,,False
2016-04-11,242.76186937782293,205.28157522127387,Shop By Sport,Prophet,Shop By Sport,282.0,,,,False
2016-04-11,10.827858313444702,4.248131214755291,Tennis & Racquet,Prophet,Tennis & Racquet,10.0,,,,False
2016-04-11,27.349853904513463,16.81059287977697,Trade-In,Prophet,Trade-In,36.0,,,,False
2016-04-11,109.79699643084118,92.29935336236471,Water Sports,Prophet,Water Sports,112.0,,,,False
2016-04-11,432.7417759071728,363.67156003745066,Women's Apparel,Prophet,Women's Apparel,418.0,,,,False
2016-04-18,41.61499061317961,28.203282612653894,Accessories,Prophet,Accessories,73.0,,,,False
2016-04-18,13.461157775680144,4.426210695556253,Baseball & Softball,Prophet,Baseball & Softball,12.0,,,,False
2016-04-18,9.59274646926657,2.0261917660555677,Boxing & MMA,Prophet,Boxing & MMA,8.0,,,,False
2016-04-18,94.83927126402499,81.06139112479738,Camping & Hiking,Prophet,Camping & Hiking,89.0,,,,False
2016-04-18,262.71046481343325,220.03662034496563,Cardio Equipment,Prophet,Cardio Equipment,281.0,,,,False
2016-04-18,530.3058170490178,467.37545842014555,Cleats,Prophet,Cleats,560.0,,,,False
2016-04-18,62.95717449903687,44.55069470995175,Electronics,Prophet,Electronics,73.0,,,,False
2016-04-18,119.06502802105548,99.53185180586205,Fishing,Prophet,Fishing,121.0,,,,False
2016-04-18,6.978119777900046,1.305337808998828,Fitness Accessories,Prophet,Fitness Accessories,7.0,,,,False
2016-04-18,31.52706108116508,19.994382368404356,Girls' Apparel,Prophet,Girls' Apparel,34.0,,,,False
2016-04-18,10.386310121325506,5.413826863249058,Golf Apparel,Prophet,Golf Apparel,4.0,,,,False
2016-04-18,29.287879726917044,16.432977969096687,Golf Balls,Prophet,Golf Balls,27.0,,,,False
2016-04-18,20.23688330799562,11.312563718522469,Golf Gloves,Prophet,Golf Gloves,8.0,,,,False
2016-04-18,8.500431114293672,0.7718067925294905,Golf Shoes,Prophet,Golf Shoes,12.0,,,,False
2016-04-18,9.773132881486617,1.5926898972860937,Hockey,Prophet,Hockey,10.0,,,,False
2016-04-18,13.617999410796056,7.312020711143191,Hunting & Shooting,Prophet,Hunting & Shooting,12.0,,,,False
2016-04-18,420.1419485112475,360.3598631240573,Indoor/Outdoor Games,Prophet,Indoor/Outdoor Games,446.0,,,,False
2016-04-18,6.417723207211689,0.9679144079423107,Lacrosse,Prophet,Lacrosse,2.0,,,,False
2016-04-18,152.70935660485011,129.09827966538697,Men's Footwear,Prophet,Men's Footwear,152.0,,,,False
2016-04-18,236.3857421797737,200.81569336228463,Shop By Sport,Prophet,Shop By Sport,223.0,,,,False
2016-04-18,11.185309040630719,5.275595919140925,Tennis & Racquet,Prophet,Tennis & Racquet,25.0,,,,False
2016-04-18,20.90035061517809,10.193347540706682,Trade-In,Prophet,Trade-In,20.0,,,,False
2016-04-18,111.12333168290223,94.36769555184989,Water Sports,Prophet,Water Sports,105.0,,,,False
2016-04-18,421.1889530946252,350.92644146806884,Women's Apparel,Prophet,Women's Apparel,469.0,,,,False
2016-04-25,41.31184423906269,26.84079751713114,Accessories,Prophet,Accessories,56.0,,,,False
2016-04-25,8.843397403798463,0.0,Baseball & Softball,Prophet,Baseball & Softball,10.0,,,,False
2016-04-25,94.41948045282287,80.43685619661507,Camping & Hiking,Prophet,Camping & Hiking,84.0,,,,False
2016-04-25,260.0773928740511,213.04336225651758,Cardio Equipment,Prophet,Cardio Equipment,223.0,,,,False
2016-04-25,516.2608235869917,448.2678284194063,Cleats,Prophet,Cleats,493.0,,,,False
2016-04-25,72.33116684823307,54.923256264692064,Electronics,Prophet,Electronics,69.0,,,,False
2016-04-25,116.38383454418455,98.67225203071905,Fishing,Prophet,Fishing,96.0,,,,False
2016-04-25,8.273174632766608,2.759336961735102,Fitness Accessories,Prophet,Fitness Accessories,3.0,,,,False
2016-04-25,31.413341888357284,19.351496687037248,Girls' Apparel,Prophet,Girls' Apparel,31.0,,,,False
2016-04-25,8.432381867820112,3.2136310941709536,Golf Apparel,Prophet,Golf Apparel,8.0,,,,False
2016-04-25,32.08309642195445,18.694563056346745,Golf Balls,Prophet,Golf Balls,22.0,,,,False
2016-04-25,21.646959962836117,12.94600167329755,Golf Gloves,Prophet,Golf Gloves,29.0,,,,False
2016-04-25,12.839649931619366,5.368770186695805,Golf Shoes,Prophet,Golf Shoes,11.0,,,,False
2016-04-25,12.394621281513329,3.735460370839335,Hockey,Prophet,Hockey,6.0,,,,False
2016-04-25,9.93851286724808,3.7575720451501122,Hunting & Shooting,Prophet,Hunting & Shooting,6.0,,,,False
2016-04-25,407.44973087748144,341.604523741411,Indoor/Outdoor Games,Prophet,Indoor/Outdoor Games,365.0,,,,False
2016-04-25,144.64977390576993,120.85277946507605,Men's Footwear,Prophet,Men's Footwear,141.0,,,,False
2016-04-25,228.46955921210997,189.3837559194212,Shop By Sport,Prophet,Shop By Sport,237.0,,,,False
2016-04-25,9.70046921888941,3.205999446223215,Tennis & Racquet,Prophet,Tennis & Racquet,18.0,,,,False
2016-04-25,14.629722489849325,3.3031165981377195,Trade-In,Prophet,Trade-In,24.0,,,,False
2016-04-25,111.34462242698613,94.32327468494802,Water Sports,Prophet,Water Sports,88.0,,,,False
2016-04-25,414.31217732941724,344.70249655718493,Women's Apparel,Prophet,Women's Apparel,384.0,,,,False
2016-05-02,47.096450179829134,32.221835616503874,Accessories,Prophet,Accessories,54.0,,,,False
2016-05-02,7.40479304820429,0.0,Baseball & Softball,Prophet,Baseball & Softball,12.0,,,,False
2016-05-02,12.459752528612487,4.934259950240451,Boxing & MMA,Prophet,Boxing & MMA,15.0,,,,False
2016-05-02,94.03915383916963,79.95320262017897,Camping & Hiking,Prophet,Camping & Hiking,92.0,,,,False
2016-05-02,256.65906991686813,211.33326604207406,Cardio Equipment,Prophet,Cardio Equipment,211.0,,,,False
2016-05-02,508.898617968058,439.5110717791044,Cleats,Prophet,Cleats,549.0,,,,False
2016-05-02,81.51219642587868,63.81436015413427,Electronics,Prophet,Electronics,85.0,,,,False
2016-05-02,115.63891212181194,96.08940020187576,Fishing,Prophet,Fishing,105.0,,,,False
2016-05-02,10.495671722553944,4.725770194265924,Fitness Accessories,Prophet,Fitness Accessories,3.0,,,,False
2016-05-02,32.75805065852763,20.93690266929343,Girls' Apparel,Prophet,Girls' Apparel,31.0,,,,False
2016-05-02,6.0823784535871965,0.9282180677287036,Golf Apparel,Prophet,Golf Apparel,15.0,,,,False
2016-05-02,39.130535946487186,26.67885271393976,Golf Balls,Prophet,Golf Balls,31.0,,,,False
2016-05-02,25.000349912863243,15.530496548539322,Golf Gloves,Prophet,Golf Gloves,23.0,,,,False
2016-05-02,15.044206306720378,6.790408857968743,Golf Shoes,Prophet,Golf Shoes,21.0,,,,False
2016-05-02,15.511213337470036,7.546716580716714,Hockey,Prophet,Hockey,11.0,,,,False
2016-05-02,6.47116286713153,0.0,Hunting & Shooting,Prophet,Hunting & Shooting,1.0,,,,False
2016-05-02,393.351322396709,332.4755612866353,Indoor/Outdoor Games,Prophet,Indoor/Outdoor Games,385.0,,,,False
2016-05-02,143.4688955392189,119.993016545342,Men's Footwear,Prophet,Men's Footwear,129.0,,,,False
2016-05-02,226.9420398974929,187.56470453028047,Shop By Sport,Prophet,Shop By Sport,161.0,,,,False
2016-05-02,7.2948672714176706,0.7488583275411551,Tennis & Racquet,Prophet,Tennis & Racquet,6.0,,,,False
2016-05-02,12.415614384226984,1.7067940959659431,Trade-In,Prophet,Trade-In,27.0,,,,False
2016-05-02,111.71303036489948,95.01641941376008,Water Sports,Prophet,Water Sports,119.0,,,,False
2016-05-02,415.6212421672539,348.2066415592406,Women's Apparel,Prophet,Women's Apparel,444.0,,,,False
2016-05-09,54.58453346359818,39.93203237680283,Accessories,Prophet,Accessories,36.0,,,,False
2016-05-09,9.528487600091099,1.1364638601594608,Baseball & Softball,Prophet,Baseball & Softball,11.0,,,,False
2016-05-09,11.13326973317301,3.7450489481283156,Boxing & MMA,Prophet,Boxing & MMA,5.0,,,,False
2016-05-09,93.77150160782465,80.2957837853999,Camping & Hiking,Prophet,Camping & Hiking,103.0,,,,False
2016-05-09,256.7516578134396,210.25008012593375,Cardio Equipment,Prophet,Cardio Equipment,222.0,,,,False
2016-05-09,513.8662583811924,451.7716582919101,Cleats,Prophet,Cleats,543.0,,,,False
2016-05-09,83.74653200013643,66.19691648520352,Electronics,Prophet,Electronics,83.0,,,,False
2016-05-09,115.85847128048815,95.86571002403315,Fishing,Prophet,Fishing,126.0,,,,False
2016-05-09,11.133806633211018,5.690787067490768,Fitness Accessories,Prophet,Fitness Accessories,10.0,,,,False
2016-05-09,32.50310233327496,21.31603421922994,Girls' Apparel,Prophet,Girls' Apparel,35.0,,,,False
2016-05-09,5.386233941013129,0.2799308302462423,Golf Apparel,Prophet,Golf Apparel,6.0,,,,False
2016-05-09,43.396079924870214,31.338053007244405,Golf Balls,Prophet,Golf Balls,47.0,,,,False
2016-05-09,27.50535395890424,17.107267842437523,Golf Gloves,Prophet,Golf Gloves,33.0,,,,False
2016-05-09,14.196617030673682,6.444799693165129,Golf Shoes,Prophet,Golf Shoes,13.0,,,,False
2016-05-09,16.547161461612415,8.448116375835289,Hockey,Prophet,Hockey,27.0,,,,False
2016-05-09,5.639796327314812,0.0,Hunting & Shooting,Prophet,Hunting & Shooting,10.0,,,,False
2016-05-09,391.3317691816072,332.3428553320839,Indoor/Outdoor Games,Prophet,Indoor/Outdoor Games,407.0,,,,False
2016-05-09,10.80971661889793,5.079955667859603,Lacrosse,Prophet,Lacrosse,7.0,,,,False
2016-05-09,151.211435971544,127.96962222635156,Men's Footwear,Prophet,Men's Footwear,152.0,,,,False
2016-05-09,231.0268441727036,195.17961210081418,Shop By Sport,Prophet,Shop By Sport,250.0,,,,False
2016-05-09,5.812570197001653,0.0,Tennis & Racquet,Prophet,Tennis & Racquet,10.0,,,,False
2016-05-09,14.702664681247313,3.3795793641584337,Trade-In,Prophet,Trade-In,25.0,,,,False
2016-05-09,113.25250046520561,96.34572960815606,Water Sports,Prophet,Water Sports,128.0,,,,False
2016-05-09,422.8061526364244,359.12881277595505,Women's Apparel,Prophet,Women's Apparel,415.0,,,,False
2016-05-16,57.06362592499086,43.15787066724739,Accessories,Prophet,Accessories,43.0,,,,False
2016-05-16,12.741619938045847,4.760642087868022,Baseball & Softball,Prophet,Baseball & Softball,3.0,,,,False
2016-05-16,9.248116169813873,1.7122346618886701,Boxing & MMA,Prophet,Boxing & MMA,11.0,,,,False
2016-05-16,94.69498867174595,80.32830471957028,Camping & Hiking,Prophet,Camping & Hiking,90.0,,,,False
2016-05-16,260.247506162349,211.80861972342856,Cardio Equipment,Prophet,Cardio Equipment,242.0,,,,False
2016-05-16,521.8288485048488,453.3106319845037,Cleats,Prophet,Cleats,529.0,,,,False
2016-05-16,77.27092155176089,59.96307989189017,Electronics,Prophet,Electronics,94.0,,,,False
2016-05-16,115.83011102532713,95.82492169752142,Fishing,Prophet,Fishing,129.0,,,,False
2016-05-16,9.379148034869209,3.648534180508518,Fitness Accessories,Prophet,Fitness Accessories,24.0,,,,False
2016-05-16,29.520254885934932,18.687121594476622,Girls' Apparel,Prophet,Girls' Apparel,45.0,,,,False
2016-05-16,6.701355029760616,1.7862016216814545,Golf Apparel,Prophet,Golf Apparel,7.0,,,,False
2016-05-16,40.78572464618997,28.492298832619518,Golf Balls,Prophet,Golf Balls,46.0,,,,False
2016-05-16,26.720173956321926,16.959328869787157,Golf Gloves,Prophet,Golf Gloves,12.0,,,,False
2016-05-16,12.69107248081359,4.841103780675712,Golf Shoes,Prophet,Golf Shoes,2.0,,,,False
2016-05-16,14.807522904857336,6.335277246209223,Hockey,Prophet,Hockey,5.0,,,,False
2016-05-16,7.618728896332468,1.3934068820819683,Hunting & Shooting,Prophet,Hunting & Shooting,3.0,,,,False
2016-05-16,400.18643762079176,334.6504849484715,Indoor/Outdoor Games,Prophet,Indoor/Outdoor Games,391.0,,,,False
2016-05-16,162.74144230006402,138.98006564756844,Men's Footwear,Prophet,Men's Footwear,161.0,,,,False
2016-05-16,232.15882827846045,192.0172393705089,Shop By Sport,Prophet,Shop By Sport,223.0,,,,False
2016-05-16,6.132180960045162,0.0,Tennis & Racquet,Prophet,Tennis & Racquet,4.0,,,,False
2016-05-16,18.212410948946797,6.465675536994493,Trade-In,Prophet,Trade-In,17.0,,,,False
2016-05-16,114.30678452124926,98.76477782688265,Water Sports,Prophet,Water Sports,118.0,,,,False
2016-05-16,430.2749236240111,364.3748490860904,Women's Apparel,Prophet,Women's Apparel,445.0,,,,False
2016-05-23,52.4411949173298,38.771864480358346,Accessories,Prophet,Accessories,57.0,,,,False
2016-05-23,13.756447245550127,4.712745406700918,Baseball & Softball,Prophet,Baseball & Softball,29.0,,,,False
2016-05-23,9.350752133255002,1.3744850065859702,Boxing & MMA,Prophet,Boxing & MMA,6.0,,,,False
2016-05-23,97.0734759696577,84.30207990819858,Camping & Hiking,Prophet,Camping & Hiking,99.0,,,,False
2016-05-23,262.61490112258554,218.84011374076272,Cardio Equipment,Prophet,Cardio Equipment,227.0,,,,False
2016-05-23,518.9955396334319,453.2540341034348,Cleats,Prophet,Cleats,543.0,,,,False
2016-05-23,67.93933906237615,49.410239220263314,Electronics,Prophet,Electronics,38.0,,,,False
2016-05-23,115.91829206427145,97.67543870012734,Fishing,Prophet,Fishing,89.0,,,,False
2016-05-23,6.93892515677605,1.5341427934633294,Fitness Accessories,Prophet,Fitness Accessories,5.0,,,,False
2016-05-23,26.511313773530997,15.450055182739636,Girls' Apparel,Prophet,Girls' Apparel,21.0,,,,False
2016-05-23,8.440720383670048,3.3294613381980787,Golf Apparel,Prophet,Golf Apparel,10.0,,,,False
2016-05-23,34.41502863162614,21.391002646869826,Golf Balls,Prophet,Golf Balls,12.0,,,,False
2016-05-23,23.160944581339415,13.47211737250494,Golf Gloves,Prophet,Golf Gloves,25.0,,,,False
2016-05-23,13.568861425126288,5.39183952512271,Golf Shoes,Prophet,Golf Shoes,9.0,,,,False
2016-05-23,12.65822170646608,4.831151042905728,Hockey,Prophet,Hockey,4.0,,,,False
2016-05-23,404.7242803492515,345.97053865207266,Indoor/Outdoor Games,Prophet,Indoor/Outdoor Games,419.0,,,,False
2016-05-23,10.607423467429955,5.084480673943458,Lacrosse,Prophet,Lacrosse,9.0,,,,False
2016-05-23,169.57586819734198,146.86905112358505,Men's Footwear,Prophet,Men's Footwear,168.0,,,,False
2016-05-23,224.7714707661397,183.3937658401122,Shop By Sport,Prophet,Shop By Sport,200.0,,,,False
2016-05-23,7.289881272392354,0.9296145268138777,Tennis & Racquet,Prophet,Tennis & Racquet,8.0,,,,False
2016-05-23,19.133176716580135,8.972443303304528,Trade-In,Prophet,Trade-In,21.0,,,,False
2016-05-23,111.7202550908195,94.01380537900984,Water Sports,Prophet,Water Sports,106.0,,,,False
2016-05-23,433.0829597319415,365.13374325801504,Women's Apparel,Prophet,Women's Apparel,419.0,,,,False
2016-05-30,45.32128445700573,32.08588704691363,Accessories,Prophet,Accessories,39.0,,,,False
2016-05-30,11.341194381790526,3.1261857356288614,Baseball & Softball,Prophet,Baseball & Softball,19.0,,,,False
2016-05-30,11.846538529489171,4.253882921618829,Boxing & MMA,Prophet,Boxing & MMA,10.0,,,,False
2016-05-30,99.2716621133954,85.88356711712399,Camping & Hiking,Prophet,Camping & Hiking,111.0,,,,False
2016-05-30,260.61602533657884,213.17819337439678,Cardio Equipment,Prophet,Cardio Equipment,212.0,,,,False
2016-05-30,502.5853157646499,441.14713353511223,Cleats,Prophet,Cleats,529.0,,,,False
2016-05-30,64.64622868687844,46.532252030573765,Electronics,Prophet,Electronics,85.0,,,,False
2016-05-30,117.7754170909975,99.95240883104744,Fishing,Prophet,Fishing,110.0,,,,False
2016-05-30,5.8929373622468875,0.11011349981843009,Fitness Accessories,Prophet,Fitness Accessories,1.0,,,,False
2016-05-30,26.957068562251145,15.239687603808502,Girls' Apparel,Prophet,Girls' Apparel,20.0,,,,False
2016-05-30,30.554714696128126,17.472092470873903,Golf Balls,Prophet,Golf Balls,35.0,,,,False
2016-05-30,19.60968292515565,10.477194023286627,Golf Gloves,Prophet,Golf Gloves,19.0,,,,False
2016-05-30,13.087305995170201,4.6591749571484025,Hockey,Prophet,Hockey,21.0,,,,False
2016-05-30,10.991785590458434,4.6091351687867945,Hunting & Shooting,Prophet,Hunting & Shooting,7.0,,,,False
2016-05-30,393.6014418862581,329.4735730692363,Indoor/Outdoor Games,Prophet,Indoor/Outdoor Games,410.0,,,,False
2016-05-30,8.480661674208372,2.596928224946944,Lacrosse,Prophet,Lacrosse,11.0,,,,False
2016-05-30,167.1246798429361,144.5966378877452,Men's Footwear,Prophet,Men's Footwear,160.0,,,,False
2016-05-30,214.16988065349898,173.95286438476046,Shop By Sport,Prophet,Shop By Sport,250.0,,,,False
2016-05-30,7.612283834897427,1.8764828546835377,Tennis & Racquet,Prophet,Tennis & Racquet,9.0,,,,False
2016-05-30,16.50379025958627,5.194895995267137,Trade-In,Prophet,Trade-In,21.0,,,,False
2016-05-30,105.11476579167892,88.34723923364773,Water Sports,Prophet,Water Sports,102.0,,,,False
2016-05-30,430.41912225624566,358.10519185914706,Women's Apparel,Prophet,Women's Apparel,456.0,,,,False
2016-06-06,42.073798502501724,28.240849109132924,Accessories,Prophet,Accessories,27.0,,,,False
2016-06-06,7.477614293509675,0.0,Baseball & Softball,Prophet,Baseball & Softball,10.0,,,,False
2016-06-06,14.156735720167108,6.556172017422265,Boxing & MMA,Prophet,Boxing & MMA,8.0,,,,False
2016-06-06,99.15382667123262,86.60889404914892,Camping & Hiking,Prophet,Camping & Hiking,105.0,,,,False
2016-06-06,256.78102302298424,212.7802309505534,Cardio Equipment,Prophet,Cardio Equipment,246.0,,,,False
2016-06-06,485.4822502466214,418.42412799123304,Cleats,Prophet,Cleats,523.0,,,,False
2016-06-06,71.33183186406998,53.69789509717439,Electronics,Prophet,Electronics,62.0,,,,False
2016-06-06,122.27246400240585,102.75225903571007,Fishing,Prophet,Fishing,133.0,,,,False
2016-06-06,6.458614975995996,0.3749523492853175,Fitness Accessories,Prophet,Fitness Accessories,6.0,,,,False
2016-06-06,30.756005164624803,18.670796193655953,Girls' Apparel,Prophet,Girls' Apparel,30.0,,,,False
2016-06-06,7.8339897133800065,2.7234330353082923,Golf Apparel,Prophet,Golf Apparel,6.0,,,,False
2016-06-06,31.495068640199197,17.719046767207747,Golf Balls,Prophet,Golf Balls,25.0,,,,False
2016-06-06,18.003743606906383,9.349914760588456,Golf Gloves,Prophet,Golf Gloves,17.0,,,,False
2016-06-06,20.079896353853083,11.839350473838973,Golf Shoes,Prophet,Golf Shoes,6.0,,,,False
2016-06-06,16.13276491959419,7.663959083939469,Hockey,Prophet,Hockey,26.0,,,,False
2016-06-06,9.10779654689255,3.053643157727164,Hunting & Shooting,Prophet,Hunting & Shooting,16.0,,,,False
2016-06-06,373.7097645054953,313.1051697180064,Indoor/Outdoor Games,Prophet,Indoor/Outdoor Games,342.0,,,,False
2016-06-06,7.227784207932083,1.7494151040520445,Lacrosse,Prophet,Lacrosse,15.0,,,,False
2016-06-06,158.5606353469614,135.3137634840448,Men's Footwear,Prophet,Men's Footwear,155.0,,,,False
2016-06-06,211.52137023243668,173.0803702248921,Shop By Sport,Prophet,Shop By Sport,182.0,,,,False
2016-06-06,6.640052351833514,0.15724203088389072,Tennis & Racquet,Prophet,Tennis & Racquet,5.0,,,,False
2016-06-06,12.681258719223944,1.0743076559346663,Trade-In,Prophet,Trade-In,7.0,,,,False
2016-06-06,99.03030467359719,82.9099521836531,Water Sports,Prophet,Water Sports,93.0,,,,False
2016-06-06,426.45760381820514,363.2857256384667,Women's Apparel,Prophet,Women's Apparel,486.0,,,,False
2016-06-13,44.54076019539616,30.866915955277005,Accessories,Prophet,Accessories,57.0,,,,False
2016-06-13,5.779628646274348,0.0,Baseball & Softball,Prophet,Baseball & Softball,1.0,,,,False
2016-06-13,13.542693843788285,6.088411745625558,Boxing & MMA,Prophet,Boxing & MMA,1.0,,,,False
2016-06-13,96.45843564200179,83.05948876438947,Camping & Hiking,Prophet,Camping & Hiking,80.0,,,,False
2016-06-13,256.5470479260522,208.65542987579244,Cardio Equipment,Prophet,Cardio Equipment,274.0,,,,False
2016-06-13,484.537670663829,416.0847489946741,Cleats,Prophet,Cleats,489.0,,,,False
2016-06-13,83.2492788782983,66.17748848503149,Electronics,Prophet,Electronics,101.0,,,,False
2016-06-13,127.8551894799829,106.95515346114418,Fishing,Prophet,Fishing,143.0,,,,False
2016-06-13,7.34468626005892,1.3668421257977834,Fitness Accessories,Prophet,Fitness Accessories,5.0,,,,False
2016-06-13,34.00055174124395,22.153397902734362,Girls' Apparel,Prophet,Girls' Apparel,26.0,,,,False
2016-06-13,6.978635586094581,2.014896505659736,Golf Apparel,Prophet,Golf Apparel,7.0,,,,False
2016-06-13,33.81801271619315,20.093362310926413,Golf Balls,Prophet,Golf Balls,41.0,,,,False
2016-06-13,17.68539422974701,9.015606953617738,Golf Gloves,Prophet,Golf Gloves,20.0,,,,False
2016-06-13,19.681582491251877,11.145801732512828,Golf Shoes,Prophet,Golf Shoes,11.0,,,,False
2016-06-13,18.4877891232923,9.562007587167725,Hockey,Prophet,Hockey,14.0,,,,False
2016-06-13,6.2438028958042215,0.018507581714791048,Hunting & Shooting,Prophet,Hunting & Shooting,1.0,,,,False
2016-06-13,363.84729351922033,301.84083262152683,Indoor/Outdoor Games,Prophet,Indoor/Outdoor Games,342.0,,,,False
2016-06-13,7.5455017719105415,1.4533379973834375,Lacrosse,Prophet,Lacrosse,1.0,,,,False
2016-06-13,151.51186459772995,128.8341184838399,Men's Footwear,Prophet,Men's Footwear,151.0,,,,False
2016-06-13,221.00438296063916,178.1679595582342,Shop By Sport,Prophet,Shop By Sport,234.0,,,,False
2016-06-13,5.723015233834446,0.0,Tennis & Racquet,Prophet,Tennis & Racquet,11.0,,,,False
2016-06-13,10.942618890276819,0.5369038142021261,Trade-In,Prophet,Trade-In,14.0,,,,False
2016-06-13,99.26653803301028,80.5077666121778,Water Sports,Prophet,Water Sports,95.0,,,,False
2016-06-13,426.86004926576425,362.76492389315484,Women's Apparel,Prophet,Women's Apparel,375.0,,,,False
2016-06-20,49.02267713741753,34.82273867701554,Accessories,Prophet,Accessories,41.0,,,,False
2016-06-20,8.385270396681939,0.0,Baseball & Softball,Prophet,Baseball & Softball,10.0,,,,False
2016-06-20,10.416029382405226,2.845791496026287,Boxing & MMA,Prophet,Boxing & MMA,8.0,,,,False
2016-06-20,93.28847386548274,78.68898097226649,Camping & Hiking,Prophet,Camping & Hiking,100.0,,,,False
2016-06-20,261.099272751153,216.82153887426102,Cardio Equipment,Prophet,Cardio Equipment,245.0,,,,False
2016-06-20,503.3507851839043,439.03540153851884,Cleats,Prophet,Cleats,530.0,,,,False
2016-06-20,91.17540092053689,73.06379187244681,Electronics,Prophet,Electronics,86.0,,,,False
2016-06-20,131.1420028275573,112.6566054639625,Fishing,Prophet,Fishing,129.0,,,,False
2016-06-20,7.821237178529367,1.9412830535706738,Fitness Accessories,Prophet,Fitness Accessories,4.0,,,,False
2016-06-20,33.390554646794286,21.72758370248892,Girls' Apparel,Prophet,Girls' Apparel,44.0,,,,False
2016-06-20,7.643446567479935,2.7266229700210287,Golf Apparel,Prophet,Golf Apparel,9.0,,,,False
2016-06-20,33.531539346927325,20.73841405067247,Golf Balls,Prophet,Golf Balls,51.0,,,,False
2016-06-20,16.94360904944495,6.513457947394929,Golf Gloves,Prophet,Golf Gloves,15.0,,,,False
2016-06-20,16.103236674032317,8.053515755462177,Golf Shoes,Prophet,Golf Shoes,13.0,,,,False
2016-06-20,17.162653329001948,8.592445836430405,Hockey,Prophet,Hockey,21.0,,,,False
2016-06-20,4.85473390660221,0.0,Hunting & Shooting,Prophet,Hunting & Shooting,4.0,,,,False
2016-06-20,374.5251627834641,312.95466161905733,Indoor/Outdoor Games,Prophet,Indoor/Outdoor Games,354.0,,,,False
2016-06-20,8.647570541371538,2.7913455947306156,Lacrosse,Prophet,Lacrosse,11.0,,,,False
2016-06-20,150.86725365283044,130.0594054961478,Men's Footwear,Prophet,Men's Footwear,155.0,,,,False
2016-06-20,233.94571821741954,196.54770775280954,Shop By Sport,Prophet,Shop By Sport,244.0,,,,False
2016-06-20,6.602596952734321,0.29812537616157386,Tennis & Racquet,Prophet,Tennis & Racquet,6.0,,,,False
2016-06-20,12.756077772068027,1.503353096164161,Trade-In,Prophet,Trade-In,20.0,,,,False
2016-06-20,106.59190058653147,90.1701326631833,Water Sports,Prophet,Water Sports,101.0,,,,False
2016-06-20,433.1207685942867,359.79176768001133,Women's Apparel,Prophet,Women's Apparel,486.0,,,,False
2016-06-27,50.769190183663426,36.88580961911194,Accessories,Prophet,Accessories,44.0,,,,False
2016-06-27,13.963968266240126,5.27034671042944,Baseball & Softball,Prophet,Baseball & Softball,20.0,,,,False
2016-06-27,8.057637351742393,0.3775775061742573,Boxing & MMA,Prophet,Boxing & MMA,5.0,,,,False
2016-06-27,92.10090778840315,77.91143478717565,Camping & Hiking,Prophet,Camping & Hiking,94.0,,,,False
2016-06-27,265.02153744308146,221.55821169002195,Cardio Equipment,Prophet,Cardio Equipment,278.0,,,,False
2016-06-27,527.0761872670499,460.2264005090643,Cleats,Prophet,Cleats,482.0,,,,False
2016-06-27,89.45579132079986,72.15830214920219,Electronics,Prophet,Electronics,89.0,,,,False
2016-06-27,129.47717218656126,110.71707257567658,Fishing,Prophet,Fishing,118.0,,,,False
2016-06-27,30.0663495096677,18.704131701767675,Girls' Apparel,Prophet,Girls' Apparel,28.0,,,,False
2016-06-27,9.422946004511463,4.640186160086369,Golf Apparel,Prophet,Golf Apparel,1.0,,,,False
2016-06-27,31.188446888899364,18.344449336956217,Golf Balls,Prophet,Golf Balls,33.0,,,,False
2016-06-27,15.614564102335473,6.5489646531723675,Golf Gloves,Prophet,Golf Gloves,22.0,,,,False
2016-06-27,12.505378450397231,4.695277238340826,Golf Shoes,Prophet,Golf Shoes,11.0,,,,False
2016-06-27,13.146238005468375,5.873120367412123,Hockey,Prophet,Hockey,14.0,,,,False
2016-06-27,6.06610122149554,0.12221625687026134,Hunting & Shooting,Prophet,Hunting & Shooting,12.0,,,,False
2016-06-27,396.8882724292372,337.4188135362142,Indoor/Outdoor Games,Prophet,Indoor/Outdoor Games,429.0,,,,False
2016-06-27,9.232428499814091,3.7432341577667674,Lacrosse,Prophet,Lacrosse,1.0,,,,False
2016-06-27,154.88791857081404,130.16483051161336,Men's Footwear,Prophet,Men's Footwear,167.0,,,,False
2016-06-27,237.42884058060852,196.22257716187812,Shop By Sport,Prophet,Shop By Sport,250.0,,,,False
2016-06-27,9.478522956958248,3.025442920715132,Tennis & Racquet,Prophet,Tennis & Racquet,11.0,,,,False
2016-06-27,16.927951276657232,5.796981358322781,Trade-In,Prophet,Trade-In,24.0,,,,False
2016-06-27,114.9643574077736,97.96274151536697,Water Sports,Prophet,Water Sports,109.0,,,,False
2016-06-27,440.74792692094877,374.2864622562804,Women's Apparel,Prophet,Women's Apparel,373.0,,,,False
2016-07-04,48.38173608234348,34.00652056322904,Accessories,Prophet,Accessories,46.0,,,,False
2016-07-04,18.664673158712567,10.555447938574293,Baseball & Softball,Prophet,Baseball & Softball,33.0,,,,False
2016-07-04,8.856031159167635,1.0453075194946027,Boxing & MMA,Prophet,Boxing & MMA,9.0,,,,False
2016-07-04,93.47332410265587,79.98467199080632,Camping & Hiking,Prophet,Camping & Hiking,91.0,,,,False
2016-07-04,262.45915095582257,219.48558188535193,Cardio Equipment,Prophet,Cardio Equipment,286.0,,,,False
2016-07-04,535.6869000246827,473.6880395211142,Cleats,Prophet,Cleats,524.0,,,,False
2016-07-04,80.33494218015872,63.28182830076718,Electronics,Prophet,Electronics,100.0,,,,False
2016-07-04,123.30796616535493,104.76431306311825,Fishing,Prophet,Fishing,118.0,,,,False
2016-07-04,9.937921264034292,4.132535721077923,Fitness Accessories,Prophet,Fitness Accessories,11.0,,,,False
2016-07-04,28.20887216120577,17.470894265524823,Girls' Apparel,Prophet,Girls' Apparel,15.0,,,,False
2016-07-04,10.557915579870807,5.264175634381053,Golf Apparel,Prophet,Golf Apparel,14.0,,,,False
2016-07-04,30.655205514190914,17.75705835708733,Golf Balls,Prophet,Golf Balls,33.0,,,,False
2016-07-04,15.326770314276384,5.8527930453125,Golf Gloves,Prophet,Golf Gloves,19.0,,,,False
2016-07-04,11.464221722880048,3.945872507957399,Golf Shoes,Prophet,Golf Shoes,2.0,,,,False
2016-07-04,10.630326030649083,3.298268340059374,Hockey,Prophet,Hockey,12.0,,,,False
2016-07-04,8.890903486209815,2.575126255509552,Hunting & Shooting,Prophet,Hunting & Shooting,8.0,,,,False
2016-07-04,412.62711480435223,348.54255908052636,Indoor/Outdoor Games,Prophet,Indoor/Outdoor Games,378.0,,,,False
2016-07-04,8.687424285647355,2.9479312786721423,Lacrosse,Prophet,Lacrosse,9.0,,,,False
2016-07-04,158.13663826675622,132.30663673994547,Men's Footwear,Prophet,Men's Footwear,152.0,,,,False
2016-07-04,228.2997516775695,185.67594780450978,Shop By Sport,Prophet,Shop By Sport,190.0,,,,False
2016-07-04,20.77280487181094,9.766585860857758,Trade-In,Prophet,Trade-In,43.0,,,,False
2016-07-04,117.04423454282194,100.14771763505439,Water Sports,Prophet,Water Sports,122.0,,,,False
2016-07-04,444.429612051748,376.996854545368,Women's Apparel,Prophet,Women's Apparel,417.0,,,,False
2016-07-11,43.821246618547995,30.035011526351294,Accessories,Prophet,Accessories,42.0,,,,False
2016-07-11,19.214024060178346,10.926057538234044,Baseball & Softball,Prophet,Baseball & Softball,33.0,,,,False
2016-07-11,11.535241583022524,4.0699301744552585,Boxing & MMA,Prophet,Boxing & MMA,17.0,,,,False
2016-07-11,95.91523773130592,81.74860961138961,Camping & Hiking,Prophet,Camping & Hiking,94.0,,,,False
2016-07-11,254.62972924591242,211.35490657429588,Cardio Equipment,Prophet,Cardio Equipment,243.0,,,,False
2016-07-11,523.2593895839929,458.6418910802586,Cleats,Prophet,Cleats,557.0,,,,False
2016-07-11,71.17158076076043,52.39149395977474,Electronics,Prophet,Electronics,55.0,,,,False
2016-07-11,116.23864986718417,97.00684092058127,Fishing,Prophet,Fishing,115.0,,,,False
2016-07-11,30.026515595428837,18.266788345929932,Girls' Apparel,Prophet,Girls' Apparel,52.0,,,,False
2016-07-11,9.874928183711008,4.7587358470559575,Golf Apparel,Prophet,Golf Apparel,7.0,,,,False
2016-07-11,33.50765003422636,20.260280927355478,Golf Balls,Prophet,Golf Balls,35.0,,,,False
2016-07-11,17.171483487228706,7.648684435122739,Golf Gloves,Prophet,Golf Gloves,18.0,,,,False
2016-07-11,12.289856844008732,4.3209325965115415,Golf Shoes,Prophet,Golf Shoes,6.0,,,,False
2016-07-11,12.403113338943124,4.04136794582875,Hockey,Prophet,Hockey,10.0,,,,False
2016-07-11,11.343416999429724,5.153236922449691,Hunting & Shooting,Prophet,Hunting & Shooting,5.0,,,,False
2016-07-11,412.29272720177744,351.17738306166143,Indoor/Outdoor Games,Prophet,Indoor/Outdoor Games,439.0,,,,False
2016-07-11,7.46963525295433,1.9821779349839062,Lacrosse,Prophet,Lacrosse,5.0,,,,False
2016-07-11,157.56123225496708,133.87013229412443,Men's Footwear,Prophet,Men's Footwear,159.0,,,,False
2016-07-11,216.80865671256208,174.5169861708871,Shop By Sport,Prophet,Shop By Sport,223.0,,,,False
2016-07-11,13.783196730374929,7.466992362778275,Tennis & Racquet,Prophet,Tennis & Racquet,15.0,,,,False
2016-07-11,22.004601080024244,11.634780533262921,Trade-In,Prophet,Trade-In,37.0,,,,False
2016-07-11,111.51467593640294,94.50530550432748,Water Sports,Prophet,Water Sports,107.0,,,,False
2016-07-11,444.86295259547705,379.35968124029995,Women's Apparel,Prophet,Women's Apparel,441.0,,,,False
2016-07-18,39.49149317835902,26.49080228873428,Accessories,Prophet,Accessories,29.0,,,,False
2016-07-18,15.549893491710993,6.7762455964389146,Baseball & Softball,Prophet,Baseball & Softball,25.0,,,,False
2016-07-18,12.782742562594473,5.037072006133424,Boxing & MMA,Prophet,Boxing & MMA,6.0,,,,False
2016-07-18,97.44269316784045,83.94115502231932,Camping & Hiking,Prophet,Camping & Hiking,106.0,,,,False
2016-07-18,249.03350549112244,201.05483293732001,Cardio Equipment,Prophet,Cardio Equipment,247.0,,,,False
2016-07-18,503.66551226580305,439.0624841376225,Cleats,Prophet,Cleats,490.0,,,,False
2016-07-18,68.0373839268955,48.887308792393235,Electronics,Prophet,Electronics,54.0,,,,False
2016-07-18,112.47135963822227,94.42052139885159,Fishing,Prophet,Fishing,126.0,,,,False
2016-07-18,10.449231167785136,4.598537235150874,Fitness Accessories,Prophet,Fitness Accessories,8.0,,,,False
2016-07-18,33.137968799276734,21.713228175134958,Girls' Apparel,Prophet,Girls' Apparel,31.0,,,,False
2016-07-18,8.133861833723937,2.9928790100886182,Golf Apparel,Prophet,Golf Apparel,9.0,,,,False
2016-07-18,36.49675571443555,23.84539695898721,Golf Balls,Prophet,Golf Balls,35.0,,,,False
2016-07-18,19.94051494995079,10.779504193950268,Golf Gloves,Prophet,Golf Gloves,40.0,,,,False
2016-07-18,12.234446401300998,4.948593024861909,Golf Shoes,Prophet,Golf Shoes,16.0,,,,False
2016-07-18,16.659976996898052,8.03502116679945,Hockey,Prophet,Hockey,22.0,,,,False
2016-07-18,12.198090356601568,6.294224991985985,Hunting & Shooting,Prophet,Hunting & Shooting,7.0,,,,False
2016-07-18,401.13518120387,337.8113508950458,Indoor/Outdoor Games,Prophet,Indoor/Outdoor Games,402.0,,,,False
2016-07-18,6.540084678149641,1.0034629722237882,Lacrosse,Prophet,Lacrosse,2.0,,,,False
2016-07-18,155.02500966563932,130.78276507591443,Men's Footwear,Prophet,Men's Footwear,138.0,,,,False
2016-07-18,215.44709818795144,176.04303672974498,Shop By Sport,Prophet,Shop By Sport,203.0,,,,False
2016-07-18,12.339682782382532,6.010728566359729,Tennis & Racquet,Prophet,Tennis & Racquet,13.0,,,,False
2016-07-18,20.08336626495623,10.148749872816726,Trade-In,Prophet,Trade-In,16.0,,,,False
2016-07-18,104.24958870128589,87.62220030355145,Water Sports,Prophet,Water Sports,114.0,,,,False
2016-07-18,448.22639620050205,382.2259769413457,Women's Apparel,Prophet,Women's Apparel,457.0,,,,False
2016-07-25,36.57120443842864,23.98586339357075,Accessories,Prophet,Accessories,43.0,,,,False
2016-07-25,10.640216589258438,1.9672360390186274,Baseball & Softball,Prophet,Baseball & Softball,14.0,,,,False
2016-07-25,11.390391572373932,4.054910256275915,Boxing & MMA,Prophet,Boxing & MMA,4.0,,,,False
2016-07-25,96.9768805049372,83.23555660620822,Camping & Hiking,Prophet,Camping & Hiking,91.0,,,,False
2016-07-25,250.66643521407562,205.38191512386422,Cardio Equipment,Prophet,Cardio Equipment,248.0,,,,False
2016-07-25,496.5327160794814,432.81386669885336,Cleats,Prophet,Cleats,466.0,,,,False
2016-07-25,71.74179738162292,54.67792297379961,Electronics,Prophet,Electronics,69.0,,,,False
2016-07-25,113.62947965020166,95.47616873002238,Fishing,Prophet,Fishing,110.0,,,,False
2016-07-25,8.074411087264856,2.435881412996279,Fitness Accessories,Prophet,Fitness Accessories,8.0,,,,False
2016-07-25,33.50262485734677,22.39020059631446,Girls' Apparel,Prophet,Girls' Apparel,38.0,,,,False
2016-07-25,7.313584525970773,2.126070542675959,Golf Apparel,Prophet,Golf Apparel,9.0,,,,False
2016-07-25,35.45548310176985,23.277286275534024,Golf Balls,Prophet,Golf Balls,38.0,,,,False
2016-07-25,21.292359294263864,12.26468014150753,Golf Gloves,Prophet,Golf Gloves,6.0,,,,False
2016-07-25,9.998496001008194,1.3486633548345257,Golf Shoes,Prophet,Golf Shoes,5.0,,,,False
2016-07-25,19.02468830615029,11.382621791072362,Hockey,Prophet,Hockey,17.0,,,,False
2016-07-25,11.734848397674503,5.450185566667325,Hunting & Shooting,Prophet,Hunting & Shooting,9.0,,,,False
2016-07-25,388.52647494020965,325.52791260615436,Indoor/Outdoor Games,Prophet,Indoor/Outdoor Games,385.0,,,,False
2016-07-25,6.507029424512712,0.20827312002596818,Lacrosse,Prophet,Lacrosse,9.0,,,,False
2016-07-25,154.19042927841036,130.59536647726375,Men's Footwear,Prophet,Men's Footwear,172.0,,,,False
2016-07-25,225.27859736455503,184.68232690906962,Shop By Sport,Prophet,Shop By Sport,189.0,,,,False
2016-07-25,9.544327072548906,3.184991694871323,Tennis & Racquet,Prophet,Tennis & Racquet,8.0,,,,False
2016-07-25,16.441331943426892,6.005456970732919,Trade-In,Prophet,Trade-In,14.0,,,,False
2016-07-25,102.01508769647178,83.856160686675,Water Sports,Prophet,Water Sports,115.0,,,,False
2016-07-25,457.3022940692018,384.69726241108236,Women's Apparel,Prophet,Women's Apparel,494.0,,,,False
2016-08-01,35.74931631887807,21.427229248469946,Accessories,Prophet,Accessories,37.0,,,,False
2016-08-01,7.7864284565054565,0.0,Baseball & Softball,Prophet,Baseball & Softball,22.0,,,,False
2016-08-01,9.803821945558585,1.833185475638308,Boxing & MMA,Prophet,Boxing & MMA,2.0,,,,False
2016-08-01,94.611730006795,80.62145186049804,Camping & Hiking,Prophet,Camping & Hiking,95.0,,,,False
2016-08-01,255.96647724837555,210.75273344058806,Cardio Equipment,Prophet,Cardio Equipment,285.0,,,,False
2016-08-01,508.1177132160182,444.60364131649794,Cleats,Prophet,Cleats,494.0,,,,False
2016-08-01,78.82161793389858,61.43883238647829,Electronics,Prophet,Electronics,72.0,,,,False
2016-08-01,117.703900579465,99.42629300489821,Fishing,Prophet,Fishing,122.0,,,,False
2016-08-01,6.164008903215128,0.0,Fitness Accessories,Prophet,Fitness Accessories,9.0,,,,False
2016-08-01,30.36965122566798,19.092270164273323,Girls' Apparel,Prophet,Girls' Apparel,26.0,,,,False
2016-08-01,8.55324568480835,3.283234767132928,Golf Apparel,Prophet,Golf Apparel,10.0,,,,False
2016-08-01,30.767998891865098,17.90456332528095,Golf Balls,Prophet,Golf Balls,16.0,,,,False
2016-08-01,20.390149585175156,10.823333601896058,Golf Gloves,Prophet,Golf Gloves,24.0,,,,False
2016-08-01,7.501029449495959,0.0,Golf Shoes,Prophet,Golf Shoes,6.0,,,,False
2016-08-01,17.510937478933656,9.485705094005391,Hockey,Prophet,Hockey,20.0,,,,False
2016-08-01,11.039246601300711,5.140467939607124,Hunting & Shooting,Prophet,Hunting & Shooting,4.0,,,,False
2016-08-01,376.89618044706043,312.96007728609254,Indoor/Outdoor Games,Prophet,Indoor/Outdoor Games,414.0,,,,False
2016-08-01,7.19043887954404,1.4863365565909912,Lacrosse,Prophet,Lacrosse,5.0,,,,False
2016-08-01,156.02035181340003,133.75164304663585,Men's Footwear,Prophet,Men's Footwear,140.0,,,,False
2016-08-01,235.08544646867713,194.8101503149013,Shop By Sport,Prophet,Shop By Sport,247.0,,,,False
2016-08-01,7.436127945178092,1.5318949507236397,Tennis & Racquet,Prophet,Tennis & Racquet,6.0,,,,False
2016-08-01,13.543488984312244,2.6057886090272397,Trade-In,Prophet,Trade-In,8.0,,,,False
2016-08-01,105.70133252058915,88.39710913692998,Water Sports,Prophet,Water Sports,95.0,,,,False
2016-08-01,464.897726637819,394.7946935561076,Women's Apparel,Prophet,Women's Apparel,497.0,,,,False
2016-08-08,37.796709294304115,23.73004005227887,Accessories,Prophet,Accessories,41.0,,,,False
2016-08-08,7.929270638016891,0.0,Baseball & Softball,Prophet,Baseball & Softball,2.0,,,,False
2016-08-08,11.096280954172537,3.1136914674272638,Boxing & MMA,Prophet,Boxing & MMA,6.0,,,,False
2016-08-08,91.4410274076792,77.86537757368421,Camping & Hiking,Prophet,Camping & Hiking,91.0,,,,False
2016-08-08,257.4962592805261,210.0708902220601,Cardio Equipment,Prophet,Cardio Equipment,256.0,,,,False
2016-08-08,527.1513219608861,459.52513208428184,Cleats,Prophet,Cleats,542.0,,,,False
2016-08-08,85.1233521630304,67.0663966608035,Electronics,Prophet,Electronics,75.0,,,,False
2016-08-08,121.14190053630789,102.90502302941218,Fishing,Prophet,Fishing,103.0,,,,False
2016-08-08,6.5814943558885926,0.9854539498871138,Fitness Accessories,Prophet,Fitness Accessories,10.0,,,,False
2016-08-08,27.27659816773774,15.258207717930913,Girls' Apparel,Prophet,Girls' Apparel,35.0,,,,False
2016-08-08,10.87518358412849,6.167018946737051,Golf Apparel,Prophet,Golf Apparel,4.0,,,,False
2016-08-08,27.486674192501397,14.82166089038573,Golf Balls,Prophet,Golf Balls,23.0,,,,False
2016-08-08,18.682667811798225,9.042243575370499,Golf Gloves,Prophet,Golf Gloves,29.0,,,,False
2016-08-08,7.774622910648528,0.0,Golf Shoes,Prophet,Golf Shoes,5.0,,,,False
2016-08-08,14.640840226080853,5.906527338601297,Hockey,Prophet,Hockey,22.0,,,,False
2016-08-08,10.862583513776897,4.342946126148689,Hunting & Shooting,Prophet,Hunting & Shooting,12.0,,,,False
2016-08-08,364.2689915028044,298.3994085649071,Indoor/Outdoor Games,Prophet,Indoor/Outdoor Games,310.0,,,,False
2016-08-08,7.859979251363037,2.5957117760027555,Lacrosse,Prophet,Lacrosse,5.0,,,,False
2016-08-08,158.25301244475457,134.87968838426144,Men's Footwear,Prophet,Men's Footwear,153.0,,,,False
2016-08-08,234.2908652739691,192.9189172543337,Shop By Sport,Prophet,Shop By Sport,248.0,,,,False
2016-08-08,7.216569997768269,0.9381334690241192,Tennis & Racquet,Prophet,Tennis & Racquet,5.0,,,,False
2016-08-08,13.228404915570517,2.4752484735060714,Trade-In,Prophet,Trade-In,22.0,,,,False
2016-08-08,110.39505002878138,93.69034363422104,Water Sports,Prophet,Water Sports,90.0,,,,False
2016-08-08,459.9020295993739,386.4757747362977,Women's Apparel,Prophet,Women's Apparel,503.0,,,,False
2016-08-15,42.27446041138044,28.580642071769613,Accessories,Prophet,Accessories,15.0,,,,False
2016-08-15,14.985712958994961,7.214444816012376,Boxing & MMA,Prophet,Boxing & MMA,8.0,,,,False
2016-08-15,89.45321438506478,74.83204861023029,Camping & Hiking,Prophet,Camping & Hiking,108.0,,,,False
2016-08-15,253.92095196342746,208.60784825308684,Cardio Equipment,Prophet,Cardio Equipment,241.0,,,,False
2016-08-15,538.9619532127377,471.65869852717293,Cleats,Prophet,Cleats,517.0,,,,False
2016-08-15,88.31028536632718,70.40465128741089,Electronics,Prophet,Electronics,101.0,,,,False
2016-08-15,122.15911470797435,101.74568502072493,Fishing,Prophet,Fishing,126.0,,,,False
2016-08-15,8.509972824698934,3.165170020568557,Fitness Accessories,Prophet,Fitness Accessories,7.0,,,,False
2016-08-15,27.856299677243797,16.862563340336294,Girls' Apparel,Prophet,Girls' Apparel,38.0,,,,False
2016-08-15,12.024702385290553,6.439890548033791,Golf Apparel,Prophet,Golf Apparel,18.0,,,,False
2016-08-15,29.766697440328258,16.659270445720324,Golf Balls,Prophet,Golf Balls,34.0,,,,False
2016-08-15,17.936416269237,8.174958881851808,Golf Gloves,Prophet,Golf Gloves,22.0,,,,False
2016-08-15,11.461048013867346,3.097512849272918,Golf Shoes,Prophet,Golf Shoes,4.0,,,,False
2016-08-15,14.252818880959214,5.911886988824652,Hockey,Prophet,Hockey,12.0,,,,False
2016-08-15,11.212843927641302,5.0689169231948235,Hunting & Shooting,Prophet,Hunting & Shooting,12.0,,,,False
2016-08-15,354.5207404868074,294.6039338496647,Indoor/Outdoor Games,Prophet,Indoor/Outdoor Games,411.0,,,,False
2016-08-15,7.8892063686390035,2.2542312164017617,Lacrosse,Prophet,Lacrosse,7.0,,,,False
2016-08-15,158.9760546732253,134.86843780845976,Men's Footwear,Prophet,Men's Footwear,176.0,,,,False
2016-08-15,225.02949633281798,183.23535687931204,Shop By Sport,Prophet,Shop By Sport,264.0,,,,False
2016-08-15,15.383560492418223,3.677137077845799,Trade-In,Prophet,Trade-In,21.0,,,,False
2016-08-15,111.58601433574174,92.79592463700729,Water Sports,Prophet,Water Sports,111.0,,,,False
2016-08-15,441.4176289647369,367.0973946335446,Women's Apparel,Prophet,Women's Apparel,432.0,,,,False
2016-08-22,46.4623704588478,33.64647342997839,Accessories,Prophet,Accessories,33.0,,,,False
2016-08-22,10.47670234345634,1.9701534938007526,Baseball & Softball,Prophet,Baseball & Softball,10.0,,,,False
2016-08-22,17.816332086447225,10.598529902111704,Boxing & MMA,Prophet,Boxing & MMA,10.0,,,,False
2016-08-22,90.7076568670191,76.98803186642479,Camping & Hiking,Prophet,Camping & Hiking,77.0,,,,False
2016-08-22,252.34903781906732,209.5751502371055,Cardio Equipment,Prophet,Cardio Equipment,235.0,,,,False
2016-08-22,540.547646710643,471.79276487493104,Cleats,Prophet,Cleats,542.0,,,,False
2016-08-22,88.06418888007441,72.23641416604835,Electronics,Prophet,Electronics,101.0,,,,False
2016-08-22,121.98516829473915,102.98233219999908,Fishing,Prophet,Fishing,130.0,,,,False
2016-08-22,9.280640960627638,3.6831809478741255,Fitness Accessories,Prophet,Fitness Accessories,9.0,,,,False
2016-08-22,31.410904755823005,18.97243472216401,Girls' Apparel,Prophet,Girls' Apparel,24.0,,,,False
2016-08-22,10.637028152185003,5.5832104820824515,Golf Apparel,Prophet,Golf Apparel,12.0,,,,False
2016-08-22,36.1983792393908,23.272887723517687,Golf Balls,Prophet,Golf Balls,30.0,,,,False
2016-08-22,18.12821875784856,8.748956682267467,Golf Gloves,Prophet,Golf Gloves,22.0,,,,False
2016-08-22,15.746398329823439,7.919918452731936,Golf Shoes,Prophet,Golf Shoes,12.0,,,,False
2016-08-22,16.805467401224284,8.339174014022312,Hockey,Prophet,Hockey,11.0,,,,False
2016-08-22,11.783419955193642,5.631629462231387,Hunting & Shooting,Prophet,Hunting & Shooting,2.0,,,,False
2016-08-22,358.2025610743333,300.0143423000768,Indoor/Outdoor Games,Prophet,Indoor/Outdoor Games,328.0,,,,False
2016-08-22,159.18614596808604,134.7852112036707,Men's Footwear,Prophet,Men's Footwear,180.0,,,,False
2016-08-22,219.59208378119845,181.5893535339374,Shop By Sport,Prophet,Shop By Sport,219.0,,,,False
2016-08-22,10.561867105744865,4.616932008581914,Tennis & Racquet,Prophet,Tennis & Racquet,6.0,,,,False
2016-08-22,18.089848861427253,6.6255133908524995,Trade-In,Prophet,Trade-In,38.0,,,,False
2016-08-22,109.93262311135445,91.79455317933254,Water Sports,Prophet,Water Sports,117.0,,,,False
2016-08-22,423.9533874263102,358.6110013573868,Women's Apparel,Prophet,Women's Apparel,425.0,,,,False
2016-08-29,47.27438833309015,33.88234524038116,Accessories,Prophet,Accessories,54.0,,,,False
2016-08-29,10.704108422723188,1.536094874205847,Baseball & Softball,Prophet,Baseball & Softball,21.0,,,,False
2016-08-29,16.649274584456624,8.635740918314124,Boxing & MMA,Prophet,Boxing & MMA,31.0,,,,False
2016-08-29,95.32896221316814,81.80170248778613,Camping & Hiking,Prophet,Camping & Hiking,92.0,,,,False
2016-08-29,258.9329439573012,212.58978350674403,Cardio Equipment,Prophet,Cardio Equipment,289.0,,,,False
2016-08-29,539.080477543623,469.53994755254956,Cleats,Prophet,Cleats,500.0,,,,False
2016-08-29,85.23486581875909,67.30395255410937,Electronics,Prophet,Electronics,64.0,,,,False
2016-08-29,122.69171679578646,104.88227852330033,Fishing,Prophet,Fishing,116.0,,,,False
2016-08-29,7.63883780678195,2.39182600447839,Fitness Accessories,Prophet,Fitness Accessories,7.0,,,,False
2016-08-29,33.50021034181656,21.626598913607182,Girls' Apparel,Prophet,Girls' Apparel,32.0,,,,False
2016-08-29,7.626381460377161,2.3554893333257008,Golf Apparel,Prophet,Golf Apparel,9.0,,,,False
2016-08-29,41.42690167178782,28.689140867212004,Golf Balls,Prophet,Golf Balls,47.0,,,,False
2016-08-29,17.836372767414577,7.647121037165606,Golf Gloves,Prophet,Golf Gloves,12.0,,,,False
2016-08-29,18.750343627265025,10.460191336002637,Hockey,Prophet,Hockey,11.0,,,,False
2016-08-29,12.398127972560985,6.2179126258709765,Hunting & Shooting,Prophet,Hunting & Shooting,16.0,,,,False
2016-08-29,379.5061011949916,314.07917687012844,Indoor/Outdoor Games,Prophet,Indoor/Outdoor Games,366.0,,,,False
2016-08-29,160.86940959195323,136.40610918801815,Men's Footwear,Prophet,Men's Footwear,170.0,,,,False
2016-08-29,225.88512780221473,182.98222168865456,Shop By Sport,Prophet,Shop By Sport,200.0,,,,False
2016-08-29,11.912157562874734,5.952343144328672,Tennis & Racquet,Prophet,Tennis & Racquet,19.0,,,,False
2016-08-29,19.29581137957483,8.379942275555944,Trade-In,Prophet,Trade-In,26.0,,,,False
2016-08-29,109.2681321431019,92.39585064484649,Water Sports,Prophet,Water Sports,108.0,,,,False
2016-08-29,424.20080078986047,352.0054826484967,Women's Apparel,Prophet,Women's Apparel,438.0,,,,False
2016-09-05,44.86009743359984,30.2386338273838,Accessories,Prophet,Accessories,41.0,,,,False
2016-09-05,11.445331432466455,3.5504178717835533,Baseball & Softball,Prophet,Baseball & Softball,16.0,,,,False
2016-09-05,12.62634965991782,4.566496787266469,Boxing & MMA,Prophet,Boxing & MMA,2.0,,,,False
2016-09-05,100.08167400496794,86.67034439226401,Camping & Hiking,Prophet,Camping & Hiking,91.0,,,,False
2016-09-05,268.8345291845499,220.28568100469857,Cardio Equipment,Prophet,Cardio Equipment,244.0,,,,False
2016-09-05,537.0186269031377,468.25912339810844,Cleats,Prophet,Cleats,558.0,,,,False
2016-09-05,81.22874617433578,63.637133739320895,Electronics,Prophet,Electronics,86.0,,,,False
2016-09-05,123.93833365464008,106.28931073975369,Fishing,Prophet,Fishing,108.0,,,,False
2016-09-05,5.441209422187623,0.0,Fitness Accessories,Prophet,Fitness Accessories,13.0,,,,False
2016-09-05,30.919527254441256,19.61033871212442,Girls' Apparel,Prophet,Girls' Apparel,32.0,,,,False
2016-09-05,5.4361622048695635,0.2746750531692032,Golf Apparel,Prophet,Golf Apparel,10.0,,,,False
2016-09-05,41.9128299244429,28.32082858622035,Golf Balls,Prophet,Golf Balls,36.0,,,,False
2016-09-05,16.40550609345064,6.665505213708077,Golf Gloves,Prophet,Golf Gloves,17.0,,,,False
2016-09-05,14.348177816541096,6.149979392608302,Golf Shoes,Prophet,Golf Shoes,6.0,,,,False
2016-09-05,16.709851586269433,8.46990394181593,Hockey,Prophet,Hockey,21.0,,,,False
2016-09-05,405.42569774981035,345.1650309360622,Indoor/Outdoor Games,Prophet,Indoor/Outdoor Games,349.0,,,,False
2016-09-05,6.869037212158175,1.3691126475218691,Lacrosse,Prophet,Lacrosse,13.0,,,,False
2016-09-05,163.00811817677584,139.24345356258013,Men's Footwear,Prophet,Men's Footwear,167.0,,,,False
2016-09-05,237.16561716207758,196.1427590112893,Shop By Sport,Prophet,Shop By Sport,222.0,,,,False
2016-09-05,12.168604478595768,5.750584919438509,Tennis & Racquet,Prophet,Tennis & Racquet,6.0,,,,False
2016-09-05,18.582214864791016,8.062067276025665,Trade-In,Prophet,Trade-In,30.0,,,,False
2016-09-05,110.90283479425598,93.65938164756511,Water Sports,Prophet,Water Sports,107.0,,,,False
2016-09-05,441.7236343671003,374.1134330798545,Women's Apparel,Prophet,Women's Apparel,412.0,,,,False
2016-09-12,43.26360807154556,29.620541197500003,Accessories,Prophet,Accessories,35.0,,,,False
2016-09-12,13.49893080936052,5.24997715595692,Baseball & Softball,Prophet,Baseball & Softball,12.0,,,,False
2016-09-12,9.608577124937863,1.95389609993642,Boxing & MMA,Prophet,Boxing & MMA,5.0,,,,False
2016-09-12,100.12564225260292,85.95371023204162,Camping & Hiking,Prophet,Camping & Hiking,94.0,,,,False
2016-09-12,269.1125840767755,222.35232066637,Cardio Equipment,Prophet,Cardio Equipment,263.0,,,,False
2016-09-12,524.7360785313128,461.6466573404833,Cleats,Prophet,Cleats,502.0,,,,False
2016-09-12,77.62273133864777,58.89997630650678,Electronics,Prophet,Electronics,86.0,,,,False
2016-09-12,122.52804348784387,102.67295853361796,Fishing,Prophet,Fishing,135.0,,,,False
2016-09-12,5.513751648357809,0.04888722187734576,Fitness Accessories,Prophet,Fitness Accessories,3.0,,,,False
2016-09-12,25.400499835465578,13.974298184563242,Girls' Apparel,Prophet,Girls' Apparel,24.0,,,,False
2016-09-12,5.821462136014079,0.8724460292357595,Golf Apparel,Prophet,Golf Apparel,6.0,,,,False
2016-09-12,39.12000767736697,25.620178557449865,Golf Balls,Prophet,Golf Balls,46.0,,,,False
2016-09-12,14.9032678872495,5.392538617533735,Golf Gloves,Prophet,Golf Gloves,16.0,,,,False
2016-09-12,10.227978205493066,1.9204181543709848,Golf Shoes,Prophet,Golf Shoes,18.0,,,,False
2016-09-12,11.542051625275958,3.891460911655991,Hockey,Prophet,Hockey,16.0,,,,False
2016-09-12,12.773899963093662,6.788380968303925,Hunting & Shooting,Prophet,Hunting & Shooting,22.0,,,,False
2016-09-12,414.00594356748155,348.0328402788447,Indoor/Outdoor Games,Prophet,Indoor/Outdoor Games,489.0,,,,False
2016-09-12,7.7475924352379115,2.079128630691736,Lacrosse,Prophet,Lacrosse,3.0,,,,False
2016-09-12,161.23006687846495,138.2855760764288,Men's Footwear,Prophet,Men's Footwear,167.0,,,,False
2016-09-12,237.96432560767713,198.60216844652913,Shop By Sport,Prophet,Shop By Sport,245.0,,,,False
2016-09-12,11.371015599314294,4.999587242360999,Tennis & Racquet,Prophet,Tennis & Racquet,14.0,,,,False
2016-09-12,17.327858963274736,6.547250817675274,Trade-In,Prophet,Trade-In,30.0,,,,False
2016-09-12,111.57991404689268,95.77323675718245,Water Sports,Prophet,Water Sports,118.0,,,,False
2016-09-12,456.28505563972243,384.5193222294006,Women's Apparel,Prophet,Women's Apparel,477.0,,,,False
2016-09-19,46.24580789673378,31.66598585606504,Accessories,Prophet,Accessories,43.0,,,,False
2016-09-19,15.793133713554813,7.215458538034997,Baseball & Softball,Prophet,Baseball & Softball,13.0,,,,False
2016-09-19,9.776535907730748,2.378295897020805,Boxing & MMA,Prophet,Boxing & MMA,6.0,,,,False
2016-09-19,93.59802318655417,80.62432025847576,Camping & Hiking,Prophet,Camping & Hiking,98.0,,,,False
2016-09-19,253.25588254906626,208.583919631439,Cardio Equipment,Prophet,Cardio Equipment,242.0,,,,False
2016-09-19,492.5468725012584,425.6144407175146,Cleats,Prophet,Cleats,528.0,,,,False
2016-09-19,75.59619585467033,58.68398163464497,Electronics,Prophet,Electronics,72.0,,,,False
2016-09-19,115.91619450255628,96.901073266978,Fishing,Prophet,Fishing,112.0,,,,False
2016-09-19,8.17645854270341,1.966366142749283,Fitness Accessories,Prophet,Fitness Accessories,3.0,,,,False
2016-09-19,21.932301421298284,10.337477287817535,Girls' Apparel,Prophet,Girls' Apparel,20.0,,,,False
2016-09-19,8.2189050257227,3.3578864776556876,Golf Apparel,Prophet,Golf Apparel,7.0,,,,False
2016-09-19,36.98928845707148,24.077068775200296,Golf Balls,Prophet,Golf Balls,47.0,,,,False
2016-09-19,14.669169772537877,5.600596955863645,Golf Gloves,Prophet,Golf Gloves,7.0,,,,False
2016-09-19,7.989974692453121,0.15639118420792678,Golf Shoes,Prophet,Golf Shoes,5.0,,,,False
2016-09-19,7.582858852090341,0.0,Hockey,Prophet,Hockey,4.0,,,,False
2016-09-19,11.456348962420392,5.312085471737905,Hunting & Shooting,Prophet,Hunting & Shooting,10.0,,,,False
2016-09-19,396.4253226199982,329.1628343950239,Indoor/Outdoor Games,Prophet,Indoor/Outdoor Games,368.0,,,,False
2016-09-19,8.670621781279083,2.8692421913479507,Lacrosse,Prophet,Lacrosse,9.0,,,,False
2016-09-19,152.60838228225276,129.48342254520077,Men's Footwear,Prophet,Men's Footwear,147.0,,,,False
2016-09-19,220.57095416774766,181.0920845885321,Shop By Sport,Prophet,Shop By Sport,260.0,,,,False
2016-09-19,9.904146850976966,3.543236354869161,Tennis & Racquet,Prophet,Tennis & Racquet,9.0,,,,False
2016-09-19,17.151216049547706,6.611109929812969,Trade-In,Prophet,Trade-In,21.0,,,,False
2016-09-19,107.66624849778282,91.04010295997914,Water Sports,Prophet,Water Sports,100.0,,,,False
2016-09-19,448.08187686884486,381.0950685009452,Women's Apparel,Prophet,Women's Apparel,467.0,,,,False
2016-09-26,52.55570914782525,39.49196840930408,Accessories,Prophet,Accessories,54.0,,,,False
2016-09-26,16.324479777745218,7.692550919553235,Baseball & Softball,Prophet,Baseball & Softball,14.0,,,,False
2016-09-26,11.426534291464156,4.391488587398234,Boxing & MMA,Prophet,Boxing & MMA,7.0,,,,False
2016-09-26,84.63643260975849,70.65232202846896,Camping & Hiking,Prophet,Camping & Hiking,83.0,,,,False
2016-09-26,231.03380450522317,186.64981356045686,Cardio Equipment,Prophet,Cardio Equipment,279.0,,,,False
2016-09-26,449.51840740674874,384.26877786497835,Cleats,Prophet,Cleats,515.0,,,,False
2016-09-26,75.48434526473967,57.328631588673204,Electronics,Prophet,Electronics,94.0,,,,False
2016-09-26,106.23052386427314,86.23681451808456,Fishing,Prophet,Fishing,109.0,,,,False
2016-09-26,10.74497216167407,5.341383347978906,Fitness Accessories,Prophet,Fitness Accessories,9.0,,,,False
2016-09-26,23.679094273039535,12.546044926083262,Girls' Apparel,Prophet,Girls' Apparel,29.0,,,,False
2016-09-26,10.23028436823217,5.293495316144581,Golf Apparel,Prophet,Golf Apparel,15.0,,,,False
2016-09-26,37.342866721596636,24.22362993565972,Golf Balls,Prophet,Golf Balls,50.0,,,,False
2016-09-26,15.590826889079274,5.304437875552943,Golf Gloves,Prophet,Golf Gloves,17.0,,,,False
2016-09-26,8.683679792108116,1.0708726024170947,Golf Shoes,Prophet,Golf Shoes,6.0,,,,False
2016-09-26,8.032968476228778,0.0,Hockey,Prophet,Hockey,8.0,,,,False
2016-09-26,8.981211275151095,2.5901686392690917,Hunting & Shooting,Prophet,Hunting & Shooting,15.0,,,,False
2016-09-26,368.89586468971237,307.37530280562413,Indoor/Outdoor Games,Prophet,Indoor/Outdoor Games,438.0,,,,False
2016-09-26,140.6420957556982,118.1788897197969,Men's Footwear,Prophet,Men's Footwear,152.0,,,,False
2016-09-26,194.8159170468462,153.45964998144453,Shop By Sport,Prophet,Shop By Sport,161.0,,,,False
2016-09-26,8.28309034568374,1.660021595931243,Tennis & Racquet,Prophet,Tennis & Racquet,2.0,,,,False
2016-09-26,18.296310020708738,7.4781834827945906,Trade-In,Prophet,Trade-In,28.0,,,,False
2016-09-26,100.35141421054256,83.80246730859994,Water Sports,Prophet,Water Sports,125.0,,,,False
2016-09-26,420.2634742573372,353.8720361338292,Women's Apparel,Prophet,Women's Apparel,482.0,,,,False
2016-10-03,56.58502239269353,43.081461707998244,Accessories,Prophet,Accessories,76.0,,,,False
2016-10-03,14.36206219709953,5.199523449003564,Baseball & Softball,Prophet,Baseball & Softball,23.0,,,,False
2016-10-03,11.423645995953438,3.708145226274552,Boxing & MMA,Prophet,Boxing & MMA,9.0,,,,False
2016-10-03,80.73209589279327,67.21964768450866,Camping & Hiking,Prophet,Camping & Hiking,99.0,,,,False
2016-10-03,220.923216392042,173.7260736985817,Cardio Equipment,Prophet,Cardio Equipment,209.0,,,,False
2016-10-03,423.7008903237635,363.3993295783535,Cleats,Prophet,Cleats,448.0,,,,False
2016-10-03,76.98739562220403,58.98090871689923,Electronics,Prophet,Electronics,68.0,,,,False
2016-10-03,100.01525860375,81.84459182662664,Fishing,Prophet,Fishing,115.0,,,,False
2016-10-03,10.709399549211174,4.930733296753486,Fitness Accessories,Prophet,Fitness Accessories,15.0,,,,False
2016-10-03,28.98258650858368,17.88196290321567,Girls' Apparel,Prophet,Girls' Apparel,29.0,,,,False
2016-10-03,9.810264143159753,4.566748676339118,Golf Apparel,Prophet,Golf Apparel,12.0,,,,False
2016-10-03,38.58848939231611,25.47082977659152,Golf Balls,Prophet,Golf Balls,29.0,,,,False
2016-10-03,16.5771869856943,6.810949978461533,Golf Gloves,Prophet,Golf Gloves,24.0,,,,False
2016-10-03,10.521030987492225,2.7280332679647468,Golf Shoes,Prophet,Golf Shoes,11.0,,,,False
2016-10-03,11.787025972522423,3.3295263868109988,Hockey,Prophet,Hockey,9.0,,,,False
2016-10-03,6.464721165579016,0.385723020557335,Hunting & Shooting,Prophet,Hunting & Shooting,3.0,,,,False
2016-10-03,359.0486327398728,297.1592707979945,Indoor/Outdoor Games,Prophet,Indoor/Outdoor Games,426.0,,,,False
2016-10-03,7.991046311218517,1.9846524639184457,Lacrosse,Prophet,Lacrosse,6.0,,,,False
2016-10-03,134.00795585678688,111.33782552869437,Men's Footwear,Prophet,Men's Footwear,153.0,,,,False
2016-10-03,180.53234003544236,141.19637748354282,Shop By Sport,Prophet,Shop By Sport,208.0,,,,False
2016-10-03,6.941530430939484,0.8267971713303294,Tennis & Racquet,Prophet,Tennis & Racquet,14.0,,,,False
2016-10-03,19.608261880208698,8.14374201358372,Trade-In,Prophet,Trade-In,27.0,,,,False
2016-10-03,95.31824903171884,76.80568738648846,Water Sports,Prophet,Water Sports,85.0,,,,False
2016-10-03,397.6602564109041,327.29239194685067,Women's Apparel,Prophet,Women's Apparel,397.0,,,,False
2016-10-10,54.4368089380068,40.153908363929034,Accessories,Prophet,Accessories,55.0,,,,False
2016-10-10,11.387128091732981,3.0933167732916673,Baseball & Softball,Prophet,Baseball & Softball,13.0,,,,False
2016-10-10,9.129903542265179,0.9834715344532694,Boxing & MMA,Prophet,Boxing & MMA,8.0,,,,False
2016-10-10,85.93288233900944,72.48240018104597,Camping & Hiking,Prophet,Camping & Hiking,94.0,,,,False
2016-10-10,231.8502470925207,188.8871440875641,Cardio Equipment,Prophet,Cardio Equipment,231.0,,,,False
2016-10-10,437.5626203585443,370.53625054940267,Cleats,Prophet,Cleats,525.0,,,,False
2016-10-10,79.72806722321448,60.695519728702244,Electronics,Prophet,Electronics,128.0,,,,False
2016-10-10,102.93400891452205,85.07945388009112,Fishing,Prophet,Fishing,119.0,,,,False
2016-10-10,8.687247718764434,3.038699294071746,Fitness Accessories,Prophet,Fitness Accessories,8.0,,,,False
2016-10-10,33.257141575147195,22.29525548356535,Girls' Apparel,Prophet,Girls' Apparel,29.0,,,,False
2016-10-10,7.166495173734814,2.5129486586920535,Golf Apparel,Prophet,Golf Apparel,5.0,,,,False
2016-10-10,38.40253634556683,25.96211633164246,Golf Balls,Prophet,Golf Balls,34.0,,,,False
2016-10-10,17.543583233497525,7.589269243422494,Golf Gloves,Prophet,Golf Gloves,18.0,,,,False
2016-10-10,10.971511952691651,2.996364692321602,Golf Shoes,Prophet,Golf Shoes,7.0,,,,False
2016-10-10,15.038965281071944,6.894964530053526,Hockey,Prophet,Hockey,21.0,,,,False
2016-10-10,5.471026114048869,0.0,Hunting & Shooting,Prophet,Hunting & Shooting,10.0,,,,False
2016-10-10,379.2690517319631,321.7867382411418,Indoor/Outdoor Games,Prophet,Indoor/Outdoor Games,518.0,,,,False
2016-10-10,6.7293156188779975,1.0590079355236577,Lacrosse,Prophet,Lacrosse,3.0,,,,False
2016-10-10,139.07327887077165,115.28365710069166,Men's Footwear,Prophet,Men's Footwear,166.0,,,,False
2016-10-10,189.7317269791776,152.88391364833507,Shop By Sport,Prophet,Shop By Sport,202.0,,,,False
2016-10-10,6.0724836801717,0.0,Tennis & Racquet,Prophet,Tennis & Racquet,6.0,,,,False
2016-10-10,19.91219649678299,9.965425651555178,Trade-In,Prophet,Trade-In,16.0,,,,False
2016-10-10,96.98708835257108,81.96082166221217,Water Sports,Prophet,Water Sports,115.0,,,,False
2016-10-10,400.89654783950937,337.2552567201389,Women's Apparel,Prophet,Women's Apparel,471.0,,,,False
2016-10-17,48.64336585952139,34.62935272638899,Accessories,Prophet,Accessories,38.0,,,,False
2016-10-17,9.66068318786023,0.7729444283220508,Baseball & Softball,Prophet,Baseball & Softball,7.0,,,,False
2016-10-17,96.56979882753514,82.2945783072708,Camping & Hiking,Prophet,Camping & Hiking,94.0,,,,False
2016-10-17,253.9910502893891,208.1419330361439,Cardio Equipment,Prophet,Cardio Equipment,229.0,,,,False
2016-10-17,482.99703031409837,419.1486659352564,Cleats,Prophet,Cleats,489.0,,,,False
2016-10-17,83.28333782699697,66.48662484237624,Electronics,Prophet,Electronics,81.0,,,,False
2016-10-17,114.23427544010949,93.97024496347886,Fishing,Prophet,Fishing,125.0,,,,False
2016-10-17,7.482890573722172,1.6796514636616688,Fitness Accessories,Prophet,Fitness Accessories,5.0,,,,False
2016-10-17,33.297987176144815,21.390515420393324,Girls' Apparel,Prophet,Girls' Apparel,22.0,,,,False
2016-10-17,4.600542172153247,0.0,Golf Apparel,Prophet,Golf Apparel,4.0,,,,False
2016-10-17,36.44023681739102,24.032895248301273,Golf Balls,Prophet,Golf Balls,41.0,,,,False
2016-10-17,19.902094980608346,10.49923574293626,Golf Gloves,Prophet,Golf Gloves,25.0,,,,False
2016-10-17,9.22211351105862,0.7257236915344963,Golf Shoes,Prophet,Golf Shoes,5.0,,,,False
2016-10-17,15.408062391881561,7.633733265849024,Hockey,Prophet,Hockey,10.0,,,,False
2016-10-17,6.723024459464862,0.4821624559484289,Hunting & Shooting,Prophet,Hunting & Shooting,10.0,,,,False
2016-10-17,414.587144167767,354.0124611338693,Indoor/Outdoor Games,Prophet,Indoor/Outdoor Games,443.0,,,,False
2016-10-17,5.762659284322161,0.3214040519941126,Lacrosse,Prophet,Lacrosse,4.0,,,,False
2016-10-17,153.33069002293595,129.61101839619877,Men's Footwear,Prophet,Men's Footwear,176.0,,,,False
2016-10-17,215.74937372663032,176.50001161426607,Shop By Sport,Prophet,Shop By Sport,282.0,,,,False
2016-10-17,5.664523174229407,0.0,Tennis & Racquet,Prophet,Tennis & Racquet,4.0,,,,False
2016-10-17,19.137153347840105,8.522735666358471,Trade-In,Prophet,Trade-In,18.0,,,,False
2016-10-17,103.89291978665081,85.2556880794042,Water Sports,Prophet,Water Sports,108.0,,,,False
2016-10-17,423.7000065403311,354.4018698969169,Women's Apparel,Prophet,Women's Apparel,473.0,,,,False
2016-10-24,45.70292557148573,31.19242829671461,Accessories,Prophet,Accessories,51.0,,,,False
2016-10-24,10.026893513082438,1.1596420991208494,Baseball & Softball,Prophet,Baseball & Softball,4.0,,,,False
2016-10-24,7.866185538710299,0.6033089441020109,Boxing & MMA,Prophet,Boxing & MMA,12.0,,,,False
2016-10-24,104.38484587747972,89.99536892196666,Camping & Hiking,Prophet,Camping & Hiking,101.0,,,,False
2016-10-24,269.071683569624,222.61309856837778,Cardio Equipment,Prophet,Cardio Equipment,268.0,,,,False
2016-10-24,524.753059330706,459.5211264980158,Cleats,Prophet,Cleats,586.0,,,,False
2016-10-24,86.64388931424023,68.48250117890909,Electronics,Prophet,Electronics,97.0,,,,False
2016-10-24,126.7396973790314,107.56917832781123,Fishing,Prophet,Fishing,110.0,,,,False
2016-10-24,29.599293495866693,17.76643110381081,Girls' Apparel,Prophet,Girls' Apparel,38.0,,,,False
2016-10-24,4.387589937323679,0.0,Golf Apparel,Prophet,Golf Apparel,3.0,,,,False
2016-10-24,34.053763896882664,21.264251580231747,Golf Balls,Prophet,Golf Balls,13.0,,,,False
2016-10-24,24.434120438896336,14.852233775734936,Golf Gloves,Prophet,Golf Gloves,24.0,,,,False
2016-10-24,6.6155466030664245,0.0,Golf Shoes,Prophet,Golf Shoes,3.0,,,,False
2016-10-24,13.826696321271358,6.101143766396966,Hockey,Prophet,Hockey,9.0,,,,False
2016-10-24,9.38942723726727,3.02554618248412,Hunting & Shooting,Prophet,Hunting & Shooting,3.0,,,,False
2016-10-24,437.450231696314,377.0611807990804,Indoor/Outdoor Games,Prophet,Indoor/Outdoor Games,431.0,,,,False
2016-10-24,5.425741339163434,0.0,Lacrosse,Prophet,Lacrosse,7.0,,,,False
2016-10-24,166.69659906084078,142.30741761441564,Men's Footwear,Prophet,Men's Footwear,168.0,,,,False
2016-10-24,239.45125211932339,198.94482602977257,Shop By Sport,Prophet,Shop By Sport,228.0,,,,False
2016-10-24,5.720565835714236,0.0,Tennis & Racquet,Prophet,Tennis & Racquet,1.0,,,,False
2016-10-24,18.08984866901118,7.311205441406563,Trade-In,Prophet,Trade-In,35.0,,,,False
2016-10-24,110.36856996552706,95.05963253477302,Water Sports,Prophet,Water Sports,124.0,,,,False
2016-10-24,439.32059963309047,366.28505193883245,Women's Apparel,Prophet,Women's Apparel,414.0,,,,False
2016-10-31,48.84677237347,35.2317425503576,Accessories,Prophet,Accessories,40.0,,,,False
2016-10-31,11.393708425908574,2.69551295485955,Baseball & Softball,Prophet,Baseball & Softball,7.0,,,,False
2016-10-31,11.008869282602378,3.003343484662176,Boxing & MMA,Prophet,Boxing & MMA,6.0,,,,False
2016-10-31,104.27244334986364,90.28442824516036,Camping & Hiking,Prophet,Camping & Hiking,105.0,,,,False
2016-10-31,269.0096666544085,224.9964420615116,Cardio Equipment,Prophet,Cardio Equipment,240.0,,,,False
2016-10-31,533.2172131291304,468.7439680540671,Cleats,Prophet,Cleats,515.0,,,,False
2016-10-31,88.21140378619444,70.02800612284753,Electronics,Prophet,Electronics,85.0,,,,False
2016-10-31,132.87091984500458,113.04264757090668,Fishing,Prophet,Fishing,139.0,,,,False
2016-10-31,9.866653671155369,4.146130111659083,Fitness Accessories,Prophet,Fitness Accessories,12.0,,,,False
2016-10-31,25.1213550067323,13.61510651770185,Girls' Apparel,Prophet,Girls' Apparel,24.0,,,,False
2016-10-31,6.64025925418414,1.7554376658053108,Golf Apparel,Prophet,Golf Apparel,13.0,,,,False
2016-10-31,32.35267987294597,19.30813372405042,Golf Balls,Prophet,Golf Balls,25.0,,,,False
2016-10-31,29.22132246685425,19.370372016663115,Golf Gloves,Prophet,Golf Gloves,19.0,,,,False
2016-10-31,5.138305219017406,0.0,Golf Shoes,Prophet,Golf Shoes,2.0,,,,False
2016-10-31,12.594532623099758,4.154947240859263,Hockey,Prophet,Hockey,13.0,,,,False
2016-10-31,11.718666452672595,5.195349997864938,Hunting & Shooting,Prophet,Hunting & Shooting,8.0,,,,False
2016-10-31,433.4710772615491,372.9731819271547,Indoor/Outdoor Games,Prophet,Indoor/Outdoor Games,405.0,,,,False
2016-10-31,5.671403617097981,0.0,Lacrosse,Prophet,Lacrosse,4.0,,,,False
2016-10-31,169.9601339428099,146.67407569313667,Men's Footwear,Prophet,Men's Footwear,150.0,,,,False
2016-10-31,246.03618256865673,204.82311889034136,Shop By Sport,Prophet,Shop By Sport,214.0,,,,False
2016-10-31,6.388610279734286,0.0,Tennis & Racquet,Prophet,Tennis & Racquet,9.0,,,,False
2016-10-31,17.518214224541648,7.50512673709346,Trade-In,Prophet,Trade-In,27.0,,,,False
2016-10-31,112.39119274165763,95.29750359261995,Water Sports,Prophet,Water Sports,110.0,,,,False
2016-10-31,429.786964087771,363.4121618901568,Women's Apparel,Prophet,Women's Apparel,445.0,,,,False
2016-11-07,54.32642042489287,41.33374362351735,Accessories,Prophet,Accessories,46.0,,,,False
2016-11-07,12.334698197697582,3.9283906603111705,Baseball & Softball,Prophet,Baseball & Softball,14.0,,,,False
2016-11-07,13.756035144840862,6.287666085183342,Boxing & MMA,Prophet,Boxing & MMA,24.0,,,,False
2016-11-07,98.65550124258054,85.51878769839044,Camping & Hiking,Prophet,Camping & Hiking,99.0,,,,False
2016-11-07,262.55784696718496,218.29571606799053,Cardio Equipment,Prophet,Cardio Equipment,280.0,,,,False
2016-11-07,513.2512736903556,445.65379619922663,Cleats,Prophet,Cleats,502.0,,,,False
2016-11-07,87.02609354752957,69.42117174087564,Electronics,Prophet,Electronics,79.0,,,,False
2016-11-07,130.96761925535685,112.21730565744346,Fishing,Prophet,Fishing,124.0,,,,False
2016-11-07,9.196725893468106,3.784896476928623,Fitness Accessories,Prophet,Fitness Accessories,6.0,,,,False
2016-11-07,22.595469984488112,10.219733584069292,Girls' Apparel,Prophet,Girls' Apparel,13.0,,,,False
2016-11-07,9.183907746904216,4.368588342917128,Golf Apparel,Prophet,Golf Apparel,9.0,,,,False
2016-11-07,31.599027184643667,18.39078467861866,Golf Balls,Prophet,Golf Balls,42.0,,,,False
2016-11-07,30.83494248353277,20.75687558325186,Golf Gloves,Prophet,Golf Gloves,24.0,,,,False
2016-11-07,12.554336313008047,4.24336461634903,Hockey,Prophet,Hockey,22.0,,,,False
2016-11-07,412.1852325999958,348.7730905280875,Indoor/Outdoor Games,Prophet,Indoor/Outdoor Games,395.0,,,,False
2016-11-07,6.480434317945594,0.5359623348823624,Lacrosse,Prophet,Lacrosse,7.0,,,,False
2016-11-07,162.42378984404547,140.02374009533983,Men's Footwear,Prophet,Men's Footwear,179.0,,,,False
2016-11-07,236.58335753599863,194.82418568659162,Shop By Sport,Prophet,Shop By Sport,222.0,,,,False
2016-11-07,7.782577125965032,1.4743156989098767,Tennis & Racquet,Prophet,Tennis & Racquet,9.0,,,,False
2016-11-07,17.726292028454743,7.05547777890434,Trade-In,Prophet,Trade-In,14.0,,,,False
2016-11-07,110.98263466483455,93.08068107406882,Water Sports,Prophet,Water Sports,110.0,,,,False
2016-11-07,405.4136378433403,336.67011922913986,Women's Apparel,Prophet,Women's Apparel,394.0,,,,False
2016-11-14,55.67551755928348,42.2263705940671,Accessories,Prophet,Accessories,58.0,,,,False
2016-11-14,12.780293495657439,4.714907823879083,Baseball & Softball,Prophet,Baseball & Softball,27.0,,,,False
2016-11-14,14.207189059568496,6.2699213837370396,Boxing & MMA,Prophet,Boxing & MMA,17.0,,,,False
2016-11-14,94.01313251595171,80.54558641737898,Camping & Hiking,Prophet,Camping & Hiking,90.0,,,,False
2016-11-14,263.38605245535723,218.923999045447,Cardio Equipment,Prophet,Cardio Equipment,299.0,,,,False
2016-11-14,497.4848306998104,431.67987383394376,Cleats,Prophet,Cleats,529.0,,,,False
2016-11-14,84.0946185157131,66.47486824601496,Electronics,Prophet,Electronics,86.0,,,,False
2016-11-14,125.7488577434264,108.55400045998275,Fishing,Prophet,Fishing,127.0,,,,False
2016-11-14,6.663414675351242,0.7184044851356569,Fitness Accessories,Prophet,Fitness Accessories,9.0,,,,False
2016-11-14,22.989053326785655,12.240156278031794,Girls' Apparel,Prophet,Girls' Apparel,19.0,,,,False
2016-11-14,9.610169042980477,4.504349787156964,Golf Apparel,Prophet,Golf Apparel,8.0,,,,False
2016-11-14,32.1918974273118,18.480756328933513,Golf Balls,Prophet,Golf Balls,29.0,,,,False
2016-11-14,28.038254227229707,18.52347761275195,Golf Gloves,Prophet,Golf Gloves,33.0,,,,False
2016-11-14,7.349902667526958,0.0,Golf Shoes,Prophet,Golf Shoes,1.0,,,,False
2016-11-14,12.797971152698533,4.319847567811733,Hockey,Prophet,Hockey,10.0,,,,False
2016-11-14,11.609058972249903,5.523113111457113,Hunting & Shooting,Prophet,Hunting & Shooting,8.0,,,,False
2016-11-14,394.5589508747388,330.9403913023752,Indoor/Outdoor Games,Prophet,Indoor/Outdoor Games,429.0,,,,False
2016-11-14,7.950975892645523,1.8244660359246672,Lacrosse,Prophet,Lacrosse,21.0,,,,False
2016-11-14,151.67535386327683,127.79487838278692,Men's Footwear,Prophet,Men's Footwear,144.0,,,,False
2016-11-14,224.5482966510533,188.52751788286758,Shop By Sport,Prophet,Shop By Sport,218.0,,,,False
2016-11-14,9.658694214505282,3.453018051993944,Tennis & Racquet,Prophet,Tennis & Racquet,9.0,,,,False
2016-11-14,18.86802398584092,7.955502312119351,Trade-In,Prophet,Trade-In,22.0,,,,False
2016-11-14,109.86514547051598,90.6451890529895,Water Sports,Prophet,Water Sports,104.0,,,,False
2016-11-14,392.547175670369,322.6000802323369,Women's Apparel,Prophet,Women's Apparel,376.0,,,,False
2016-11-21,51.10216602552632,36.973849005907,Accessories,Prophet,Accessories,62.0,,,,False
2016-11-21,13.745575072578601,4.6686579949772264,Baseball & Softball,Prophet,Baseball & Softball,12.0,,,,False
2016-11-21,13.018488457581196,5.7727039731659,Boxing & MMA,Prophet,Boxing & MMA,14.0,,,,False
2016-11-21,93.66019094035282,80.98308467010442,Camping & Hiking,Prophet,Camping & Hiking,95.0,,,,False
2016-11-21,273.80969368120554,229.55181106466713,Cardio Equipment,Prophet,Cardio Equipment,302.0,,,,False
2016-11-21,510.2593065625968,445.4648105235838,Cleats,Prophet,Cleats,503.0,,,,False
2016-11-21,81.91931332421326,64.09157458724317,Electronics,Prophet,Electronics,77.0,,,,False
2016-11-21,122.80797516110049,105.2393727284262,Fishing,Prophet,Fishing,135.0,,,,False
2016-11-21,5.159195807252914,0.0,Fitness Accessories,Prophet,Fitness Accessories,2.0,,,,False
2016-11-21,25.630317001168535,14.166493640352686,Girls' Apparel,Prophet,Girls' Apparel,26.0,,,,False
2016-11-21,7.568626641640328,2.7540660632454843,Golf Apparel,Prophet,Golf Apparel,8.0,,,,False
2016-11-21,34.86497014419769,22.364030943312354,Golf Balls,Prophet,Golf Balls,33.0,,,,False
2016-11-21,23.650488291255126,14.231567792909821,Golf Gloves,Prophet,Golf Gloves,28.0,,,,False
2016-11-21,8.916202142999609,1.1115709881433204,Golf Shoes,Prophet,Golf Shoes,5.0,,,,False
2016-11-21,12.647983937948974,4.309128665609206,Hockey,Prophet,Hockey,12.0,,,,False
2016-11-21,10.169789880531646,3.6332868454775222,Hunting & Shooting,Prophet,Hunting & Shooting,21.0,,,,False
2016-11-21,392.8774434577001,333.6112603890903,Indoor/Outdoor Games,Prophet,Indoor/Outdoor Games,431.0,,,,False
2016-11-21,9.837768095513606,4.1798264062969706,Lacrosse,Prophet,Lacrosse,4.0,,,,False
2016-11-21,146.2786519383509,122.06776511948698,Men's Footwear,Prophet,Men's Footwear,143.0,,,,False
2016-11-21,221.88624562016042,183.85572489405806,Shop By Sport,Prophet,Shop By Sport,216.0,,,,False
2016-11-21,11.361969675936468,5.238790467357037,Tennis & Racquet,Prophet,Tennis & Racquet,5.0,,,,False
2016-11-21,20.92778073598643,10.122316990467425,Trade-In,Prophet,Trade-In,16.0,,,,False
2016-11-21,110.73470844844569,94.22602119681218,Water Sports,Prophet,Water Sports,122.0,,,,False
2016-11-21,403.61807986540356,336.62407860864295,Women's Apparel,Prophet,Women's Apparel,468.0,,,,False
2016-11-28,45.45208826495398,31.271001317732626,Accessories,Prophet,Accessories,46.0,,,,False
2016-11-28,15.499495369698197,7.083138862775402,Baseball & Softball,Prophet,Baseball & Softball,19.0,,,,False
2016-11-28,11.856875227731877,4.604786354067717,Boxing & MMA,Prophet,Boxing & MMA,3.0,,,,False
2016-11-28,94.84712363509797,81.37410201680778,Camping & Hiking,Prophet,Camping & Hiking,94.0,,,,False
2016-11-28,282.4741772080217,235.89691270972645,Cardio Equipment,Prophet,Cardio Equipment,274.0,,,,False
2016-11-28,540.0545097018675,473.3677109188538,Cleats,Prophet,Cleats,582.0,,,,False
2016-11-28,82.1306711334855,65.01028632797237,Electronics,Prophet,Electronics,53.0,,,,False
2016-11-28,123.1490385483996,105.15558703745202,Fishing,Prophet,Fishing,129.0,,,,False
2016-11-28,6.652211258293653,0.7444148924377724,Fitness Accessories,Prophet,Fitness Accessories,7.0,,,,False
2016-11-28,28.923012247502818,17.459819572692222,Girls' Apparel,Prophet,Girls' Apparel,34.0,,,,False
2016-11-28,5.068689601715321,0.0,Golf Apparel,Prophet,Golf Apparel,3.0,,,,False
2016-11-28,39.15911031757413,26.86062376749444,Golf Balls,Prophet,Golf Balls,29.0,,,,False
2016-11-28,21.86021238946131,12.307481834436192,Golf Gloves,Prophet,Golf Gloves,19.0,,,,False
2016-11-28,9.458933634658294,1.6944114820622076,Golf Shoes,Prophet,Golf Shoes,16.0,,,,False
2016-11-28,12.84463918051134,4.631861963737806,Hockey,Prophet,Hockey,11.0,,,,False
2016-11-28,8.931037255840259,2.3883319387721427,Hunting & Shooting,Prophet,Hunting & Shooting,3.0,,,,False
2016-11-28,402.7985701562471,340.926755118337,Indoor/Outdoor Games,Prophet,Indoor/Outdoor Games,357.0,,,,False
2016-11-28,11.222314488378965,5.415600010946375,Lacrosse,Prophet,Lacrosse,22.0,,,,False
2016-11-28,148.62809487496204,126.49739815985413,Men's Footwear,Prophet,Men's Footwear,152.0,,,,False
2016-11-28,228.3606654934073,189.57638775680402,Shop By Sport,Prophet,Shop By Sport,283.0,,,,False
2016-11-28,12.201736581304232,6.0217072189336465,Tennis & Racquet,Prophet,Tennis & Racquet,14.0,,,,False
2016-11-28,23.025979813598486,12.703400886927694,Trade-In,Prophet,Trade-In,17.0,,,,False
2016-11-28,111.64915833913327,94.29557848439734,Water Sports,Prophet,Water Sports,105.0,,,,False
2016-11-28,423.69396309187266,354.6279482917947,Women's Apparel,Prophet,Women's Apparel,422.0,,,,False
2016-12-05,44.55348687460535,31.988993245364053,Accessories,Prophet,Accessories,46.0,,,,False
2016-12-05,16.573473797743596,8.521023322903481,Baseball & Softball,Prophet,Baseball & Softball,11.0,,,,False
2016-12-05,11.076814342437599,2.943009188473113,Boxing & MMA,Prophet,Boxing & MMA,4.0,,,,False
2016-12-05,93.0447463216075,80.47245404846669,Camping & Hiking,Prophet,Camping & Hiking,104.0,,,,False
2016-12-05,277.77963201389366,231.8389763042331,Cardio Equipment,Prophet,Cardio Equipment,269.0,,,,False
2016-12-05,551.5117435945451,483.47447790712977,Cleats,Prophet,Cleats,570.0,,,,False
2016-12-05,83.6232636402873,65.80832463047504,Electronics,Prophet,Electronics,77.0,,,,False
2016-12-05,123.33489807340523,102.52063162899113,Fishing,Prophet,Fishing,107.0,,,,False
2016-12-05,9.496183496656004,3.722572840915449,Fitness Accessories,Prophet,Fitness Accessories,11.0,,,,False
2016-12-05,31.013135914630563,19.5690052566135,Girls' Apparel,Prophet,Girls' Apparel,36.0,,,,False
2016-12-05,4.480014154812883,0.0,Golf Apparel,Prophet,Golf Apparel,4.0,,,,False
2016-12-05,42.50682896745261,29.36874188275215,Golf Balls,Prophet,Golf Balls,54.0,,,,False
2016-12-05,23.656720204475842,13.45108295966241,Golf Gloves,Prophet,Golf Gloves,21.0,,,,False
2016-12-05,9.168960856587702,1.1686376539033612,Golf Shoes,Prophet,Golf Shoes,2.0,,,,False
2016-12-05,14.315997471473477,5.947214958857661,Hockey,Prophet,Hockey,6.0,,,,False
2016-12-05,8.03899432340663,1.82258562936701,Hunting & Shooting,Prophet,Hunting & Shooting,5.0,,,,False
2016-12-05,411.56901638362996,348.5079008368389,Indoor/Outdoor Games,Prophet,Indoor/Outdoor Games,443.0,,,,False
2016-12-05,11.061582467374631,5.567297286475205,Lacrosse,Prophet,Lacrosse,11.0,,,,False
2016-12-05,154.26128288476102,129.4068025186069,Men's Footwear,Prophet,Men's Footwear,157.0,,,,False
2016-12-05,233.4371725745676,195.8243365953454,Shop By Sport,Prophet,Shop By Sport,198.0,,,,False
2016-12-05,11.930073004676988,5.625556044535414,Tennis & Racquet,Prophet,Tennis & Racquet,11.0,,,,False
2016-12-05,23.223017186987125,12.701779273351244,Trade-In,Prophet,Trade-In,26.0,,,,False
2016-12-05,109.77841609202999,92.06893825295502,Water Sports,Prophet,Water Sports,79.0,,,,False
2016-12-05,428.52494572326145,358.84486371833117,Women's Apparel,Prophet,Women's Apparel,464.0,,,,False
2016-12-12,48.62312367884659,35.26192106372209,Accessories,Prophet,Accessories,64.0,,,,False
2016-12-12,15.097294081298138,6.599754593842818,Baseball & Softball,Prophet,Baseball & Softball,19.0,,,,False
2016-12-12,9.748750275610448,1.886166632477506,Boxing & MMA,Prophet,Boxing & MMA,14.0,,,,False
2016-12-12,87.97882478832022,74.19326287989952,Camping & Hiking,Prophet,Camping & Hiking,78.0,,,,False
2016-12-12,261.26477766973204,217.6596791151729,Cardio Equipment,Prophet,Cardio Equipment,284.0,,,,False
2016-12-12,524.3360245782865,459.8410619185946,Cleats,Prophet,Cleats,562.0,,,,False
2016-12-12,83.51482931220602,66.44814896094016,Electronics,Prophet,Electronics,81.0,,,,False
2016-12-12,120.44615798751305,102.76400300278914,Fishing,Prophet,Fishing,103.0,,,,False
2016-12-12,10.191329862856662,4.1659309710841965,Fitness Accessories,Prophet,Fitness Accessories,11.0,,,,False
2016-12-12,30.616490240273396,18.95310053285617,Girls' Apparel,Prophet,Girls' Apparel,43.0,,,,False
2016-12-12,42.19544633318329,29.624493373827036,Golf Balls,Prophet,Golf Balls,20.0,,,,False
2016-12-12,25.65631106880631,15.843237320306738,Golf Gloves,Prophet,Golf Gloves,47.0,,,,False
2016-12-12,8.892346730150797,1.2752112072293802,Golf Shoes,Prophet,Golf Shoes,2.0,,,,False
2016-12-12,16.37509771952091,8.088189234161314,Hockey,Prophet,Hockey,17.0,,,,False
2016-12-12,7.37516475458647,1.0196062648517765,Hunting & Shooting,Prophet,Hunting & Shooting,9.0,,,,False
2016-12-12,410.4661886694045,350.0886195663747,Indoor/Outdoor Games,Prophet,Indoor/Outdoor Games,411.0,,,,False
2016-12-12,9.29542102914873,3.387906664986507,Lacrosse,Prophet,Lacrosse,4.0,,,,False
2016-12-12,157.095937355436,132.61965547058466,Men's Footwear,Prophet,Men's Footwear,148.0,,,,False
2016-12-12,227.92198727817868,189.23259023026912,Shop By Sport,Prophet,Shop By Sport,197.0,,,,False
2016-12-12,10.877009700262656,5.0148049871748475,Tennis & Racquet,Prophet,Tennis & Racquet,9.0,,,,False
2016-12-12,19.989687636908894,8.82533399354895,Trade-In,Prophet,Trade-In,13.0,,,,False
2016-12-12,104.79206972428956,86.9606250929254,Water Sports,Prophet,Water Sports,107.0,,,,False
2016-12-12,412.8272549494127,340.7274850559059,Women's Apparel,Prophet,Women's Apparel,382.0,,,,False
2016-12-19,52.2727004578032,38.58252359807707,Accessories,Prophet,Accessories,52.0,,,,False
2016-12-19,11.129888395267496,2.335667801272119,Baseball & Softball,Prophet,Baseball & Softball,4.0,,,,False
2016-12-19,7.740025701803469,0.0,Boxing & MMA,Prophet,Boxing & MMA,6.0,,,,False
2016-12-19,84.23263931595037,70.45841278545822,Camping & Hiking,Prophet,Camping & Hiking,87.0,,,,False
2016-12-19,246.2360601123031,202.28054684701354,Cardio Equipment,Prophet,Cardio Equipment,290.0,,,,False
2016-12-19,477.4771416154093,410.5956320641001,Cleats,Prophet,Cleats,502.0,,,,False
2016-12-19,80.19290744437035,62.144593492675504,Electronics,Prophet,Electronics,70.0,,,,False
2016-12-19,115.899339862531,98.06230832879064,Fishing,Prophet,Fishing,113.0,,,,False
2016-12-19,7.612461504758094,2.0351063000506167,Fitness Accessories,Prophet,Fitness Accessories,8.0,,,,False
2016-12-19,27.85793305484455,15.795607595543858,Girls' Apparel,Prophet,Girls' Apparel,19.0,,,,False
2016-12-19,8.349317469887522,3.7589334180134384,Golf Apparel,Prophet,Golf Apparel,7.0,,,,False
2016-12-19,38.53265382933903,25.844212481340442,Golf Balls,Prophet,Golf Balls,51.0,,,,False
2016-12-19,23.914291377353265,14.103805817149743,Golf Gloves,Prophet,Golf Gloves,12.0,,,,False
2016-12-19,9.251451773038681,1.2733750579677159,Golf Shoes,Prophet,Golf Shoes,8.0,,,,False
2016-12-19,17.017608133924774,8.6677854426924,Hockey,Prophet,Hockey,22.0,,,,False
2016-12-19,7.156280633320598,0.5878229252415955,Hunting & Shooting,Prophet,Hunting & Shooting,9.0,,,,False
2016-12-19,400.0101597852587,340.0055582603116,Indoor/Outdoor Games,Prophet,Indoor/Outdoor Games,417.0,,,,False
2016-12-19,7.245309669618099,1.9407824506472713,Lacrosse,Prophet,Lacrosse,12.0,,,,False
2016-12-19,154.8927412969369,130.37175969159662,Men's Footwear,Prophet,Men's Footwear,136.0,,,,False
2016-12-19,213.74582722895065,175.71110393242026,Shop By Sport,Prophet,Shop By Sport,294.0,,,,False
2016-12-19,9.67991889859864,3.673214753886714,Tennis & Racquet,Prophet,Tennis & Racquet,9.0,,,,False
2016-12-19,14.37671059357723,2.425088709370991,Trade-In,Prophet,Trade-In,18.0,,,,False
2016-12-19,99.1627396209669,82.4216183087952,Water Sports,Prophet,Water Sports,97.0,,,,False
2016-12-19,396.2477180985499,331.1512335973623,Women's Apparel,Prophet,Women's Apparel,420.0,,,,False
2016-12-26,50.739474821076186,36.99745075327844,Accessories,Prophet,Accessories,58.0,,,,False
2016-12-26,7.246438613805796,0.0,Baseball & Softball,Prophet,Baseball & Softball,21.0,,,,False
2016-12-26,6.692535441720275,0.0,Boxing & MMA,Prophet,Boxing & MMA,4.0,,,,False
2016-12-26,85.89194460561444,72.36302357960908,Camping & Hiking,Prophet,Camping & Hiking,92.0,,,,False
2016-12-26,244.0818839813081,199.64041210038886,Cardio Equipment,Prophet,Cardio Equipment,229.0,,,,False
2016-12-26,451.53238839428946,384.43009992858833,Cleats,Prophet,Cleats,480.0,,,,False
2016-12-26,75.14657287365586,57.81096969403723,Electronics,Prophet,Electronics,84.0,,,,False
2016-12-26,113.86554562690405,95.91616109360723,Fishing,Prophet,Fishing,142.0,,,,False
2016-12-26,4.526483898757665,0.0,Fitness Accessories,Prophet,Fitness Accessories,2.0,,,,False
2016-12-26,24.22851358741803,12.61523057201458,Girls' Apparel,Prophet,Girls' Apparel,27.0,,,,False
2016-12-26,8.65580981693704,3.4553796864242696,Golf Apparel,Prophet,Golf Apparel,18.0,,,,False
2016-12-26,35.09160058502436,21.126797746850443,Golf Balls,Prophet,Golf Balls,44.0,,,,False
2016-12-26,18.47206238245053,8.710619246883487,Golf Gloves,Prophet,Golf Gloves,17.0,,,,False
2016-12-26,10.111089531011974,2.6114686446390625,Golf Shoes,Prophet,Golf Shoes,25.0,,,,False
2016-12-26,15.192699132822343,7.359766995502763,Hockey,Prophet,Hockey,8.0,,,,False
2016-12-26,7.869633941077472,1.7529311691556755,Hunting & Shooting,Prophet,Hunting & Shooting,9.0,,,,False
2016-12-26,387.30734810051376,323.7575108657544,Indoor/Outdoor Games,Prophet,Indoor/Outdoor Games,423.0,,,,False
2016-12-26,6.562444697724469,0.7083679366125586,Lacrosse,Prophet,Lacrosse,4.0,,,,False
2016-12-26,150.1776066543822,126.069426120852,Men's Footwear,Prophet,Men's Footwear,173.0,,,,False
2016-12-26,202.57344828446776,160.751658247637,Shop By Sport,Prophet,Shop By Sport,130.0,,,,False
2016-12-26,10.220270437519268,0.0,Trade-In,Prophet,Trade-In,18.0,,,,False
2016-12-26,95.74650895522608,78.95146396490756,Water Sports,Prophet,Water Sports,112.0,,,,False
2016-12-26,400.6885565321445,332.80906775631354,Women's Apparel,Prophet,Women's Apparel,482.0,,,,False
2017-01-02,44.92352063632445,31.25736678404794,Accessories,Prophet,Accessories,41.0,,,,False
2017-01-02,6.4072590290873315,0.0,Baseball & Softball,Prophet,Baseball & Softball,15.0,,,,False
2017-01-02,8.250669488137621,0.5409813325795467,Boxing & MMA,Prophet,Boxing & MMA,3.0,,,,False
2017-01-02,91.73150880120524,77.35360045181643,Camping & Hiking,Prophet,Camping & Hiking,85.0,,,,False
2017-01-02,253.6686821685025,208.75446493407742,Cardio Equipment,Prophet,Cardio Equipment,311.0,,,,False
2017-01-02,468.08231258555986,401.7139477410725,Cleats,Prophet,Cleats,495.0,,,,False
2017-01-02,71.47175547776902,53.57235289148036,Electronics,Prophet,Electronics,62.0,,,,False
2017-01-02,116.38093032404376,96.0506840603224,Fishing,Prophet,Fishing,112.0,,,,False
2017-01-02,4.424012496123825,0.0,Fitness Accessories,Prophet,Fitness Accessories,8.0,,,,False
2017-01-02,21.35377948341613,9.045601806342566,Girls' Apparel,Prophet,Girls' Apparel,13.0,,,,False
2017-01-02,6.74268626628101,2.0559057022677503,Golf Apparel,Prophet,Golf Apparel,7.0,,,,False
2017-01-02,34.980181102786176,22.31930761608302,Golf Balls,Prophet,Golf Balls,31.0,,,,False
2017-01-02,13.410522013903776,3.847272708948932,Golf Gloves,Prophet,Golf Gloves,32.0,,,,False
2017-01-02,10.809538781539974,2.905219586032702,Golf Shoes,Prophet,Golf Shoes,4.0,,,,False
2017-01-02,12.242457016106954,4.176064086362213,Hockey,Prophet,Hockey,10.0,,,,False
2017-01-02,9.57799679799047,3.7563363141678723,Hunting & Shooting,Prophet,Hunting & Shooting,8.0,,,,False
2017-01-02,381.2068582919298,319.9028749077436,Indoor/Outdoor Games,Prophet,Indoor/Outdoor Games,372.0,,,,False
2017-01-02,7.623045220001604,1.9345452663386768,Lacrosse,Prophet,Lacrosse,7.0,,,,False
2017-01-02,146.95260572651875,123.0760766765306,Men's Footwear,Prophet,Men's Footwear,172.0,,,,False
2017-01-02,204.669789346251,166.15518032466184,Shop By Sport,Prophet,Shop By Sport,237.0,,,,False
2017-01-02,9.000790654453857,2.63635404297608,Tennis & Racquet,Prophet,Tennis & Racquet,12.0,,,,False
2017-01-02,11.173656471496349,0.626107338092218,Trade-In,Prophet,Trade-In,9.0,,,,False
2017-01-02,95.73048916113001,79.99523110326955,Water Sports,Prophet,Water Sports,116.0,,,,False
2017-01-02,425.48027584240475,358.15708477079613,Women's Apparel,Prophet,Women's Apparel,377.0,,,,False
2017-01-09,39.802424281224376,25.1800545918581,Accessories,Prophet,Accessories,36.0,,,,False
2017-01-09,9.159554051361528,0.20572177368924174,Baseball & Softball,Prophet,Baseball & Softball,8.0,,,,False
2017-01-09,11.697852644676665,3.694633843693531,Boxing & MMA,Prophet,Boxing & MMA,22.0,,,,False
2017-01-09,96.58701700665902,82.8222211619763,Camping & Hiking,Prophet,Camping & Hiking,105.0,,,,False
2017-01-09,264.25122922411765,219.16071231959535,Cardio Equipment,Prophet,Cardio Equipment,253.0,,,,False
2017-01-09,508.4325426758406,446.4018600918302,Cleats,Prophet,Cleats,506.0,,,,False
2017-01-09,70.72590372461828,51.2632835675363,Electronics,Prophet,Electronics,80.0,,,,False
2017-01-09,120.91418579734379,102.7644742731832,Fishing,Prophet,Fishing,116.0,,,,False
2017-01-09,7.407889900919602,1.734554740224653,Fitness Accessories,Prophet,Fitness Accessories,7.0,,,,False
2017-01-09,19.8001269955344,7.997930827869549,Girls' Apparel,Prophet,Girls' Apparel,28.0,,,,False
2017-01-09,4.351740909378025,0.0,Golf Apparel,Prophet,Golf Apparel,8.0,,,,False
2017-01-09,37.28372879167986,24.13757942553286,Golf Balls,Prophet,Golf Balls,43.0,,,,False
2017-01-09,12.380548412592841,3.3222329026622033,Golf Gloves,Prophet,Golf Gloves,11.0,,,,False
2017-01-09,10.97116576084176,3.341401153292247,Golf Shoes,Prophet,Golf Shoes,10.0,,,,False
2017-01-09,10.635613159703578,2.2490878324460377,Hockey,Prophet,Hockey,9.0,,,,False
2017-01-09,11.485000766005108,5.063485674855913,Hunting & Shooting,Prophet,Hunting & Shooting,7.0,,,,False
2017-01-09,388.00841817706754,325.1788509631795,Indoor/Outdoor Games,Prophet,Indoor/Outdoor Games,393.0,,,,False
2017-01-09,9.126192741731884,3.3697436959515823,Lacrosse,Prophet,Lacrosse,4.0,,,,False
2017-01-09,147.0857685868904,124.56674348822641,Men's Footwear,Prophet,Men's Footwear,141.0,,,,False
2017-01-09,218.72196176503076,179.39023069296823,Shop By Sport,Prophet,Shop By Sport,213.0,,,,False
2017-01-09,9.947509231624796,3.1205660513656617,Tennis & Racquet,Prophet,Tennis & Racquet,8.0,,,,False
2017-01-09,16.975814072256075,6.444407716412272,Trade-In,Prophet,Trade-In,23.0,,,,False
2017-01-09,98.62729024706803,80.59922376435814,Water Sports,Prophet,Water Sports,95.0,,,,False
2017-01-09,448.4808359917879,382.827582405984,Women's Apparel,Prophet,Women's Apparel,510.0,,,,False
2017-01-16,38.8182030945119,25.66894485374219,Accessories,Prophet,Accessories,35.0,,,,False
2017-01-16,13.082160087080286,4.725428586220088,Baseball & Softball,Prophet,Baseball & Softball,8.0,,,,False
2017-01-16,14.203947422745587,6.744056160441443,Boxing & MMA,Prophet,Boxing & MMA,11.0,,,,False
2017-01-16,97.1124498199502,83.14338901949004,Camping & Hiking,Prophet,Camping & Hiking,100.0,,,,False
2017-01-16,266.95947594875844,218.58600640104416,Cardio Equipment,Prophet,Cardio Equipment,305.0,,,,False
2017-01-16,533.4794911471664,469.4888959607452,Cleats,Prophet,Cleats,585.0,,,,False
2017-01-16,71.71348297985287,55.44371193405152,Electronics,Prophet,Electronics,51.0,,,,False
2017-01-16,123.12362974475602,104.0994258516004,Fishing,Prophet,Fishing,118.0,,,,False
2017-01-16,10.06179686511163,4.318134605672772,Fitness Accessories,Prophet,Fitness Accessories,14.0,,,,False
2017-01-16,19.354813904912184,7.570866844603605,Girls' Apparel,Prophet,Girls' Apparel,22.0,,,,False
2017-01-16,3.505574524643172,0.0,Golf Apparel,Prophet,Golf Apparel,5.0,,,,False
2017-01-16,38.23042601008941,26.086913940817723,Golf Balls,Prophet,Golf Balls,53.0,,,,False
2017-01-16,14.810451908390874,5.495725820172383,Golf Gloves,Prophet,Golf Gloves,12.0,,,,False
2017-01-16,11.00480235049567,3.499590590940629,Golf Shoes,Prophet,Golf Shoes,1.0,,,,False
2017-01-16,11.428639964794142,3.2441120674175985,Hockey,Prophet,Hockey,4.0,,,,False
2017-01-16,407.23540091261697,342.5306346906533,Indoor/Outdoor Games,Prophet,Indoor/Outdoor Games,388.0,,,,False
2017-01-16,9.50005595305597,3.592989114430938,Lacrosse,Prophet,Lacrosse,19.0,,,,False
2017-01-16,149.48837844214538,126.04190527771691,Men's Footwear,Prophet,Men's Footwear,141.0,,,,False
2017-01-16,232.5448737150451,190.88169566823981,Shop By Sport,Prophet,Shop By Sport,246.0,,,,False
2017-01-16,11.39789964375149,5.023932049210225,Tennis & Racquet,Prophet,Tennis & Racquet,20.0,,,,False
2017-01-16,22.983719331457955,10.469511420070413,Trade-In,Prophet,Trade-In,22.0,,,,False
2017-01-16,103.18786136120136,87.51530264089402,Water Sports,Prophet,Water Sports,89.0,,,,False
2017-01-16,450.86463159905384,385.10753165048317,Women's Apparel,Prophet,Women's Apparel,479.0,,,,False
2017-01-23,40.988428904707,27.64851129775457,Accessories,Prophet,Accessories,45.0,,,,False
2017-01-23,15.06463614296597,5.9905965919168445,Baseball & Softball,Prophet,Baseball & Softball,26.0,,,,False
2017-01-23,95.10498318000917,80.66628926263918,Camping & Hiking,Prophet,Camping & Hiking,88.0,,,,False
2017-01-23,262.0839508303862,217.25617058311843,Cardio Equipment,Prophet,Cardio Equipment,278.0,,,,False
2017-01-23,523.1929993023049,455.600016799383,Cleats,Prophet,Cleats,489.0,,,,False
2017-01-23,72.44223912009143,54.39748287470765,Electronics,Prophet,Electronics,77.0,,,,False
2017-01-23,121.52615693638909,102.31377855634469,Fishing,Prophet,Fishing,109.0,,,,False
2017-01-23,20.325961495687157,9.139829906059516,Girls' Apparel,Prophet,Girls' Apparel,11.0,,,,False
2017-01-23,4.57672279198479,0.0,Golf Apparel,Prophet,Golf Apparel,2.0,,,,False
2017-01-23,35.98528586255122,21.343704759244638,Golf Balls,Prophet,Golf Balls,38.0,,,,False
2017-01-23,17.039480478851573,7.624811605173889,Golf Gloves,Prophet,Golf Gloves,15.0,,,,False
2017-01-23,11.675774321961526,3.703766505969959,Golf Shoes,Prophet,Golf Shoes,4.0,,,,False
2017-01-23,13.368452688700522,5.358858885632203,Hockey,Prophet,Hockey,4.0,,,,False
2017-01-23,11.958563026615934,5.722692643800829,Hunting & Shooting,Prophet,Hunting & Shooting,16.0,,,,False
2017-01-23,429.51218068395156,364.9216076278537,Indoor/Outdoor Games,Prophet,Indoor/Outdoor Games,452.0,,,,False
2017-01-23,8.67599730471816,2.8504728949821074,Lacrosse,Prophet,Lacrosse,14.0,,,,False
2017-01-23,151.9420721366526,127.07181347472923,Men's Footwear,Prophet,Men's Footwear,150.0,,,,False
2017-01-23,234.29537880592588,192.6506092846153,Shop By Sport,Prophet,Shop By Sport,269.0,,,,False
2017-01-23,24.107714986460707,12.477960036774055,Trade-In,Prophet,Trade-In,34.0,,,,False
2017-01-23,107.73703946760659,89.6526972100089,Water Sports,Prophet,Water Sports,103.0,,,,False
2017-01-23,436.95124360876736,362.5227807098701,Women's Apparel,Prophet,Women's Apparel,414.0,,,,False
2017-01-30,43.32468141492381,29.779776674111563,Accessories,Prophet,Accessories,53.0,,,,False
2017-01-30,14.0692538491558,5.050758563708256,Baseball & Softball,Prophet,Baseball & Softball,16.0,,,,False
2017-01-30,11.09900434477779,3.371830913723326,Boxing & MMA,Prophet,Boxing & MMA,5.0,,,,False
2017-01-30,94.77417357506376,80.96510974507336,Camping & Hiking,Prophet,Camping & Hiking,108.0,,,,False
2017-01-30,256.1629694049482,208.93937947064188,Cardio Equipment,Prophet,Cardio Equipment,323.0,,,,False
2017-01-30,494.571989372529,430.49942970337264,Cleats,Prophet,Cleats,502.0,,,,False
2017-01-30,72.69570728021121,54.971862719297576,Electronics,Prophet,Electronics,67.0,,,,False
2017-01-30,118.768551006055,99.79811401542902,Fishing,Prophet,Fishing,137.0,,,,False
2017-01-30,6.202114586169649,0.4150474316239506,Fitness Accessories,Prophet,Fitness Accessories,2.0,,,,False
2017-01-30,23.780680261960306,12.404753670356431,Girls' Apparel,Prophet,Girls' Apparel,13.0,,,,False
2017-01-30,6.212813476307872,1.3012575525409176,Golf Apparel,Prophet,Golf Apparel,14.0,,,,False
2017-01-30,33.14089464848647,19.71254350203492,Golf Balls,Prophet,Golf Balls,25.0,,,,False
2017-01-30,16.748344953133532,6.531402471982979,Golf Gloves,Prophet,Golf Gloves,17.0,,,,False
2017-01-30,13.043048173390066,5.318936148563124,Golf Shoes,Prophet,Golf Shoes,14.0,,,,False
2017-01-30,14.465178096278521,6.075526304719792,Hockey,Prophet,Hockey,22.0,,,,False
2017-01-30,10.772739955137988,4.434447343130953,Hunting & Shooting,Prophet,Hunting & Shooting,7.0,,,,False
2017-01-30,441.10308455768154,380.9817713142642,Indoor/Outdoor Games,Prophet,Indoor/Outdoor Games,449.0,,,,False
2017-01-30,153.13103993729706,130.28223054946048,Men's Footwear,Prophet,Men's Footwear,153.0,,,,False
2017-01-30,223.53796172128688,182.5679005305059,Shop By Sport,Prophet,Shop By Sport,259.0,,,,False
2017-01-30,12.614871116279737,5.937868983148577,Tennis & Racquet,Prophet,Tennis & Racquet,19.0,,,,False
2017-01-30,19.567932275337082,8.555751244449123,Trade-In,Prophet,Trade-In,24.0,,,,False
2017-01-30,110.29540561490818,93.15692736321424,Water Sports,Prophet,Water Sports,111.0,,,,False
2017-01-30,427.55370868606036,360.5535452962118,Women's Apparel,Prophet,Women's Apparel,455.0,,,,False
2017-02-06,44.57963311229059,30.46200078093793,Accessories,Prophet,Accessories,55.0,,,,False
2017-02-06,11.66087430171735,2.669324940986893,Baseball & Softball,Prophet,Baseball & Softball,9.0,,,,False
2017-02-06,9.129687859295187,0.7716885932455694,Boxing & MMA,Prophet,Boxing & MMA,5.0,,,,False
2017-02-06,97.57194960729818,83.48104368246464,Camping & Hiking,Prophet,Camping & Hiking,97.0,,,,False
2017-02-06,254.3298311595974,212.28962361896325,Cardio Equipment,Prophet,Cardio Equipment,277.0,,,,False
2017-02-06,481.6520337304969,416.4502728082697,Cleats,Prophet,Cleats,487.0,,,,False
2017-02-06,74.04394219934505,56.27723491857555,Electronics,Prophet,Electronics,74.0,,,,False
2017-02-06,118.27079127605366,99.56338911844837,Fishing,Prophet,Fishing,133.0,,,,False
2017-02-06,29.826389250995405,18.081119846242352,Girls' Apparel,Prophet,Girls' Apparel,27.0,,,,False
2017-02-06,6.950687613565116,2.0025073210007354,Golf Apparel,Prophet,Golf Apparel,6.0,,,,False
2017-02-06,33.469672622325966,20.428122504908348,Golf Balls,Prophet,Golf Balls,44.0,,,,False
2017-02-06,15.36212050624598,5.898263172205217,Golf Gloves,Prophet,Golf Gloves,8.0,,,,False
2017-02-06,14.037696783875086,5.951319010881033,Golf Shoes,Prophet,Golf Shoes,12.0,,,,False
2017-02-06,13.984229899141098,5.330089411582125,Hockey,Prophet,Hockey,25.0,,,,False
2017-02-06,10.123706725044146,3.8684543782466667,Hunting & Shooting,Prophet,Hunting & Shooting,5.0,,,,False
2017-02-06,434.4490529392158,376.28682151202196,Indoor/Outdoor Games,Prophet,Indoor/Outdoor Games,439.0,,,,False
2017-02-06,9.513229409170497,3.590996129557723,Lacrosse,Prophet,Lacrosse,3.0,,,,False
2017-02-06,153.17604925751723,129.79519362481665,Men's Footwear,Prophet,Men's Footwear,129.0,,,,False
2017-02-06,211.3482882664021,171.9184043224757,Shop By Sport,Prophet,Shop By Sport,202.0,,,,False
2017-02-06,11.475615404205424,4.951441049311867,Tennis & Racquet,Prophet,Tennis & Racquet,24.0,,,,False
2017-02-06,13.625174984260166,2.5813843233115175,Trade-In,Prophet,Trade-In,22.0,,,,False
2017-02-06,109.60332223440882,92.58885913402412,Water Sports,Prophet,Water Sports,120.0,,,,False
2017-02-06,436.00903513994416,367.4025277020061,Women's Apparel,Prophet,Women's Apparel,467.0,,,,False
2017-02-13,45.60250718772299,30.378576034283316,Accessories,Prophet,Accessories,42.0,,,,False
2017-02-13,10.078146769462725,1.1154173078249823,Baseball & Softball,Prophet,Baseball & Softball,10.0,,,,False
2017-02-13,9.408558724506298,0.8293115461220676,Boxing & MMA,Prophet,Boxing & MMA,6.0,,,,False
2017-02-13,100.75513493311126,85.65291646070291,Camping & Hiking,Prophet,Camping & Hiking,110.0,,,,False
2017-02-13,256.44930789846103,209.28242659224819,Cardio Equipment,Prophet,Cardio Equipment,278.0,,,,False
2017-02-13,500.11979154599214,433.1297838307005,Cleats,Prophet,Cleats,558.0,,,,False
2017-02-13,77.39063673315772,58.992474274751736,Electronics,Prophet,Electronics,91.0,,,,False
2017-02-13,120.28697019381025,101.31522147984802,Fishing,Prophet,Fishing,118.0,,,,False
2017-02-13,3.9815872523873006,0.0,Fitness Accessories,Prophet,Fitness Accessories,11.0,,,,False
2017-02-13,35.95795038375958,25.15865709509144,Girls' Apparel,Prophet,Girls' Apparel,35.0,,,,False
2017-02-13,6.605445500127256,1.6126053106889064,Golf Apparel,Prophet,Golf Apparel,5.0,,,,False
2017-02-13,36.750678432451735,22.64001164278338,Golf Balls,Prophet,Golf Balls,38.0,,,,False
2017-02-13,15.853866463521907,5.4692755658945895,Golf Gloves,Prophet,Golf Gloves,20.0,,,,False
2017-02-13,13.429174347557371,5.524463479484801,Golf Shoes,Prophet,Golf Shoes,11.0,,,,False
2017-02-13,12.668882230525425,4.1773900852370485,Hockey,Prophet,Hockey,9.0,,,,False
2017-02-13,10.553711149136399,4.085232990052601,Hunting & Shooting,Prophet,Hunting & Shooting,12.0,,,,False
2017-02-13,415.39025063363664,355.95634927237876,Indoor/Outdoor Games,Prophet,Indoor/Outdoor Games,431.0,,,,False
2017-02-13,12.0451838650581,6.448580859930299,Lacrosse,Prophet,Lacrosse,16.0,,,,False
2017-02-13,152.75593387584354,130.0199663930698,Men's Footwear,Prophet,Men's Footwear,124.0,,,,False
2017-02-13,209.3025877936516,167.56384687843493,Shop By Sport,Prophet,Shop By Sport,168.0,,,,False
2017-02-13,11.435456849513884,0.32342209515278647,Trade-In,Prophet,Trade-In,9.0,,,,False
2017-02-13,106.50575940043723,89.88040677574047,Water Sports,Prophet,Water Sports,103.0,,,,False
2017-02-13,454.31645739895265,380.5328883562461,Women's Apparel,Prophet,Women's Apparel,465.0,,,,False
2017-02-20,46.81060908424411,33.82929778140436,Accessories,Prophet,Accessories,35.0,,,,False
2017-02-20,10.122460164263508,1.6131699777372919,Baseball & Softball,Prophet,Baseball & Softball,19.0,,,,False
2017-02-20,11.014621883080263,2.886226859277119,Boxing & MMA,Prophet,Boxing & MMA,12.0,,,,False
2017-02-20,101.0169083039229,87.02883502471687,Camping & Hiking,Prophet,Camping & Hiking,107.0,,,,False
2017-02-20,259.1704086823232,216.5929544084553,Cardio Equipment,Prophet,Cardio Equipment,345.0,,,,False
2017-02-20,532.9073651638535,467.09805172058145,Cleats,Prophet,Cleats,587.0,,,,False
2017-02-20,81.22389319342173,63.52327705470858,Electronics,Prophet,Electronics,65.0,,,,False
2017-02-20,121.86213272950253,102.87106581608018,Fishing,Prophet,Fishing,102.0,,,,False
2017-02-20,5.595621814025,0.0052383871457210105,Fitness Accessories,Prophet,Fitness Accessories,3.0,,,,False
2017-02-20,38.23285516696398,27.027128393662423,Girls' Apparel,Prophet,Girls' Apparel,45.0,,,,False
2017-02-20,6.0191430241090025,0.9255541515970505,Golf Apparel,Prophet,Golf Apparel,9.0,,,,False
2017-02-20,38.37898862543452,26.13792717462388,Golf Balls,Prophet,Golf Balls,44.0,,,,False
2017-02-20,18.95757008302193,8.817372500423518,Golf Gloves,Prophet,Golf Gloves,22.0,,,,False
2017-02-20,11.325083559879914,3.4229294085166324,Golf Shoes,Prophet,Golf Shoes,4.0,,,,False
2017-02-20,11.438516186857356,3.0280817606499766,Hockey,Prophet,Hockey,15.0,,,,False
2017-02-20,398.2489014808825,337.18947459928773,Indoor/Outdoor Games,Prophet,Indoor/Outdoor Games,470.0,,,,False
2017-02-20,13.677728119286206,7.918645458798265,Lacrosse,Prophet,Lacrosse,18.0,,,,False
2017-02-20,152.18482738473176,129.263723989586,Men's Footwear,Prophet,Men's Footwear,169.0,,,,False
2017-02-20,218.3786331812561,177.78510023903888,Shop By Sport,Prophet,Shop By Sport,208.0,,,,False
2017-02-20,9.237399835648791,3.2628284582452953,Tennis & Racquet,Prophet,Tennis & Racquet,4.0,,,,False
2017-02-20,14.283741196347087,2.7314021040660785,Trade-In,Prophet,Trade-In,13.0,,,,False
2017-02-20,103.73249104473601,87.06081745614686,Water Sports,Prophet,Water Sports,96.0,,,,False
2017-02-20,463.39846068702195,391.9827854838349,Women's Apparel,Prophet,Women's Apparel,514.0,,,,False
2017-02-27,47.06659461733873,32.75302518001375,Accessories,Prophet,Accessories,23.0,,,,False
2017-02-27,10.993769635720188,1.7686357425164223,Baseball & Softball,Prophet,Baseball & Softball,17.0,,,,False
2017-02-27,12.062133420226798,4.415380268114936,Boxing & MMA,Prophet,Boxing & MMA,6.0,,,,False
2017-02-27,98.49141571077868,85.52961379323567,Camping & Hiking,Prophet,Camping & Hiking,113.0,,,,False
2017-02-27,259.6450843080162,212.20396375672615,Cardio Equipment,Prophet,Cardio Equipment,249.0,,,,False
2017-02-27,549.0511679159976,480.6565487504404,Cleats,Prophet,Cleats,510.0,,,,False
2017-02-27,82.79044838997389,65.59488996261302,Electronics,Prophet,Electronics,90.0,,,,False
2017-02-27,120.51355160812176,101.03491958036473,Fishing,Prophet,Fishing,112.0,,,,False
2017-02-27,6.215707590008146,0.4849234568638352,Fitness Accessories,Prophet,Fitness Accessories,16.0,,,,False
2017-02-27,34.94282479415239,23.402655828755922,Girls' Apparel,Prophet,Girls' Apparel,19.0,,,,False
2017-02-27,5.7685758817694985,0.7634001970446698,Golf Apparel,Prophet,Golf Apparel,5.0,,,,False
2017-02-27,34.82762016908234,21.07246206812441,Golf Balls,Prophet,Golf Balls,42.0,,,,False
2017-02-27,22.39090577584902,12.621352940625043,Golf Gloves,Prophet,Golf Gloves,31.0,,,,False
2017-02-27,9.429151451110826,1.4867716760566538,Golf Shoes,Prophet,Golf Shoes,3.0,,,,False
2017-02-27,10.488168829744763,1.9318138730500853,Hockey,Prophet,Hockey,16.0,,,,False
2017-02-27,11.167109018654978,4.96547339896955,Hunting & Shooting,Prophet,Hunting & Shooting,14.0,,,,False
2017-02-27,392.3981366223095,330.1345743496754,Indoor/Outdoor Games,Prophet,Indoor/Outdoor Games,300.0,,,,False
2017-02-27,12.866482131575651,7.275671067807672,Lacrosse,Prophet,Lacrosse,16.0,,,,False
2017-02-27,151.46063030350842,128.45903037898046,Men's Footwear,Prophet,Men's Footwear,147.0,,,,False
2017-02-27,228.93464114840168,187.7624908895955,Shop By Sport,Prophet,Shop By Sport,236.0,,,,False
2017-02-27,9.630982392128377,3.092552330358931,Tennis & Racquet,Prophet,Tennis & Racquet,18.0,,,,False
2017-02-27,19.023523041641056,8.320077342806838,Trade-In,Prophet,Trade-In,21.0,,,,False
2017-02-27,103.5558482258507,85.79242964338144,Water Sports,Prophet,Water Sports,120.0,,,,False
2017-02-27,454.09028245108203,390.8303625581943,Women's Apparel,Prophet,Women's Apparel,530.0,,,,False
2017-03-06,45.70264884310902,31.954760088703107,Accessories,Prophet,Accessories,70.0,,,,False
2017-03-06,11.817379970932045,2.3867624906371714,Baseball & Softball,Prophet,Baseball & Softball,16.0,,,,False
2017-03-06,11.960213653791177,4.225441841835832,Boxing & MMA,Prophet,Boxing & MMA,12.0,,,,False
2017-03-06,96.39905064966533,82.32888241318363,Camping & Hiking,Prophet,Camping & Hiking,98.0,,,,False
2017-03-06,257.0898701149026,214.1192900167008,Cardio Equipment,Prophet,Cardio Equipment,227.0,,,,False
2017-03-06,534.402237763457,470.4201528618187,Cleats,Prophet,Cleats,527.0,,,,False
2017-03-06,80.72846288421744,63.426902926474725,Electronics,Prophet,Electronics,69.0,,,,False
2017-03-06,117.26041402269223,98.97974529728909,Fishing,Prophet,Fishing,120.0,,,,False
2017-03-06,5.526716718644454,0.0,Fitness Accessories,Prophet,Fitness Accessories,3.0,,,,False
2017-03-06,28.923246610893983,18.80758746999105,Girls' Apparel,Prophet,Girls' Apparel,25.0,,,,False
2017-03-06,5.549876845383984,0.4235387406610346,Golf Apparel,Prophet,Golf Apparel,11.0,,,,False
2017-03-06,28.48193201948034,14.946953284173606,Golf Balls,Prophet,Golf Balls,22.0,,,,False
2017-03-06,23.677925696456,14.504303160975413,Golf Gloves,Prophet,Golf Gloves,21.0,,,,False
2017-03-06,9.43135559902921,1.2515603923836787,Golf Shoes,Prophet,Golf Shoes,6.0,,,,False
2017-03-06,9.683270549158458,1.0156200574897598,Hockey,Prophet,Hockey,18.0,,,,False
2017-03-06,9.636973141221947,3.055559865972239,Hunting & Shooting,Prophet,Hunting & Shooting,4.0,,,,False
2017-03-06,394.5274366246505,329.59139566955355,Indoor/Outdoor Games,Prophet,Indoor/Outdoor Games,435.0,,,,False
2017-03-06,10.358980323027698,4.463616042349116,Lacrosse,Prophet,Lacrosse,13.0,,,,False
2017-03-06,151.03822631101494,126.93744966636619,Men's Footwear,Prophet,Men's Footwear,163.0,,,,False
2017-03-06,231.42981276536847,190.32178463790194,Shop By Sport,Prophet,Shop By Sport,202.0,,,,False
2017-03-06,10.376151688765939,3.8135511119483656,Tennis & Racquet,Prophet,Tennis & Racquet,7.0,,,,False
2017-03-06,21.908942600326533,11.282558401897978,Trade-In,Prophet,Trade-In,19.0,,,,False
2017-03-06,105.62982093502302,88.98744750350257,Water Sports,Prophet,Water Sports,101.0,,,,False
2017-03-06,435.53030041335825,369.9778174479048,Women's Apparel,Prophet,Women's Apparel,512.0,,,,False
2017-03-13,44.463332832683605,30.93390587040909,Accessories,Prophet,Accessories,46.0,,,,False
2017-03-13,12.79352129052535,4.188056225099393,Baseball & Softball,Prophet,Baseball & Softball,12.0,,,,False
2017-03-13,97.127756820291,83.44072457621874,Camping & Hiking,Prophet,Camping & Hiking,103.0,,,,False
2017-03-13,252.50141534540035,206.74252126941528,Cardio Equipment,Prophet,Cardio Equipment,275.0,,,,False
2017-03-13,503.5145339114405,436.9121485532948,Cleats,Prophet,Cleats,579.0,,,,False
2017-03-13,75.99150227333915,58.53115866982644,Electronics,Prophet,Electronics,76.0,,,,False
2017-03-13,115.57505626306049,96.46122506696697,Fishing,Prophet,Fishing,115.0,,,,False
2017-03-13,5.3753377920912015,0.0,Fitness Accessories,Prophet,Fitness Accessories,11.0,,,,False
2017-03-13,25.379308665951207,14.34288956795217,Girls' Apparel,Prophet,Girls' Apparel,15.0,,,,False
2017-03-13,4.933546359423307,0.0,Golf Apparel,Prophet,Golf Apparel,3.0,,,,False
2017-03-13,25.53179419003213,12.434034729594268,Golf Balls,Prophet,Golf Balls,24.0,,,,False
2017-03-13,22.813744165663945,12.779445735494937,Golf Gloves,Prophet,Golf Gloves,26.0,,,,False
2017-03-13,11.113982826537235,2.9604961966983594,Golf Shoes,Prophet,Golf Shoes,3.0,,,,False
2017-03-13,9.188640616493538,0.7148151627689816,Hockey,Prophet,Hockey,5.0,,,,False
2017-03-13,7.84519078520667,1.2739868145717814,Hunting & Shooting,Prophet,Hunting & Shooting,5.0,,,,False
2017-03-13,395.23864762945743,330.26545504556134,Indoor/Outdoor Games,Prophet,Indoor/Outdoor Games,413.0,,,,False
2017-03-13,8.489291009036679,2.8661060012362407,Lacrosse,Prophet,Lacrosse,3.0,,,,False
2017-03-13,152.1480313147578,127.90080162851345,Men's Footwear,Prophet,Men's Footwear,153.0,,,,False
2017-03-13,226.27324070456535,188.98936898811243,Shop By Sport,Prophet,Shop By Sport,242.0,,,,False
2017-03-13,10.417062497063696,3.86425961225535,Tennis & Racquet,Prophet,Tennis & Racquet,7.0,,,,False
2017-03-13,22.341865345256448,11.30077028221515,Trade-In,Prophet,Trade-In,32.0,,,,False
2017-03-13,107.58926351714933,90.42307066974364,Water Sports,Prophet,Water Sports,118.0,,,,False
2017-03-13,423.88918962452215,353.5207497259921,Women's Apparel,Prophet,Women's Apparel,406.0,,,,False
2017-03-20,45.88476757134506,32.46774889315254,Accessories,Prophet,Accessories,36.0,,,,False
2017-03-20,14.60083944694729,6.82495564597828,Baseball & Softball,Prophet,Baseball & Softball,31.0,,,,False
2017-03-20,11.808227150751057,4.109561363474138,Boxing & MMA,Prophet,Boxing & MMA,12.0,,,,False
2017-03-20,99.63923638342973,86.47374707052997,Camping & Hiking,Prophet,Camping & Hiking,107.0,,,,False
2017-03-20,248.20924869876578,203.6734213338954,Cardio Equipment,Prophet,Cardio Equipment,266.0,,,,False
2017-03-20,483.5635206331767,417.6795574014165,Cleats,Prophet,Cleats,442.0,,,,False
2017-03-20,70.28475886429072,52.63323966036419,Electronics,Prophet,Electronics,59.0,,,,False
2017-03-20,117.55873894125007,98.05601234554385,Fishing,Prophet,Fishing,105.0,,,,False
2017-03-20,6.984520780774577,1.0498782585185131,Fitness Accessories,Prophet,Fitness Accessories,17.0,,,,False
2017-03-20,26.96951980664987,14.929148154902382,Girls' Apparel,Prophet,Girls' Apparel,34.0,,,,False
2017-03-20,4.361196448164894,0.0,Golf Apparel,Prophet,Golf Apparel,3.0,,,,False
2017-03-20,28.885632147379745,16.094122096952194,Golf Balls,Prophet,Golf Balls,25.0,,,,False
2017-03-20,21.636525328769782,11.625538063693325,Golf Gloves,Prophet,Golf Gloves,23.0,,,,False
2017-03-20,12.4243414153337,4.619023655881337,Golf Shoes,Prophet,Golf Shoes,6.0,,,,False
2017-03-20,9.191359910987195,0.5855568205914892,Hockey,Prophet,Hockey,5.0,,,,False
2017-03-20,7.644776223612302,0.9693773300446243,Hunting & Shooting,Prophet,Hunting & Shooting,6.0,,,,False
2017-03-20,391.8150527481621,331.39094926130366,Indoor/Outdoor Games,Prophet,Indoor/Outdoor Games,358.0,,,,False
2017-03-20,8.767683309018118,3.1673181423979484,Lacrosse,Prophet,Lacrosse,11.0,,,,False
2017-03-20,155.793340175052,134.60804299221545,Men's Footwear,Prophet,Men's Footwear,175.0,,,,False
2017-03-20,222.33461158449515,182.98874975966064,Shop By Sport,Prophet,Shop By Sport,238.0,,,,False
2017-03-20,9.640113210463879,3.3412024442351855,Tennis & Racquet,Prophet,Tennis & Racquet,2.0,,,,False
2017-03-20,22.531451078744542,12.045933912847843,Trade-In,Prophet,Trade-In,22.0,,,,False
2017-03-20,107.83903739197596,90.71042127442534,Water Sports,Prophet,Water Sports,102.0,,,,False
2017-03-20,425.82722225872226,359.93625452924243,Women's Apparel,Prophet,Women's Apparel,425.0,,,,False
2017-03-27,49.67690259840964,35.65215049664494,Accessories,Prophet,Accessories,49.0,,,,False
2017-03-27,16.902677433223293,7.749295165126754,Baseball & Softball,Prophet,Baseball & Softball,10.0,,,,False
2017-03-27,12.17191353477999,4.5283494273339215,Boxing & MMA,Prophet,Boxing & MMA,3.0,,,,False
2017-03-27,101.03747030876866,87.44082466467134,Camping & Hiking,Prophet,Camping & Hiking,92.0,,,,False
2017-03-27,247.0066609483486,201.79907941125433,Cardio Equipment,Prophet,Cardio Equipment,261.0,,,,False
2017-03-27,488.6545619225787,418.9100816263998,Cleats,Prophet,Cleats,447.0,,,,False
2017-03-27,64.48803926746723,48.093563622687576,Electronics,Prophet,Electronics,102.0,,,,False
2017-03-27,121.64738904996612,102.66074563668424,Fishing,Prophet,Fishing,124.0,,,,False
2017-03-27,31.343351684844087,19.761022640330854,Girls' Apparel,Prophet,Girls' Apparel,28.0,,,,False
2017-03-27,4.908178174469549,0.0,Golf Apparel,Prophet,Golf Apparel,1.0,,,,False
2017-03-27,34.50331957801528,21.328028498883054,Golf Balls,Prophet,Golf Balls,35.0,,,,False
2017-03-27,21.1825951135881,11.805928956220274,Golf Gloves,Prophet,Golf Gloves,35.0,,,,False
2017-03-27,11.744139073650304,4.294259054470253,Golf Shoes,Prophet,Golf Shoes,11.0,,,,False
2017-03-27,9.274475925638306,1.4421337304756816,Hockey,Prophet,Hockey,11.0,,,,False
2017-03-27,9.938863693921865,4.131034166238194,Hunting & Shooting,Prophet,Hunting & Shooting,14.0,,,,False
2017-03-27,391.28584204327336,329.8049967957549,Indoor/Outdoor Games,Prophet,Indoor/Outdoor Games,432.0,,,,False
2017-03-27,161.03632056992004,137.92475083717252,Men's Footwear,Prophet,Men's Footwear,172.0,,,,False
2017-03-27,226.21805337959665,188.21847123667163,Shop By Sport,Prophet,Shop By Sport,224.0,,,,False
2017-03-27,9.057636504973651,2.534340611515438,Tennis & Racquet,Prophet,Tennis & Racquet,3.0,,,,False
2017-03-27,23.939480062104508,13.251344967943151,Trade-In,Prophet,Trade-In,11.0,,,,False
2017-03-27,107.2172715476217,90.56609737912103,Water Sports,Prophet,Water Sports,124.0,,,,False
2017-03-27,434.063392271593,368.20749754721396,Women's Apparel,Prophet,Women's Apparel,445.0,,,,False
2017-04-03,52.12456881164134,38.440358163813414,Accessories,Prophet,Accessories,65.0,,,,False
2017-04-03,17.93560394195175,9.951808414052534,Baseball & Softball,Prophet,Baseball & Softball,20.0,,,,False
2017-04-03,12.17059655060391,4.230855083218245,Boxing & MMA,Prophet,Boxing & MMA,9.0,,,,False
2017-04-03,99.97088146337883,86.71698487396795,Camping & Hiking,Prophet,Camping & Hiking,99.0,,,,False
2017-04-03,250.0140255510298,204.9435490805731,Cardio Equipment,Prophet,Cardio Equipment,226.0,,,,False
2017-04-03,509.24550882155177,446.16014234907226,Cleats,Prophet,Cleats,514.0,,,,False
2017-04-03,59.287297292113905,42.582372299913764,Electronics,Prophet,Electronics,71.0,,,,False
2017-04-03,124.2364616734024,104.98550029663402,Fishing,Prophet,Fishing,126.0,,,,False
2017-04-03,9.576213199132656,3.970407580307971,Fitness Accessories,Prophet,Fitness Accessories,5.0,,,,False
2017-04-03,33.919083244484796,22.853190480679523,Girls' Apparel,Prophet,Girls' Apparel,21.0,,,,False
2017-04-03,6.912911477529983,1.932531462447994,Golf Apparel,Prophet,Golf Apparel,13.0,,,,False
2017-04-03,35.88293421277228,22.903827961008446,Golf Balls,Prophet,Golf Balls,27.0,,,,False
2017-04-03,20.68477291131694,11.51805197425858,Golf Gloves,Prophet,Golf Gloves,32.0,,,,False
2017-04-03,9.940407814588676,2.1562087326244845,Golf Shoes,Prophet,Golf Shoes,10.0,,,,False
2017-04-03,8.768622215435613,0.16914171681454146,Hockey,Prophet,Hockey,9.0,,,,False
2017-04-03,13.598468502065801,7.614112662737582,Hunting & Shooting,Prophet,Hunting & Shooting,20.0,,,,False
2017-04-03,399.82799223448353,335.37150626909016,Indoor/Outdoor Games,Prophet,Indoor/Outdoor Games,422.0,,,,False
2017-04-03,11.105932179840583,5.220937016392022,Lacrosse,Prophet,Lacrosse,7.0,,,,False
2017-04-03,164.50674961303739,142.72615188187882,Men's Footwear,Prophet,Men's Footwear,157.0,,,,False
2017-04-03,234.60776985185694,195.55559611209375,Shop By Sport,Prophet,Shop By Sport,254.0,,,,False
2017-04-03,9.628320939747354,3.4179413044584877,Tennis & Racquet,Prophet,Tennis & Racquet,8.0,,,,False
2017-04-03,24.980242847053013,14.6532851639481,Trade-In,Prophet,Trade-In,41.0,,,,False
2017-04-03,107.57470724379147,91.65710758065083,Water Sports,Prophet,Water Sports,106.0,,,,False
2017-04-03,437.00296394707345,369.93234446167565,Women's Apparel,Prophet,Women's Apparel,375.0,,,,False
2017-04-10,50.200596870704075,36.471372430894725,Accessories,Prophet,Accessories,51.0,,,,False
2017-04-10,15.96090095982557,7.481092665142457,Baseball & Softball,Prophet,Baseball & Softball,14.0,,,,False
2017-04-10,12.294319544829111,4.680940245799431,Boxing & MMA,Prophet,Boxing & MMA,5.0,,,,False
2017-04-10,97.72409988433022,82.7837857082632,Camping & Hiking,Prophet,Camping & Hiking,96.0,,,,False
2017-04-10,254.89258282372143,212.24871282499896,Cardio Equipment,Prophet,Cardio Equipment,269.0,,,,False
2017-04-10,524.2474400429261,464.63707743830116,Cleats,Prophet,Cleats,469.0,,,,False
2017-04-10,56.76079885608631,39.557936622283385,Electronics,Prophet,Electronics,52.0,,,,False
2017-04-10,123.26072187253705,103.87407045826073,Fishing,Prophet,Fishing,115.0,,,,False
2017-04-10,8.154998422062075,2.467531158446504,Fitness Accessories,Prophet,Fitness Accessories,1.0,,,,False
2017-04-10,32.81660611527897,20.950596240398372,Girls' Apparel,Prophet,Girls' Apparel,46.0,,,,False
2017-04-10,9.1419476031124,3.8068786784944963,Golf Apparel,Prophet,Golf Apparel,11.0,,,,False
2017-04-10,31.68086010522761,19.14500536125541,Golf Balls,Prophet,Golf Balls,23.0,,,,False
2017-04-10,19.352122925753648,9.869752447110304,Golf Gloves,Prophet,Golf Gloves,15.0,,,,False
2017-04-10,9.699718972339976,2.077656095063679,Golf Shoes,Prophet,Golf Shoes,6.0,,,,False
2017-04-10,7.9295267690805735,0.0,Hockey,Prophet,Hockey,5.0,,,,False
2017-04-10,16.09505528322365,9.606918184253965,Hunting & Shooting,Prophet,Hunting & Shooting,25.0,,,,False
2017-04-10,412.1563658925914,351.7894213578103,Indoor/Outdoor Games,Prophet,Indoor/Outdoor Games,435.0,,,,False
2017-04-10,9.899511398310544,4.241148073287599,Lacrosse,Prophet,Lacrosse,2.0,,,,False
2017-04-10,162.54925316164787,138.6467427612436,Men's Footwear,Prophet,Men's Footwear,157.0,,,,False
2017-04-10,238.32012940103647,198.21422819492145,Shop By Sport,Prophet,Shop By Sport,223.0,,,,False
2017-04-10,10.990923474849813,4.531709075870921,Tennis & Racquet,Prophet,Tennis & Racquet,8.0,,,,False
2017-04-10,22.747494431081257,12.045453821045147,Trade-In,Prophet,Trade-In,5.0,,,,False
2017-04-10,109.24063904718913,92.28789153341364,Water Sports,Prophet,Water Sports,113.0,,,,False
2017-04-10,430.17728670716036,362.98267328347356,Women's Apparel,Prophet,Women's Apparel,405.0,,,,False
2017-04-17,45.79229661645091,31.73196969644383,Accessories,Prophet,Accessories,25.0,,,,False
2017-04-17,11.21456155077332,2.3128387313295726,Baseball & Softball,Prophet,Baseball & Softball,14.0,,,,False
2017-04-17,13.51748593367444,5.9448045333195045,Boxing & MMA,Prophet,Boxing & MMA,12.0,,,,False
2017-04-17,96.1783466083722,81.75801462167789,Camping & Hiking,Prophet,Camping & Hiking,111.0,,,,False
2017-04-17,257.31772886669006,209.24328707766298,Cardio Equipment,Prophet,Cardio Equipment,292.0,,,,False
2017-04-17,521.6064799677146,452.68981783862597,Cleats,Prophet,Cleats,565.0,,,,False
2017-04-17,59.73999588157835,41.857372915787316,Electronics,Prophet,Electronics,54.0,,,,False
2017-04-17,119.89638755509213,101.49662307900373,Fishing,Prophet,Fishing,126.0,,,,False
2017-04-17,6.975800423108376,1.0028455973005426,Fitness Accessories,Prophet,Fitness Accessories,3.0,,,,False
2017-04-17,30.38897730130977,18.783781264888233,Girls' Apparel,Prophet,Girls' Apparel,40.0,,,,False
2017-04-17,9.727871565443124,5.3903279677431755,Golf Apparel,Prophet,Golf Apparel,6.0,,,,False
2017-04-17,27.405307384965077,14.482636195727542,Golf Balls,Prophet,Golf Balls,33.0,,,,False
2017-04-17,18.199684995605846,8.939231256096773,Golf Gloves,Prophet,Golf Gloves,17.0,,,,False
2017-04-17,12.593559997232877,4.958672960456502,Golf Shoes,Prophet,Golf Shoes,10.0,,,,False
2017-04-17,8.171784770988289,0.04701122601099929,Hockey,Prophet,Hockey,13.0,,,,False
2017-04-17,15.480247232446047,9.391231993691743,Hunting & Shooting,Prophet,Hunting & Shooting,14.0,,,,False
2017-04-17,415.49430164542025,354.3330795436906,Indoor/Outdoor Games,Prophet,Indoor/Outdoor Games,394.0,,,,False
2017-04-17,3.464523842100278,0.0,Kids' Golf Clubs,Prophet,Kids' Golf Clubs,4.0,,,,False
2017-04-17,7.911326062796547,2.294797817354011,Lacrosse,Prophet,Lacrosse,5.0,,,,False
2017-04-17,154.86327739954086,132.28201978030322,Men's Footwear,Prophet,Men's Footwear,160.0,,,,False
2017-04-17,3.9873099405238555,0.0,Men's Golf Clubs,Prophet,Men's Golf Clubs,4.0,,,,False
2017-04-17,233.1643527708853,195.23466469334596,Shop By Sport,Prophet,Shop By Sport,269.0,,,,False
2017-04-17,3.229804757672511,0.0,Soccer,Prophet,Soccer,4.0,,,,False
2017-04-17,11.632374459122431,5.174404782331973,Tennis & Racquet,Prophet,Tennis & Racquet,4.0,,,,False
2017-04-17,16.72006194409991,5.978656494665866,Trade-In,Prophet,Trade-In,29.0,,,,False
2017-04-17,110.75213323217805,93.90226228252699,Water Sports,Prophet,Water Sports,107.0,,,,False
2017-04-17,418.57331698638336,345.783216495694,Women's Apparel,Prophet,Women's Apparel,389.0,,,,False
2017-04-17,8.662513850299113,4.251835180700789,Women's Golf Clubs,Prophet,Women's Golf Clubs,8.0,,,,False
2017-04-23,44.265786800749446,29.88752503879388,Accessories,Prophet,,,,,,True
2017-04-23,66.98351354208619,49.8776510518068,Electronics,Prophet,,,,,,True
2017-04-23,29.74536705849929,17.755699758155416,Girls' Apparel,Prophet,,,,,,True
2017-04-23,28.3415086553968,15.11053377434488,Golf Balls,Prophet,,,,,,True
2017-04-23,10.7351388659168,4.69156446907455,Tennis & Racquet,Prophet,,,,,,True
2017-04-24,9.328944389322276,5.003302663729404,As Seen on  TV!,Prophet,As Seen on  TV!,9.0,,,,False
2017-04-24,6.258092552182648,0.0,Baseball & Softball,Prophet,Baseball & Softball,5.0,,,,False
2017-04-24,15.595639399222058,7.827201416551813,Boxing & MMA,Prophet,Boxing & MMA,23.0,,,,False
2017-04-24,95.66121984521722,82.43772051288255,Camping & Hiking,Prophet,Camping & Hiking,100.0,,,,False
2017-04-24,255.3044555122755,209.49944196848358,Cardio Equipment,Prophet,Cardio Equipment,229.0,,,,False
2017-04-24,507.58526915802116,441.4685808157512,Cleats,Prophet,Cleats,526.0,,,,False
2017-04-24,116.9172542592066,99.18765890525246,Fishing,Prophet,Fishing,116.0,,,,False
2017-04-24,8.07081276379836,3.083477515568832,Golf Apparel,Prophet,Golf Apparel,9.0,,,,False
2017-04-24,19.13727928399654,9.458602125002786,Golf Gloves,Prophet,Golf Gloves,9.0,,,,False
2017-04-24,17.08971125975409,9.736451928511537,Golf Shoes,Prophet,Golf Shoes,15.0,,,,False
2017-04-24,12.076988077214919,6.184905551363665,Hunting & Shooting,Prophet,Hunting & Shooting,16.0,,,,False
2017-04-24,404.6293016890612,334.8270517801995,Indoor/Outdoor Games,Prophet,Indoor/Outdoor Games,466.0,,,,False
2017-04-24,23.915735266787944,16.259227891425954,Kids' Golf Clubs,Prophet,Kids' Golf Clubs,22.0,,,,False
2017-04-24,7.31932690453778,1.631602814038168,Lacrosse,Prophet,Lacrosse,10.0,,,,False
2017-04-24,146.17430726452437,124.23151731500869,Men's Footwear,Prophet,Men's Footwear,148.0,,,,False
2017-04-24,14.0656063047494,10.078741753751103,Men's Golf Clubs,Prophet,Men's Golf Clubs,14.0,,,,False
2017-04-24,224.80916576783824,185.7727061279918,Shop By Sport,Prophet,Shop By Sport,258.0,,,,False
2017-04-24,13.349942902726148,9.714885054658156,Soccer,Prophet,Soccer,10.0,,,,False
2017-04-24,4.035478820145993,2.426123303320439,Strength Training,Prophet,Strength Training,4.0,,,,False
2017-04-24,10.07752171592591,0.0,Trade-In,Prophet,Trade-In,6.0,,,,False
2017-04-24,111.12154981944708,93.76972668572775,Water Sports,Prophet,Water Sports,121.0,,,,False
2017-04-24,410.42434972671606,342.054575817732,Women's Apparel,Prophet,Women's Apparel,417.0,,,,False
2017-04-24,16.075788998972797,11.868757886410366,Women's Golf Clubs,Prophet,Women's Golf Clubs,19.0,,,,False
2017-04-30,48.27931082520314,34.62852457137884,Accessories,Prophet,,,,,,True
2017-04-30,77.0256829473043,58.82771304488401,Electronics,Prophet,,,,,,True
2017-04-30,30.91981798190521,19.78032083916371,Girls' Apparel,Prophet,,,,,,True
2017-04-30,34.692630326422886,21.86636662622896,Golf Balls,Prophet,,,,,,True
2017-04-30,8.432347947039453,2.1996962990637208,Tennis & Racquet,Prophet,,,,,,True
2017-05-01,15.187710231583743,11.000948810244736,As Seen on  TV!,Prophet,As Seen on  TV!,17.0,,,,False
2017-05-01,4.104008877499049,0.0,Baseball & Softball,Prophet,Baseball & Softball,4.0,,,,False
2017-05-01,16.774495714394117,9.02345839766198,Boxing & MMA,Prophet,Boxing & MMA,13.0,,,,False
2017-05-01,95.31155406129353,81.69389149229467,Camping & Hiking,Prophet,Camping & Hiking,111.0,,,,False
2017-05-01,251.653985728856,204.70253682617647,Cardio Equipment,Prophet,Cardio Equipment,247.0,,,,False
2017-05-01,497.81053851606544,430.52434189272714,Cleats,Prophet,Cleats,500.0,,,,False
2017-05-01,115.85308630246634,96.28670460521403,Fishing,Prophet,Fishing,128.0,,,,False
2017-05-01,5.6194410568484106,0.6156194485476788,Golf Apparel,Prophet,Golf Apparel,6.0,,,,False
2017-05-01,22.302766868650025,12.528103133191227,Golf Gloves,Prophet,Golf Gloves,16.0,,,,False
2017-05-01,19.94189623877485,12.484079781159767,Golf Shoes,Prophet,Golf Shoes,24.0,,,,False
2017-05-01,8.35361526789016,1.9736926203311476,Hunting & Shooting,Prophet,Hunting & Shooting,13.0,,,,False
2017-05-01,389.5493394076107,327.0777002127299,Indoor/Outdoor Games,Prophet,Indoor/Outdoor Games,434.0,,,,False
2017-05-01,25.276724140542843,17.584127861925,Kids' Golf Clubs,Prophet,Kids' Golf Clubs,27.0,,,,False
2017-05-01,9.007126584488867,3.2586311260066516,Lacrosse,Prophet,Lacrosse,11.0,,,,False
2017-05-01,143.35850839092453,118.44197278399392,Men's Footwear,Prophet,Men's Footwear,176.0,,,,False
2017-05-01,21.835167207556754,17.953056927635224,Men's Golf Clubs,Prophet,Men's Golf Clubs,22.0,,,,False
2017-05-01,221.8800793655055,182.5645212681596,Shop By Sport,Prophet,Shop By Sport,220.0,,,,False
2017-05-01,18.463610849402528,14.988214069705695,Soccer,Prophet,Soccer,25.0,,,,False
2017-05-01,1.9282344990701858,0.3805513333617659,Strength Training,Prophet,Strength Training,2.0,,,,False
2017-05-01,6.974302154043169,0.0,Trade-In,Prophet,Trade-In,4.0,,,,False
2017-05-01,111.3386041596903,94.26787570617604,Water Sports,Prophet,Water Sports,117.0,,,,False
2017-05-01,410.2889663234048,339.91906434370486,Women's Apparel,Prophet,Women's Apparel,425.0,,,,False
2017-05-01,13.783073409125876,9.089361454706975,Women's Golf Clubs,Prophet,Women's Golf Clubs,8.0,,,,False
2017-05-07,55.98810522001389,42.07106945584645,Accessories,Prophet,,,,,,True
2017-05-07,82.03962535306314,63.926004960582915,Electronics,Prophet,,,,,,True
2017-05-07,31.47825982489833,20.528224123901683,Girls' Apparel,Prophet,,,,,,True
2017-05-07,40.598963722229165,27.42354259436203,Golf Balls,Prophet,,,,,,True
2017-05-07,6.475573102931163,0.0,Tennis & Racquet,Prophet,,,,,,True
2017-05-08,8.646962994086719,4.112817855918994,As Seen on  TV!,Prophet,As Seen on  TV!,4.0,,,,False
2017-05-08,5.6769886033281844,0.0,Baseball & Softball,Prophet,Baseball & Softball,2.0,,,,False
2017-05-08,15.800360245361496,8.36592575203731,Boxing & MMA,Prophet,Boxing & MMA,21.0,,,,False
2017-05-08,94.95512920497796,81.29410672945168,Camping & Hiking,Prophet,Camping & Hiking,113.0,,,,False
2017-05-08,250.95784100051367,207.02127329255902,Cardio Equipment,Prophet,Cardio Equipment,252.0,,,,False
2017-05-08,500.5335964015249,437.7973147896251,Cleats,Prophet,Cleats,441.0,,,,False
2017-05-08,116.01411003772894,96.35897086467736,Fishing,Prophet,Fishing,115.0,,,,False
2017-05-08,4.535601341637271,0.0,Golf Apparel,Prophet,Golf Apparel,4.0,,,,False
2017-05-08,25.19535042630361,15.094792049060176,Golf Gloves,Prophet,Golf Gloves,24.0,,,,False
2017-05-08,19.63951453588001,12.05701257809123,Golf Shoes,Prophet,Golf Shoes,33.0,,,,False
2017-05-08,6.959041266177219,0.5613901804728332,Hunting & Shooting,Prophet,Hunting & Shooting,6.0,,,,False
2017-05-08,384.8904094042361,325.30716489594744,Indoor/Outdoor Games,Prophet,Indoor/Outdoor Games,373.0,,,,False
2017-05-08,21.69862497883554,13.599735073888954,Kids' Golf Clubs,Prophet,Kids' Golf Clubs,25.0,,,,False
2017-05-08,11.647380299399767,5.456984760029241,Lacrosse,Prophet,Lacrosse,6.0,,,,False
2017-05-08,149.63480011965302,126.1473980206348,Men's Footwear,Prophet,Men's Footwear,178.0,,,,False
2017-05-08,24.737742728136173,20.715510488557882,Men's Golf Clubs,Prophet,Men's Golf Clubs,25.0,,,,False
2017-05-08,225.4775045879683,187.9943325947474,Shop By Sport,Prophet,Shop By Sport,243.0,,,,False
2017-05-08,13.552936036217384,9.977149497363627,Soccer,Prophet,Soccer,7.0,,,,False
2017-05-08,0.9776076494913752,0.0,Strength Training,Prophet,Strength Training,1.0,,,,False
2017-05-08,8.618161273770987,0.0,Trade-In,Prophet,Trade-In,7.0,,,,False
2017-05-08,112.70153534912758,95.53404662834001,Water Sports,Prophet,Water Sports,104.0,,,,False
2017-05-08,416.7862004712421,346.35382383844234,Women's Apparel,Prophet,Women's Apparel,399.0,,,,False
2017-05-08,23.350292102655104,18.92064324374627,Women's Golf Clubs,Prophet,Women's Golf Clubs,29.0,,,,False
2017-05-14,60.64144245837036,47.18331254897385,Accessories,Prophet,,,,,,True
2017-05-14,78.06557272415829,60.62313265884038,Electronics,Prophet,,,,,,True
2017-05-14,29.242648945557136,17.28585841888853,Girls' Apparel,Prophet,,,,,,True
2017-05-14,40.19803241907045,26.616010164938096,Golf Balls,Prophet,,,,,,True
2017-05-14,6.237471781708027,0.002031883339191334,Tennis & Racquet,Prophet,,,,,,True
2017-05-15,7.226668758594615,3.1347711112642593,As Seen on  TV!,Prophet,As Seen on  TV!,14.0,,,,False
2017-05-15,8.923999054475209,0.3748696520051998,Baseball & Softball,Prophet,Baseball & Softball,1.0,,,,False
2017-05-15,13.828617615918983,5.346417856897417,Boxing & MMA,Prophet,Boxing & MMA,14.0,,,,False
2017-05-15,95.59636393698003,81.4802915647056,Camping & Hiking,Prophet,Camping & Hiking,90.0,,,,False
2017-05-15,254.10552174577336,205.3572121638656,Cardio Equipment,Prophet,Cardio Equipment,243.0,,,,False
2017-05-15,508.7072579205774,440.8689581827855,Cleats,Prophet,Cleats,514.0,,,,False
2017-05-15,116.05939574293568,97.8956345001838,Fishing,Prophet,Fishing,114.0,,,,False
2017-05-15,5.566899817991241,0.20075663477433697,Golf Apparel,Prophet,Golf Apparel,2.0,,,,False
2017-05-15,25.058413377381676,15.641539757619306,Golf Gloves,Prophet,Golf Gloves,12.0,,,,False
2017-05-15,18.091111230413592,10.555898656861592,Golf Shoes,Prophet,Golf Shoes,20.0,,,,False
2017-05-15,8.543829758851599,2.1979289834457982,Hunting & Shooting,Prophet,Hunting & Shooting,10.0,,,,False
2017-05-15,392.663838938087,332.19970546904534,Indoor/Outdoor Games,Prophet,Indoor/Outdoor Games,366.0,,,,False
2017-05-15,23.49477641558719,15.628444811917348,Kids' Golf Clubs,Prophet,Kids' Golf Clubs,14.0,,,,False
2017-05-15,13.03286532988368,7.464272899456036,Lacrosse,Prophet,Lacrosse,14.0,,,,False
2017-05-15,161.05043477455186,137.19595395912435,Men's Footwear,Prophet,Men's Footwear,151.0,,,,False
2017-05-15,23.7839661535701,19.784014336708967,Men's Golf Clubs,Prophet,Men's Golf Clubs,22.0,,,,False
2017-05-15,227.7923136337008,189.84562171576073,Shop By Sport,Prophet,Shop By Sport,251.0,,,,False
2017-05-15,13.855280123411458,10.048030655029837,Soccer,Prophet,Soccer,16.0,,,,False
2017-05-15,3.1657980886453245,1.6882062286873758,Strength Training,Prophet,Strength Training,3.0,,,,False
2017-05-15,12.227901264934502,1.4191565015414354,Trade-In,Prophet,Trade-In,2.0,,,,False
2017-05-15,114.0799373998022,98.14817632573371,Water Sports,Prophet,Water Sports,111.0,,,,False
2017-05-15,424.63562124105846,359.710883254722,Women's Apparel,Prophet,Women's Apparel,438.0,,,,False
2017-05-15,26.623670028172903,22.229621740892917,Women's Golf Clubs,Prophet,Women's Golf Clubs,26.0,,,,False
2017-05-21,58.0761069795963,44.34460605920663,Accessories,Prophet,,,,,,True
2017-05-21,68.66758950623156,50.637968747920794,Electronics,Prophet,,,,,,True
2017-05-21,25.79799112215948,14.38848497526568,Girls' Apparel,Prophet,,,,,,True
2017-05-21,34.34884466635574,21.211495236006286,Golf Balls,Prophet,,,,,,True
2017-05-21,7.3148929052349985,0.729648884506214,Tennis & Racquet,Prophet,,,,,,True
2017-05-22,11.184854703485783,7.021503560371257,As Seen on  TV!,Prophet,As Seen on  TV!,6.0,,,,False
2017-05-22,10.490210653815401,2.2097127465613084,Baseball & Softball,Prophet,Baseball & Softball,5.0,,,,False
2017-05-22,13.465501408426842,5.896085410138881,Boxing & MMA,Prophet,Boxing & MMA,12.0,,,,False
2017-05-22,97.78434076257548,84.03881975372245,Camping & Hiking,Prophet,Camping & Hiking,88.0,,,,False
2017-05-22,257.03927155472405,206.775320596149,Cardio Equipment,Prophet,Cardio Equipment,240.0,,,,False
2017-05-22,508.12372295441236,437.4133991876334,Cleats,Prophet,Cleats,537.0,,,,False
2017-05-22,116.02084200173555,97.7092383617694,Fishing,Prophet,Fishing,128.0,,,,False
2017-05-22,7.385516973983892,2.1897442489998915,Golf Apparel,Prophet,Golf Apparel,4.0,,,,False
2017-05-22,21.819688035596876,12.193611763270068,Golf Gloves,Prophet,Golf Gloves,34.0,,,,False
2017-05-22,18.51397541594696,10.366516196496857,Golf Shoes,Prophet,Golf Shoes,13.0,,,,False
2017-05-22,11.271051370323216,5.5076861095966265,Hunting & Shooting,Prophet,Hunting & Shooting,6.0,,,,False
2017-05-22,399.16619057139434,330.4151397603667,Indoor/Outdoor Games,Prophet,Indoor/Outdoor Games,413.0,,,,False
2017-05-22,29.087293863760518,20.74441120657096,Kids' Golf Clubs,Prophet,Kids' Golf Clubs,36.0,,,,False
2017-05-22,12.175798374620548,6.201443959060764,Lacrosse,Prophet,Lacrosse,11.0,,,,False
2017-05-22,169.20391679008986,143.88740135803602,Men's Footwear,Prophet,Men's Footwear,157.0,,,,False
2017-05-22,21.530431626294547,17.514644692431446,Men's Golf Clubs,Prophet,Men's Golf Clubs,26.0,,,,False
2017-05-22,221.8655293452279,182.780326149362,Shop By Sport,Prophet,Shop By Sport,209.0,,,,False
2017-05-22,19.554968950929137,15.808069767995194,Soccer,Prophet,Soccer,22.0,,,,False
2017-05-22,13.790367776958176,2.680374229547317,Trade-In,Prophet,Trade-In,3.0,,,,False
2017-05-22,112.30805052421779,95.83920092408395,Water Sports,Prophet,Water Sports,109.0,,,,False
2017-05-22,428.4847858940183,354.24519128890717,Women's Apparel,Prophet,Women's Apparel,372.0,,,,False
2017-05-22,18.39102816238202,14.220086209452926,Women's Golf Clubs,Prophet,Women's Golf Clubs,13.0,,,,False
2017-05-28,51.00028877725067,37.128503699788595,Accessories,Prophet,,,,,,True
2017-05-28,62.62042839456422,44.5517128800413,Electronics,Prophet,,,,,,True
2017-05-28,24.912526040535866,13.892173470575585,Girls' Apparel,Prophet,,,,,,True
2017-05-28,29.128162990302386,15.507018766179506,Golf Balls,Prophet,,,,,,True
2017-05-28,8.04616811812672,2.0459630727033127,Tennis & Racquet,Prophet,,,,,,True
2017-05-29,11.742145496203541,7.681351450435955,As Seen on  TV!,Prophet,As Seen on  TV!,12.0,,,,False
2017-05-29,8.609323532374093,0.0,Baseball & Softball,Prophet,Baseball & Softball,4.0,,,,False
2017-05-29,15.671050548808138,8.244064857082792,Boxing & MMA,Prophet,Boxing & MMA,23.0,,,,False
2017-05-29,100.19080531095555,85.22406173830484,Camping & Hiking,Prophet,Camping & Hiking,107.0,,,,False
2017-05-29,255.81010731704185,210.08911177239887,Cardio Equipment,Prophet,Cardio Equipment,246.0,,,,False
2017-05-29,493.2161690537843,422.1308957902647,Cleats,Prophet,Cleats,490.0,,,,False
2017-05-29,117.44479222535712,99.46339500358737,Fishing,Prophet,Fishing,111.0,,,,False
2017-05-29,8.094032374241099,2.7062843428482175,Golf Apparel,Prophet,Golf Apparel,13.0,,,,False
2017-05-29,18.059571448873726,8.587882210817279,Golf Gloves,Prophet,Golf Gloves,14.0,,,,False
2017-05-29,21.768169506002305,13.594651931595248,Golf Shoes,Prophet,Golf Shoes,30.0,,,,False
2017-05-29,12.474326435547715,5.651135141637313,Hunting & Shooting,Prophet,Hunting & Shooting,9.0,,,,False
2017-05-29,390.8845920454993,330.8527163667666,Indoor/Outdoor Games,Prophet,Indoor/Outdoor Games,436.0,,,,False
2017-05-29,32.771772509548605,25.302028187606634,Kids' Golf Clubs,Prophet,Kids' Golf Clubs,38.0,,,,False
2017-05-29,10.0724333203954,4.61402106473051,Lacrosse,Prophet,Lacrosse,14.0,,,,False
2017-05-29,168.34305532473803,144.62067314753648,Men's Footwear,Prophet,Men's Footwear,197.0,,,,False
2017-05-29,20.485864143189552,16.248335411200276,Men's Golf Clubs,Prophet,Men's Golf Clubs,14.0,,,,False
2017-05-29,211.02700794521832,171.15846385045035,Shop By Sport,Prophet,Shop By Sport,211.0,,,,False
2017-05-29,20.893424933562084,17.3331909772723,Soccer,Prophet,Soccer,18.0,,,,False
2017-05-29,2.528826527720895,0.8845416513333821,Strength Training,Prophet,Strength Training,3.0,,,,False
2017-05-29,11.69692838697955,0.9139933873064602,Trade-In,Prophet,Trade-In,5.0,,,,False
2017-05-29,106.21487389032485,88.49168919244133,Water Sports,Prophet,Water Sports,121.0,,,,False
2017-05-29,426.6122985232356,358.0851142203104,Women's Apparel,Prophet,Women's Apparel,464.0,,,,False
2017-05-29,11.582849784616542,7.330785242656038,Women's Golf Clubs,Prophet,Women's Golf Clubs,18.0,,,,False
2017-06-04,46.00229545284708,31.7668054857552,Accessories,Prophet,,,,,,True
2017-06-04,66.2117998110337,49.30041211354077,Electronics,Prophet,,,,,,True
2017-06-04,27.936609491639743,15.877992259533752,Girls' Apparel,Prophet,,,,,,True
2017-06-04,28.68065682595754,15.976638810802669,Golf Balls,Prophet,,,,,,True
2017-06-04,7.417484219260762,0.9250841607580144,Tennis & Racquet,Prophet,,,,,,True
2017-06-05,7.571572803977041,3.450067628818965,As Seen on  TV!,Prophet,As Seen on  TV!,11.0,,,,False
2017-06-05,4.727544058080069,0.0,Baseball & Softball,Prophet,Baseball & Softball,2.0,,,,False
2017-06-05,18.279083950039347,10.906252521816608,Boxing & MMA,Prophet,Boxing & MMA,20.0,,,,False
2017-06-05,100.5828835073642,88.035629616867,Camping & Hiking,Prophet,Camping & Hiking,90.0,,,,False
2017-06-05,251.89551464042611,208.67291709145175,Cardio Equipment,Prophet,Cardio Equipment,207.0,,,,False
2017-06-05,474.51763540309383,410.32150030847464,Cleats,Prophet,Cleats,448.0,,,,False
2017-06-05,121.50723866402036,104.05856246759217,Fishing,Prophet,Fishing,112.0,,,,False
2017-06-05,7.251328006547878,2.3726050508652103,Golf Apparel,Prophet,Golf Apparel,4.0,,,,False
2017-06-05,16.082487381230976,6.141583186638184,Golf Gloves,Prophet,Golf Gloves,20.0,,,,False
2017-06-05,25.24785546013325,17.345241804613032,Golf Shoes,Prophet,Golf Shoes,23.0,,,,False
2017-06-05,10.995765704966495,4.657209273479256,Hunting & Shooting,Prophet,Hunting & Shooting,18.0,,,,False
2017-06-05,371.25460080249184,310.5349053653685,Indoor/Outdoor Games,Prophet,Indoor/Outdoor Games,365.0,,,,False
2017-06-05,32.35114178702143,25.102556472769386,Kids' Golf Clubs,Prophet,Kids' Golf Clubs,20.0,,,,False
2017-06-05,8.566146575736811,2.806054425224868,Lacrosse,Prophet,Lacrosse,8.0,,,,False
2017-06-05,160.29386634995117,136.27240774878962,Men's Footwear,Prophet,Men's Footwear,159.0,,,,False
2017-06-05,21.18373011010697,17.225446908599302,Men's Golf Clubs,Prophet,Men's Golf Clubs,27.0,,,,False
2017-06-05,206.2942809006904,165.53454754423404,Shop By Sport,Prophet,Shop By Sport,231.0,,,,False
2017-06-05,17.09118927694844,13.152200627212638,Soccer,Prophet,Soccer,18.0,,,,False
2017-06-05,2.639205969306559,1.0752000619395883,Strength Training,Prophet,Strength Training,2.0,,,,False
2017-06-05,7.83131102811286,0.0,Trade-In,Prophet,Trade-In,3.0,,,,False
2017-06-05,99.56194077959303,82.08647276934921,Water Sports,Prophet,Water Sports,103.0,,,,False
2017-06-05,422.43133429514586,353.9630808697995,Women's Apparel,Prophet,Women's Apparel,407.0,,,,False
2017-06-05,13.12214805230009,8.97426201206232,Women's Golf Clubs,Prophet,Women's Golf Clubs,11.0,,,,False
2017-06-11,46.82580559120047,32.82964407739808,Accessories,Prophet,,,,,,True
2017-06-11,77.39673295905112,58.63601518649774,Electronics,Prophet,,,,,,True
2017-06-11,31.859232914187107,20.704489511662324,Girls' Apparel,Prophet,,,,,,True
2017-06-11,31.108397209191594,18.63294646672061,Golf Balls,Prophet,,,,,,True
2017-06-11,6.267685397840744,0.0,Tennis & Racquet,Prophet,,,,,,True
2017-06-12,5.556320700344348,1.1542812317557403,As Seen on  TV!,Prophet,As Seen on  TV!,3.0,,,,False
2017-06-12,2.3836920036497276,0.0,Baseball & Softball,Prophet,Baseball & Softball,4.0,,,,False
2017-06-12,18.28444377743796,10.862647214815969,Boxing & MMA,Prophet,Boxing & MMA,40.0,,,,False
2017-06-12,98.24582744545144,83.75204334654919,Camping & Hiking,Prophet,Camping & Hiking,109.0,,,,False
2017-06-12,250.72733408748687,206.83692257796272,Cardio Equipment,Prophet,Cardio Equipment,206.0,,,,False
2017-06-12,469.51136421270417,403.2015194904069,Cleats,Prophet,Cleats,393.0,,,,False
2017-06-12,127.11796370090651,108.63678612704894,Fishing,Prophet,Fishing,126.0,,,,False
2017-06-12,6.233770129181259,1.1231282660376438,Golf Apparel,Prophet,Golf Apparel,8.0,,,,False
2017-06-12,15.668221899720713,6.53100060975208,Golf Gloves,Prophet,Golf Gloves,3.0,,,,False
2017-06-12,25.6465999205538,17.501727381000247,Golf Shoes,Prophet,Golf Shoes,42.0,,,,False
2017-06-12,8.119433328216548,1.973883161074336,Hunting & Shooting,Prophet,Hunting & Shooting,6.0,,,,False
2017-06-12,358.3065647039717,300.35755842218316,Indoor/Outdoor Games,Prophet,Indoor/Outdoor Games,356.0,,,,False
2017-06-12,29.37452616184168,22.25879397195163,Kids' Golf Clubs,Prophet,Kids' Golf Clubs,34.0,,,,False
2017-06-12,8.625480820413923,2.9933561524456773,Lacrosse,Prophet,Lacrosse,9.0,,,,False
2017-06-12,152.3946894306406,129.45598496687845,Men's Footwear,Prophet,Men's Footwear,145.0,,,,False
2017-06-12,21.301466624958593,16.892976399983187,Men's Golf Clubs,Prophet,Men's Golf Clubs,19.0,,,,False
2017-06-12,213.91181874416236,176.77967757849544,Shop By Sport,Prophet,Shop By Sport,201.0,,,,False
2017-06-12,15.588077031626367,11.810998074620338,Soccer,Prophet,Soccer,15.0,,,,False
2017-06-12,3.644379473356814,2.123078740905118,Strength Training,Prophet,Strength Training,4.0,,,,False
2017-06-12,5.535353648239759,0.0,Trade-In,Prophet,Trade-In,1.0,,,,False
2017-06-12,98.40137744939884,80.79106385523639,Water Sports,Prophet,Water Sports,88.0,,,,False
2017-06-12,421.75890833121633,354.4341330164113,Women's Apparel,Prophet,Women's Apparel,414.0,,,,False
2017-06-12,16.94101971924374,12.647057860072836,Women's Golf Clubs,Prophet,Women's Golf Clubs,15.0,,,,False
2017-06-18,51.24498971814648,36.13226093019456,Accessories,Prophet,,,,,,True
2017-06-18,87.54434673634304,70.65242739605402,Electronics,Prophet,,,,,,True
2017-06-18,32.605817861667106,22.15593710475163,Girls' Apparel,Prophet,,,,,,True
2017-06-18,31.864293223157173,18.18546269664812,Golf Balls,Prophet,,,,,,True
2017-06-18,6.4450140541806356,0.0014417964742249522,Tennis & Racquet,Prophet,,,,,,True
2017-06-19,8.894811860558839,4.745731963601661,As Seen on  TV!,Prophet,As Seen on  TV!,8.0,,,,False
2017-06-19,4.191951445594097,0.0,Baseball & Softball,Prophet,Baseball & Softball,4.0,,,,False
2017-06-19,15.422766624563081,7.403876873949746,Boxing & MMA,Prophet,Boxing & MMA,9.0,,,,False
2017-06-19,94.9541609222853,81.7944678271558,Camping & Hiking,Prophet,Camping & Hiking,99.0,,,,False
2017-06-19,254.6714437002381,210.93766736765863,Cardio Equipment,Prophet,Cardio Equipment,279.0,,,,False
2017-06-19,485.0808611496461,415.18695053237735,Cleats,Prophet,Cleats,505.0,,,,False
2017-06-19,131.06961606977745,111.90566097667931,Fishing,Prophet,Fishing,137.0,,,,False
2017-06-19,6.598069760019848,1.5691808334934507,Golf Apparel,Prophet,Golf Apparel,2.0,,,,False
2017-06-19,15.0815477600799,5.329829226948873,Golf Gloves,Prophet,Golf Gloves,27.0,,,,False
2017-06-19,22.538602195828098,14.36543738810058,Golf Shoes,Prophet,Golf Shoes,31.0,,,,False
2017-06-19,6.3241313637232945,0.11815615198903727,Hunting & Shooting,Prophet,Hunting & Shooting,3.0,,,,False
2017-06-19,365.3980164396112,304.17497997324347,Indoor/Outdoor Games,Prophet,Indoor/Outdoor Games,341.0,,,,False
2017-06-19,26.287193979229624,18.825990371295156,Kids' Golf Clubs,Prophet,Kids' Golf Clubs,33.0,,,,False
2017-06-19,9.686244394645746,4.055782146234584,Lacrosse,Prophet,Lacrosse,4.0,,,,False
2017-06-19,150.48983367679858,127.9332767808317,Men's Footwear,Prophet,Men's Footwear,170.0,,,,False
2017-06-19,18.335451677339712,14.540838492652934,Men's Golf Clubs,Prophet,Men's Golf Clubs,17.0,,,,False
2017-06-19,227.25891564894275,187.53955621986657,Shop By Sport,Prophet,Shop By Sport,236.0,,,,False
2017-06-19,18.077714718255585,14.282997927743658,Soccer,Prophet,Soccer,20.0,,,,False
2017-06-19,3.3869108758915516,1.7439211688782152,Strength Training,Prophet,Strength Training,3.0,,,,False
2017-06-19,6.731450287946008,0.0,Trade-In,Prophet,Trade-In,2.0,,,,False
2017-06-19,104.74390737017369,87.8618708558649,Water Sports,Prophet,Water Sports,110.0,,,,False
2017-06-19,427.15858965665495,362.41144656889713,Women's Apparel,Prophet,Women's Apparel,457.0,,,,False
2017-06-19,17.832471879454786,13.333681629028524,Women's Golf Clubs,Prophet,Women's Golf Clubs,20.0,,,,False
2017-06-25,54.231278788238015,41.00357003674124,Accessories,Prophet,,,,,,True
2017-06-25,89.06794083939782,71.3640122030999,Electronics,Prophet,,,,,,True
2017-06-25,29.754641363284833,18.13212298461038,Girls' Apparel,Prophet,,,,,,True
2017-06-25,29.81934860974986,15.239603926222108,Golf Balls,Prophet,,,,,,True
2017-06-25,8.792759295776397,2.1914664542012248,Tennis & Racquet,Prophet,,,,,,True
2017-06-26,12.653729608736404,8.492531662047021,As Seen on  TV!,Prophet,As Seen on  TV!,16.0,,,,False
2017-06-26,9.47058584537445,0.7478784137756768,Baseball & Softball,Prophet,Baseball & Softball,1.0,,,,False
2017-06-26,12.682565749575694,5.097734525160005,Boxing & MMA,Prophet,Boxing & MMA,18.0,,,,False
2017-06-26,93.29898548107369,79.68413526569728,Camping & Hiking,Prophet,Camping & Hiking,85.0,,,,False
2017-06-26,259.24523895896505,216.1170681538624,Cardio Equipment,Prophet,Cardio Equipment,243.0,,,,False
2017-06-26,509.17023611962156,446.66486558341495,Cleats,Prophet,Cleats,493.0,,,,False
2017-06-26,130.3633365101086,112.105668043664,Fishing,Prophet,Fishing,130.0,,,,False
2017-06-26,8.290111452095854,3.0572173368301665,Golf Apparel,Prophet,Golf Apparel,9.0,,,,False
2017-06-26,13.767610801534575,4.283532360762542,Golf Gloves,Prophet,Golf Gloves,13.0,,,,False
2017-06-26,18.774391431974827,11.18010590261269,Golf Shoes,Prophet,Golf Shoes,22.0,,,,False
2017-06-26,7.088049446078444,0.9417008031377925,Hunting & Shooting,Prophet,Hunting & Shooting,12.0,,,,False
2017-06-26,386.97392665171327,324.6616352982292,Indoor/Outdoor Games,Prophet,Indoor/Outdoor Games,378.0,,,,False
2017-06-26,24.913066901851547,17.38616770966346,Kids' Golf Clubs,Prophet,Kids' Golf Clubs,18.0,,,,False
2017-06-26,10.439605643562867,4.943947038572726,Lacrosse,Prophet,Lacrosse,14.0,,,,False
2017-06-26,153.99545199575368,129.9993742756511,Men's Footwear,Prophet,Men's Footwear,130.0,,,,False
2017-06-26,13.913110429757287,9.586993991633204,Men's Golf Clubs,Prophet,Men's Golf Clubs,17.0,,,,False
2017-06-26,233.0853205289686,193.577657215857,Shop By Sport,Prophet,Shop By Sport,240.0,,,,False
2017-06-26,18.40522925492253,14.556374490751878,Soccer,Prophet,Soccer,16.0,,,,False
2017-06-26,2.0724296448337896,0.41687149339170254,Strength Training,Prophet,Strength Training,3.0,,,,False
2017-06-26,113.54036382869188,95.68570270797966,Water Sports,Prophet,Water Sports,121.0,,,,False
2017-06-26,435.0111441083402,366.6166458416107,Women's Apparel,Prophet,Women's Apparel,506.0,,,,False
2017-06-26,18.008157363370707,13.792977893689244,Women's Golf Clubs,Prophet,Women's Golf Clubs,17.0,,,,False
2017-07-02,53.07067854722121,37.984185483470334,Accessories,Prophet,,,,,,True
2017-07-02,81.64740499967874,62.96974897804562,Electronics,Prophet,,,,,,True
2017-07-02,26.989231763738633,14.967143666029086,Girls' Apparel,Prophet,,,,,,True
2017-07-02,28.311933920366748,14.513130700088563,Golf Balls,Prophet,,,,,,True
2017-07-02,12.095301080396943,5.910389728936374,Tennis & Racquet,Prophet,,,,,,True
2017-07-03,12.41917227972472,7.970073409531188,As Seen on  TV!,Prophet,As Seen on  TV!,8.0,,,,False
2017-07-03,14.618712254504832,4.949153075317321,Baseball & Softball,Prophet,Baseball & Softball,2.0,,,,False
2017-07-03,12.912277357399683,5.856645184824826,Boxing & MMA,Prophet,Boxing & MMA,15.0,,,,False
2017-07-03,94.27928259782655,80.27251926719637,Camping & Hiking,Prophet,Camping & Hiking,94.0,,,,False
2017-07-03,258.00883302158485,213.03956690503728,Cardio Equipment,Prophet,Cardio Equipment,238.0,,,,False
2017-07-03,521.1645447160049,451.8642152103638,Cleats,Prophet,Cleats,551.0,,,,False
2017-07-03,124.80347759732003,106.36881347450485,Fishing,Prophet,Fishing,124.0,,,,False
2017-07-03,9.670362615160638,4.5780861840187,Golf Apparel,Prophet,Golf Apparel,7.0,,,,False
2017-07-03,13.161776611189328,3.248465555631048,Golf Gloves,Prophet,Golf Gloves,9.0,,,,False
2017-07-03,17.30031356769058,9.637081518700995,Golf Shoes,Prophet,Golf Shoes,31.0,,,,False
2017-07-03,9.76611251134793,3.4847976763865423,Hunting & Shooting,Prophet,Hunting & Shooting,6.0,,,,False
2017-07-03,405.0100031615094,344.6982482136189,Indoor/Outdoor Games,Prophet,Indoor/Outdoor Games,400.0,,,,False
2017-07-03,25.621631173467698,17.37590593588054,Kids' Golf Clubs,Prophet,Kids' Golf Clubs,26.0,,,,False
2017-07-03,10.090451708819439,4.327851944477333,Lacrosse,Prophet,Lacrosse,16.0,,,,False
2017-07-03,157.6957402248751,135.01652042410686,Men's Footwear,Prophet,Men's Footwear,166.0,,,,False
2017-07-03,13.596244204848892,9.715590004181243,Men's Golf Clubs,Prophet,Men's Golf Clubs,10.0,,,,False
2017-07-03,225.764693808166,184.21506689797565,Shop By Sport,Prophet,Shop By Sport,228.0,,,,False
2017-07-03,13.90440712570698,9.978567450641021,Soccer,Prophet,Soccer,16.0,,,,False
2017-07-03,1.8667426073961408,0.38269797768834385,Strength Training,Prophet,Strength Training,1.0,,,,False
2017-07-03,14.765878741594536,4.255111130302545,Trade-In,Prophet,Trade-In,4.0,,,,False
2017-07-03,117.08030131321648,101.98464381053702,Water Sports,Prophet,Water Sports,124.0,,,,False
2017-07-03,439.57043946201424,381.42237341177884,Women's Apparel,Prophet,Women's Apparel,419.0,,,,False
2017-07-03,18.913321781029424,14.381097259191396,Women's Golf Clubs,Prophet,Women's Golf Clubs,21.0,,,,False
2017-07-09,48.90772579264838,35.26617603204035,Accessories,Prophet,,,,,,True
2017-07-09,71.64917433761087,52.73205160986238,Electronics,Prophet,,,,,,True
2017-07-09,27.67391354338133,15.91540169030925,Girls' Apparel,Prophet,,,,,,True
2017-07-09,30.22280651853052,16.947184348351456,Golf Balls,Prophet,,,,,,True
2017-07-09,14.077442099308522,7.613511288959533,Tennis & Racquet,Prophet,,,,,,True
2017-07-10,11.041034111985189,6.834260334461309,As Seen on  TV!,Prophet,As Seen on  TV!,16.0,,,,False
2017-07-10,16.01138054199964,7.611512042228836,Baseball & Softball,Prophet,Baseball & Softball,5.0,,,,False
2017-07-10,15.502760928747978,7.884789879908613,Boxing & MMA,Prophet,Boxing & MMA,11.0,,,,False
2017-07-10,96.68585377591076,83.22540046874066,Camping & Hiking,Prophet,Camping & Hiking,96.0,,,,False
2017-07-10,250.65986855942216,204.87518442431428,Cardio Equipment,Prophet,Cardio Equipment,232.0,,,,False
2017-07-10,511.6060486370872,444.6203548109798,Cleats,Prophet,Cleats,524.0,,,,False
2017-07-10,117.55789241468952,98.77039260714487,Fishing,Prophet,Fishing,108.0,,,,False
2017-07-10,9.315353608652064,4.199145988495623,Golf Apparel,Prophet,Golf Apparel,6.0,,,,False
2017-07-10,14.64556441043862,4.176053443553217,Golf Gloves,Prophet,Golf Gloves,14.0,,,,False
2017-07-10,18.050896158360764,10.142938604946071,Golf Shoes,Prophet,Golf Shoes,30.0,,,,False
2017-07-10,12.415771617135613,6.40422564763467,Hunting & Shooting,Prophet,Hunting & Shooting,17.0,,,,False
2017-07-10,407.4889728669942,346.62357826492484,Indoor/Outdoor Games,Prophet,Indoor/Outdoor Games,409.0,,,,False
2017-07-10,26.54430801009088,18.716125476401363,Kids' Golf Clubs,Prophet,Kids' Golf Clubs,27.0,,,,False
2017-07-10,8.924984660218874,3.2399560132687135,Lacrosse,Prophet,Lacrosse,11.0,,,,False
2017-07-10,157.74883199086565,134.98579653387029,Men's Footwear,Prophet,Men's Footwear,154.0,,,,False
2017-07-10,20.285880521372114,16.23040193715118,Men's Golf Clubs,Prophet,Men's Golf Clubs,25.0,,,,False
2017-07-10,213.62900579670742,173.20160837081468,Shop By Sport,Prophet,Shop By Sport,198.0,,,,False
2017-07-10,10.016004097201499,6.153158952810362,Soccer,Prophet,Soccer,8.0,,,,False
2017-07-10,3.1950236004324992,1.6430883688824611,Strength Training,Prophet,Strength Training,3.0,,,,False
2017-07-10,16.56383521573999,5.921517893896638,Trade-In,Prophet,Trade-In,5.0,,,,False
2017-07-10,112.63459975654914,95.08435716286384,Water Sports,Prophet,Water Sports,110.0,,,,False
2017-07-10,440.19931251279274,371.4497039859466,Women's Apparel,Prophet,Women's Apparel,378.0,,,,False
2017-07-10,17.82042653703006,13.448742303675008,Women's Golf Clubs,Prophet,Women's Golf Clubs,13.0,,,,False
2017-07-17,12.77177117203998,8.552041780056552,As Seen on  TV!,Prophet,As Seen on  TV!,9.0,,,,False
2017-07-17,12.930665136655032,3.769856329952754,Baseball & Softball,Prophet,Baseball & Softball,3.0,,,,False
2017-07-17,17.21181585453054,9.98537381352677,Boxing & MMA,Prophet,Boxing & MMA,18.0,,,,False
2017-07-17,98.49116751823351,85.81614395104991,Camping & Hiking,Prophet,Camping & Hiking,109.0,,,,False
2017-07-17,244.09671048314337,201.0409230773161,Cardio Equipment,Prophet,Cardio Equipment,291.0,,,,False
2017-07-17,491.3822061844331,426.64411014232235,Cleats,Prophet,Cleats,506.0,,,,False
2017-07-17,112.97542713931402,94.32176967433684,Fishing,Prophet,Fishing,119.0,,,,False
2017-07-17,7.62871521619316,2.6414127086139065,Golf Apparel,Prophet,Golf Apparel,6.0,,,,False
2017-07-17,17.42413074624733,8.34369299338499,Golf Gloves,Prophet,Golf Gloves,12.0,,,,False
2017-07-17,18.40696801774616,9.941607036544777,Golf Shoes,Prophet,Golf Shoes,16.0,,,,False
2017-07-17,13.576270763035138,7.346313686952886,Hunting & Shooting,Prophet,Hunting & Shooting,28.0,,,,False
2017-07-17,397.47330970525974,334.50953657311993,Indoor/Outdoor Games,Prophet,Indoor/Outdoor Games,381.0,,,,False
2017-07-17,25.02166809266321,18.05602500181108,Kids' Golf Clubs,Prophet,Kids' Golf Clubs,28.0,,,,False
2017-07-17,7.879682650892668,2.5132522237196007,Lacrosse,Prophet,Lacrosse,5.0,,,,False
2017-07-17,155.23112930741738,132.9170344441133,Men's Footwear,Prophet,Men's Footwear,162.0,,,,False
2017-07-17,28.688539199588877,25.00349356300409,Men's Golf Clubs,Prophet,Men's Golf Clubs,23.0,,,,False
2017-07-17,209.93986668505462,170.1626783863275,Shop By Sport,Prophet,Shop By Sport,264.0,,,,False
2017-07-17,11.140754312343326,7.474243581739076,Soccer,Prophet,Soccer,12.0,,,,False
2017-07-17,4.206983877249918,2.692221529342417,Strength Training,Prophet,Strength Training,5.0,,,,False
2017-07-17,105.09701912302373,87.85139601364708,Water Sports,Prophet,Water Sports,112.0,,,,False
2017-07-17,442.5962167807486,374.3293398971498,Women's Apparel,Prophet,Women's Apparel,465.0,,,,False
2017-07-17,16.122644116252594,11.852397487070474,Women's Golf Clubs,Prophet,Women's Golf Clubs,22.0,,,,False
2017-07-24,15.047347287272892,11.0922134292482,As Seen on  TV!,Prophet,As Seen on  TV!,15.0,,,,False
2017-07-24,7.961954460480737,0.0,Baseball & Softball,Prophet,Baseball & Softball,3.0,,,,False
2017-07-24,16.20852861703046,8.422589777440475,Boxing & MMA,Prophet,Boxing & MMA,32.0,,,,False
2017-07-24,98.40541546967879,84.75546555007118,Camping & Hiking,Prophet,Camping & Hiking,90.0,,,,False
2017-07-24,244.44993221760944,199.03978129249074,Cardio Equipment,Prophet,Cardio Equipment,279.0,,,,False
2017-07-24,480.6488399457888,409.44129965671,Cleats,Prophet,Cleats,508.0,,,,False
2017-07-24,113.30781221164995,94.34693150637605,Fishing,Prophet,Fishing,129.0,,,,False
2017-07-24,6.509182438070692,1.4612376321377551,Golf Apparel,Prophet,Golf Apparel,7.0,,,,False
2017-07-24,19.16212639927042,10.043280779213825,Golf Gloves,Prophet,Golf Gloves,7.0,,,,False
2017-07-24,16.57995128129995,8.627639401688844,Golf Shoes,Prophet,Golf Shoes,13.0,,,,False
2017-07-24,13.275603085369475,7.2563924548767575,Hunting & Shooting,Prophet,Hunting & Shooting,6.0,,,,False
2017-07-24,384.66599195260716,322.3348910360766,Indoor/Outdoor Games,Prophet,Indoor/Outdoor Games,364.0,,,,False
2017-07-24,21.354628868304655,13.84907549034948,Kids' Golf Clubs,Prophet,Kids' Golf Clubs,19.0,,,,False
2017-07-24,7.676465674844403,1.8463063331899074,Lacrosse,Prophet,Lacrosse,4.0,,,,False
2017-07-24,153.86006995394828,130.8184847966566,Men's Footwear,Prophet,Men's Footwear,147.0,,,,False
2017-07-24,29.536032351654754,25.49461146902109,Men's Golf Clubs,Prophet,Men's Golf Clubs,34.0,,,,False
2017-07-24,218.35897090437314,176.66851140131553,Shop By Sport,Prophet,Shop By Sport,250.0,,,,False
2017-07-24,13.81120801752629,10.390284813151649,Soccer,Prophet,Soccer,16.0,,,,False
2017-07-24,3.974106993577081,2.4981608805365503,Strength Training,Prophet,Strength Training,4.0,,,,False
2017-07-24,11.645011273830601,0.0,Trade-In,Prophet,Trade-In,6.0,,,,False
2017-07-24,101.68097980836004,85.56344841637583,Water Sports,Prophet,Water Sports,74.0,,,,False
2017-07-24,450.8854081556985,384.69611767800325,Women's Apparel,Prophet,Women's Apparel,383.0,,,,False
2017-07-24,20.863509435302,16.424873426130517,Women's Golf Clubs,Prophet,Women's Golf Clubs,17.0,,,,False
2017-07-31,12.35740507458679,8.040252605710826,As Seen on  TV!,Prophet,As Seen on  TV!,16.0,,,,False
2017-07-31,4.580433187167346,0.0,Baseball & Softball,Prophet,Baseball & Softball,3.0,,,,False
2017-07-31,14.395842234935122,6.3107567683960655,Boxing & MMA,Prophet,Boxing & MMA,14.0,,,,False
2017-07-31,96.32695720887908,82.77876592063058,Camping & Hiking,Prophet,Camping & Hiking,90.0,,,,False
2017-07-31,249.6643729022464,206.94561119463773,Cardio Equipment,Prophet,Cardio Equipment,233.0,,,,False
2017-07-31,488.96939154011386,423.38539146309694,Cleats,Prophet,Cleats,474.0,,,,False
2017-07-31,117.12299952288984,97.9194731195716,Fishing,Prophet,Fishing,111.0,,,,False
2017-07-31,7.390032542474088,2.596033251764117,Golf Apparel,Prophet,Golf Apparel,10.0,,,,False
2017-07-31,18.608039138254718,9.832244788625921,Golf Gloves,Prophet,Golf Gloves,21.0,,,,False
2017-07-31,13.949300503554262,6.071553408135752,Golf Shoes,Prophet,Golf Shoes,30.0,,,,False
2017-07-31,12.545264715731912,6.3677105367040925,Hunting & Shooting,Prophet,Hunting & Shooting,15.0,,,,False
2017-07-31,372.9922229510988,309.170643465136,Indoor/Outdoor Games,Prophet,Indoor/Outdoor Games,383.0,,,,False
2017-07-31,19.986581294401685,12.303727756773283,Kids' Golf Clubs,Prophet,Kids' Golf Clubs,20.0,,,,False
2017-07-31,8.277122621252426,2.2011720371144214,Lacrosse,Prophet,Lacrosse,8.0,,,,False
2017-07-31,155.2740888209873,131.4575564227996,Men's Footwear,Prophet,Men's Footwear,167.0,,,,False
2017-07-31,20.716181936318822,16.560450251851876,Men's Golf Clubs,Prophet,Men's Golf Clubs,20.0,,,,False
2017-07-31,229.17819257987443,189.85974551481542,Shop By Sport,Prophet,Shop By Sport,225.0,,,,False
2017-07-31,13.374695214094283,9.664263876259595,Soccer,Prophet,Soccer,9.0,,,,False
2017-07-31,3.8460561178877484,2.310376116880134,Strength Training,Prophet,Strength Training,3.0,,,,False
2017-07-31,8.438157103502604,0.0,Trade-In,Prophet,Trade-In,7.0,,,,False
2017-07-31,104.5657645107698,88.30898395402988,Water Sports,Prophet,Water Sports,118.0,,,,False
2017-07-31,459.62293636718937,394.60877795419105,Women's Apparel,Prophet,Women's Apparel,483.0,,,,False
2017-07-31,31.43086108891302,26.96790362123599,Women's Golf Clubs,Prophet,Women's Golf Clubs,32.0,,,,False
2017-08-07,6.786587185924978,2.470930060750911,As Seen on  TV!,Prophet,As Seen on  TV!,3.0,,,,False
2017-08-07,4.248396327677452,0.0,Baseball & Softball,Prophet,Baseball & Softball,2.0,,,,False
2017-08-07,15.074347389822476,6.824942983128531,Boxing & MMA,Prophet,Boxing & MMA,21.0,,,,False
2017-08-07,93.17652969367228,79.40077429492774,Camping & Hiking,Prophet,Camping & Hiking,89.0,,,,False
2017-08-07,252.24640183354197,209.20389982788404,Cardio Equipment,Prophet,Cardio Equipment,250.0,,,,False
2017-08-07,507.5612596427677,442.862889134917,Cleats,Prophet,Cleats,516.0,,,,False
2017-08-07,120.89255088870841,103.09012096028289,Fishing,Prophet,Fishing,130.0,,,,False
2017-08-07,9.673290019610631,4.431712841621552,Golf Apparel,Prophet,Golf Apparel,8.0,,,,False
2017-08-07,16.887200146152164,6.8770850597724085,Golf Gloves,Prophet,Golf Gloves,21.0,,,,False
2017-08-07,13.632334253401462,5.922366239951554,Golf Shoes,Prophet,Golf Shoes,17.0,,,,False
2017-08-07,12.256415777241028,6.383308417753866,Hunting & Shooting,Prophet,Hunting & Shooting,7.0,,,,False
2017-08-07,360.50888939877973,298.6272714854056,Indoor/Outdoor Games,Prophet,Indoor/Outdoor Games,378.0,,,,False
2017-08-07,24.783331220561706,17.080917722698135,Kids' Golf Clubs,Prophet,Kids' Golf Clubs,23.0,,,,False
2017-08-07,9.007357620606799,3.2238102167393428,Lacrosse,Prophet,Lacrosse,10.0,,,,False
2017-08-07,157.60552752160402,134.70933794930374,Men's Footwear,Prophet,Men's Footwear,165.0,,,,False
2017-08-07,11.684285375099378,7.561908238281106,Men's Golf Clubs,Prophet,Men's Golf Clubs,9.0,,,,False
2017-08-07,230.55392071612886,186.93652195028912,Shop By Sport,Prophet,Shop By Sport,203.0,,,,False
2017-08-07,11.901924178527391,8.311103487359949,Soccer,Prophet,Soccer,15.0,,,,False
2017-08-07,4.8464788904343905,3.279582001924875,Strength Training,Prophet,Strength Training,5.0,,,,False
2017-08-07,7.604897024295442,0.0,Trade-In,Prophet,Trade-In,3.0,,,,False
2017-08-07,109.51579195434995,91.7523401161988,Water Sports,Prophet,Water Sports,124.0,,,,False
2017-08-07,457.4005364416901,394.6268510084626,Women's Apparel,Prophet,Women's Apparel,423.0,,,,False
2017-08-07,34.46162908821552,30.0518598399393,Women's Golf Clubs,Prophet,Women's Golf Clubs,36.0,,,,False
2017-08-14,6.842424072511322,2.4885034387367715,As Seen on  TV!,Prophet,As Seen on  TV!,8.0,,,,False
2017-08-14,5.708567317027774,0.0,Baseball & Softball,Prophet,Baseball & Softball,4.0,,,,False
2017-08-14,18.717798131501027,10.611268819248611,Boxing & MMA,Prophet,Boxing & MMA,31.0,,,,False
2017-08-14,90.80719153475417,77.36880642047814,Camping & Hiking,Prophet,Camping & Hiking,92.0,,,,False
2017-08-14,249.23434661841844,203.87166663348762,Cardio Equipment,Prophet,Cardio Equipment,251.0,,,,False
2017-08-14,520.9728543188983,456.2435302563081,Cleats,Prophet,Cleats,485.0,,,,False
2017-08-14,122.32784780367525,104.5534261104526,Fishing,Prophet,Fishing,128.0,,,,False
2017-08-14,11.186363328286475,5.930159335562268,Golf Apparel,Prophet,Golf Apparel,7.0,,,,False
2017-08-14,15.907320507206858,6.024435670439836,Golf Gloves,Prophet,Golf Gloves,10.0,,,,False
2017-08-14,16.890869959106727,9.510990350234936,Golf Shoes,Prophet,Golf Shoes,32.0,,,,False
2017-08-14,12.534351966731364,6.478717082828154,Hunting & Shooting,Prophet,Hunting & Shooting,13.0,,,,False
2017-08-14,349.5263004271167,288.8162858114963,Indoor/Outdoor Games,Prophet,Indoor/Outdoor Games,356.0,,,,False
2017-08-14,33.3762326999882,25.59089278502102,Kids' Golf Clubs,Prophet,Kids' Golf Clubs,36.0,,,,False
2017-08-14,9.171817135059259,3.530163156439897,Lacrosse,Prophet,Lacrosse,3.0,,,,False
2017-08-14,158.578341811073,136.35531980855873,Men's Footwear,Prophet,Men's Footwear,153.0,,,,False
2017-08-14,13.417517233532198,9.298119101192189,Men's Golf Clubs,Prophet,Men's Golf Clubs,17.0,,,,False
2017-08-14,222.03783598958069,183.5919315341722,Shop By Sport,Prophet,Shop By Sport,233.0,,,,False
2017-08-14,13.029968875625244,9.252238999605915,Soccer,Prophet,Soccer,13.0,,,,False
2017-08-14,5.716450084037369,4.147120183364876,Strength Training,Prophet,Strength Training,7.0,,,,False
2017-08-14,9.422816300424717,0.0,Trade-In,Prophet,Trade-In,6.0,,,,False
2017-08-14,111.44786742924808,93.84505453254526,Water Sports,Prophet,Water Sports,109.0,,,,False
2017-08-14,440.6281827973182,371.2064682201611,Women's Apparel,Prophet,Women's Apparel,403.0,,,,False
2017-08-14,23.695385940164556,19.183143091296348,Women's Golf Clubs,Prophet,Women's Golf Clubs,22.0,,,,False
2017-08-21,13.183686279939174,9.007321049179078,As Seen on  TV!,Prophet,As Seen on  TV!,14.0,,,,False
2017-08-21,6.882972495627214,0.0,Baseball & Softball,Prophet,Baseball & Softball,5.0,,,,False
2017-08-21,22.04542353323469,14.653209695692281,Boxing & MMA,Prophet,Boxing & MMA,25.0,,,,False
2017-08-21,91.38759155843262,77.39029745868073,Camping & Hiking,Prophet,Camping & Hiking,90.0,,,,False
2017-08-21,246.6522730720518,202.02028713785685,Cardio Equipment,Prophet,Cardio Equipment,247.0,,,,False
2017-08-21,523.6429365731088,453.82369877805564,Cleats,Prophet,Cleats,547.0,,,,False
2017-08-21,122.19139606139046,103.01164754101461,Fishing,Prophet,Fishing,142.0,,,,False
2017-08-21,10.253610769318012,4.750213203891093,Golf Apparel,Prophet,Golf Apparel,11.0,,,,False
2017-08-21,16.021349594016904,6.144382514218178,Golf Gloves,Prophet,Golf Gloves,11.0,,,,False
2017-08-21,21.421899368674374,13.539543333101058,Golf Shoes,Prophet,Golf Shoes,14.0,,,,False
2017-08-21,13.084089222362165,6.666464784339011,Hunting & Shooting,Prophet,Hunting & Shooting,17.0,,,,False
2017-08-21,350.07923590172584,287.85282601347893,Indoor/Outdoor Games,Prophet,Indoor/Outdoor Games,393.0,,,,False
2017-08-21,38.69266708864314,31.40095494849171,Kids' Golf Clubs,Prophet,Kids' Golf Clubs,43.0,,,,False
2017-08-21,8.656324797329138,2.8284110682107007,Lacrosse,Prophet,Lacrosse,12.0,,,,False
2017-08-21,158.67415454230033,134.78285679939353,Men's Footwear,Prophet,Men's Footwear,156.0,,,,False
2017-08-21,24.313700719458428,19.935003479568678,Men's Golf Clubs,Prophet,Men's Golf Clubs,22.0,,,,False
2017-08-21,215.00296716610285,175.98016621663788,Shop By Sport,Prophet,Shop By Sport,192.0,,,,False
2017-08-21,13.494597547572234,9.550534678673793,Soccer,Prophet,Soccer,12.0,,,,False
2017-08-21,5.017027342274801,3.5746731430503775,Strength Training,Prophet,Strength Training,3.0,,,,False
2017-08-21,12.205047045538791,1.1843535428949603,Trade-In,Prophet,Trade-In,4.0,,,,False
2017-08-21,110.03918385274845,92.59192020658503,Water Sports,Prophet,Water Sports,125.0,,,,False
2017-08-21,421.5353128713491,353.39849246405066,Women's Apparel,Prophet,Women's Apparel,470.0,,,,False
2017-08-21,16.137062626129662,11.750815301918276,Women's Golf Clubs,Prophet,Women's Golf Clubs,17.0,,,,False
2017-08-28,13.927340657024262,9.724861176264758,As Seen on  TV!,Prophet,As Seen on  TV!,13.0,,,,False
2017-08-28,7.172484741766523,0.0,Baseball & Softball,Prophet,Baseball & Softball,3.0,,,,False
2017-08-28,21.64599604492143,13.798080343779544,Boxing & MMA,Prophet,Boxing & MMA,27.0,,,,False
2017-08-28,95.54815868295029,81.80436006084987,Camping & Hiking,Prophet,Camping & Hiking,99.0,,,,False
2017-08-28,251.76046695961398,206.84425884716006,Cardio Equipment,Prophet,Cardio Equipment,272.0,,,,False
2017-08-28,521.857294342713,451.97360193156106,Cleats,Prophet,Cleats,590.0,,,,False
2017-08-28,122.66548151572815,104.53003807390363,Fishing,Prophet,Fishing,104.0,,,,False
2017-08-28,7.37211625090157,2.2130213945873867,Golf Apparel,Prophet,Golf Apparel,7.0,,,,False
2017-08-28,15.913139642390624,5.783124617275053,Golf Gloves,Prophet,Golf Gloves,21.0,,,,False
2017-08-28,23.457866636601032,15.845391799026476,Golf Shoes,Prophet,Golf Shoes,35.0,,,,False
2017-08-28,13.698140212770287,7.433756490330907,Hunting & Shooting,Prophet,Hunting & Shooting,7.0,,,,False
2017-08-28,368.6496177822133,311.9645982096651,Indoor/Outdoor Games,Prophet,Indoor/Outdoor Games,448.0,,,,False
2017-08-28,37.07969870628673,29.829594324087584,Kids' Golf Clubs,Prophet,Kids' Golf Clubs,24.0,,,,False
2017-08-28,8.026879618750007,2.8204052361744605,Lacrosse,Prophet,Lacrosse,1.0,,,,False
2017-08-28,160.0103891415095,135.62541486950732,Men's Footwear,Prophet,Men's Footwear,133.0,,,,False
2017-08-28,30.078510760814076,25.86507757811579,Men's Golf Clubs,Prophet,Men's Golf Clubs,31.0,,,,False
2017-08-28,219.25036204819517,179.88949844426546,Shop By Sport,Prophet,Shop By Sport,243.0,,,,False
2017-08-28,9.92641785765132,6.155211214445181,Soccer,Prophet,Soccer,11.0,,,,False
2017-08-28,3.8117195175613077,2.2601494553872556,Strength Training,Prophet,Strength Training,6.0,,,,False
2017-08-28,13.770707599028091,2.83530276585137,Trade-In,Prophet,Trade-In,6.0,,,,False
2017-08-28,108.96415829444027,92.23746042397585,Water Sports,Prophet,Water Sports,96.0,,,,False
2017-08-28,417.9735888131913,352.1581484054547,Women's Apparel,Prophet,Women's Apparel,447.0,,,,False
2017-08-28,25.18886803211685,20.879389986705775,Women's Golf Clubs,Prophet,Women's Golf Clubs,25.0,,,,False
2017-09-04,3.735921894531023,0.0,As Seen on  TV!,Prophet,As Seen on  TV!,4.0,,,,False
2017-09-04,7.7193761850361255,0.0,Baseball & Softball,Prophet,Baseball & Softball,2.0,,,,False
2017-09-04,17.881064980221907,10.163578602601197,Boxing & MMA,Prophet,Boxing & MMA,31.0,,,,False
2017-09-04,100.63808015502586,86.89061180220298,Camping & Hiking,Prophet,Camping & Hiking,98.0,,,,False
2017-09-04,261.9425021188628,215.97052940630556,Cardio Equipment,Prophet,Cardio Equipment,289.0,,,,False
2017-09-04,520.0111413107699,450.5216845128146,Cleats,Prophet,Cleats,491.0,,,,False
2017-09-04,123.99545146260161,104.93456221152327,Fishing,Prophet,Fishing,114.0,,,,False
2017-09-04,4.856143055221146,0.0,Golf Apparel,Prophet,Golf Apparel,5.0,,,,False
2017-09-04,14.649333679464853,4.732779979055686,Golf Gloves,Prophet,Golf Gloves,24.0,,,,False
2017-09-04,21.4259496853796,13.599272529199762,Golf Shoes,Prophet,Golf Shoes,22.0,,,,False
2017-09-04,14.23606400567223,8.254556906900547,Hunting & Shooting,Prophet,Hunting & Shooting,15.0,,,,False
2017-09-04,395.33894167256346,332.6464220862953,Indoor/Outdoor Games,Prophet,Indoor/Outdoor Games,301.0,,,,False
2017-09-04,32.61916395273151,25.09023223211218,Kids' Golf Clubs,Prophet,Kids' Golf Clubs,46.0,,,,False
2017-09-04,8.011492110179395,2.1603451615015605,Lacrosse,Prophet,Lacrosse,15.0,,,,False
2017-09-04,162.30932999266813,138.84355333368146,Men's Footwear,Prophet,Men's Footwear,149.0,,,,False
2017-09-04,20.198924776562347,15.896072357470912,Men's Golf Clubs,Prophet,Men's Golf Clubs,20.0,,,,False
2017-09-04,230.72115835333014,192.06560345951715,Shop By Sport,Prophet,Shop By Sport,235.0,,,,False
2017-09-04,12.237118972992253,8.207445823456615,Soccer,Prophet,Soccer,12.0,,,,False
2017-09-04,4.549552270837353,2.972590374221991,Strength Training,Prophet,Strength Training,2.0,,,,False
2017-09-04,13.336676699152322,1.7998817191500327,Trade-In,Prophet,Trade-In,3.0,,,,False
2017-09-04,110.32111770001653,93.15447958924712,Water Sports,Prophet,Water Sports,125.0,,,,False
2017-09-04,433.4839717017773,365.7974124615151,Women's Apparel,Prophet,Women's Apparel,452.0,,,,False
2017-09-04,14.002971944095599,9.811356086642915,Women's Golf Clubs,Prophet,Women's Golf Clubs,14.0,,,,False
2017-09-10,1.9143425830553564,0.0,As Seen on  TV!,Prophet,,,,,,True
2017-09-10,14.758722508306533,7.679683851018303,Boxing & MMA,Prophet,,,,,,True
2017-09-10,4.592717196812762,0.0,Golf Apparel,Prophet,,,,,,True
2017-09-10,17.909715558034964,10.225119353476954,Golf Shoes,Prophet,,,,,,True
2017-09-10,14.327055872616798,7.971505074503835,Hunting & Shooting,Prophet,,,,,,True
2017-09-10,8.647980160209936,2.7552488905324855,Lacrosse,Prophet,,,,,,True
2017-09-10,29.20109934141524,25.76770454579348,Soccer,Prophet,,,,,,True
2017-09-10,12.206532925171349,1.5318738601650017,Trade-In,Prophet,,,,,,True
2017-09-10,0.0,0.0,Women's Golf Clubs,Prophet,,,,,,True
2017-09-11,9.561389499254668,0.8584927609053965,Baseball & Softball,Prophet,Baseball & Softball,1.0,,,,False
2017-09-11,101.80904355947176,88.52811025392913,Camping & Hiking,Prophet,Camping & Hiking,104.0,,,,False
2017-09-11,264.81021240014525,220.71788586631934,Cardio Equipment,Prophet,Cardio Equipment,223.0,,,,False
2017-09-11,510.25374755642434,446.7502626604063,Cleats,Prophet,Cleats,509.0,,,,False
2017-09-11,123.32941221535788,105.77067284261898,Fishing,Prophet,Fishing,143.0,,,,False
2017-09-11,13.039402062893313,3.184934910909738,Golf Gloves,Prophet,Golf Gloves,17.0,,,,False
2017-09-11,11.175442786227567,2.5769839200004494,Hockey,Prophet,Hockey,11.0,,,,False
2017-09-11,408.30207284291333,344.03325254679584,Indoor/Outdoor Games,Prophet,Indoor/Outdoor Games,362.0,,,,False
2017-09-11,31.09656671553158,23.317947062664736,Kids' Golf Clubs,Prophet,Kids' Golf Clubs,25.0,,,,False
2017-09-11,161.55170133147917,139.93900408102763,Men's Footwear,Prophet,Men's Footwear,177.0,,,,False
2017-09-11,1.9259803944004696,0.0,Men's Golf Clubs,Prophet,Men's Golf Clubs,2.0,,,,False
2017-09-11,234.39496945378113,196.02203967812895,Shop By Sport,Prophet,Shop By Sport,229.0,,,,False
2017-09-11,8.258082430633927,6.801673018652863,Strength Training,Prophet,Strength Training,11.0,,,,False
2017-09-11,111.5090922077856,94.44495676605241,Water Sports,Prophet,Water Sports,113.0,,,,False
2017-09-11,450.40275102378547,381.1906413758081,Women's Apparel,Prophet,Women's Apparel,429.0,,,,False
2017-09-17,38.19320710803815,34.02028587318255,As Seen on  TV!,Prophet,,,,,,True
2017-09-17,11.658236881230467,2.679606817020233,Baseball & Softball,Prophet,,,,,,True
2017-09-17,13.91711682625156,6.269612034030406,Boxing & MMA,Prophet,,,,,,True
2017-09-17,6.55139428059831,1.5319955999620822,Golf Apparel,Prophet,,,,,,True
2017-09-17,14.841517642454082,7.279310311611133,Golf Shoes,Prophet,,,,,,True
2017-09-17,13.43805453438357,7.122784159520005,Hunting & Shooting,Prophet,,,,,,True
2017-09-17,9.657493842808826,3.8906904070731625,Lacrosse,Prophet,,,,,,True
2017-09-17,0.0,0.0,Men's Golf Clubs,Prophet,,,,,,True
2017-09-17,52.61189090656424,48.77769311372192,Soccer,Prophet,,,,,,True
2017-09-17,11.571410136064294,0.4339997133059491,Trade-In,Prophet,,,,,,True
2017-09-17,0.0,0.0,Women's Golf Clubs,Prophet,,,,,,True
2017-09-18,96.3267395161759,82.22649314043758,Camping & Hiking,Prophet,Camping & Hiking,97.0,,,,False
2017-09-18,251.59658321718567,204.04111954250914,Cardio Equipment,Prophet,Cardio Equipment,281.0,,,,False
2017-09-18,481.37039886889823,413.98965790384307,Cleats,Prophet,Cleats,457.0,,,,False
2017-09-18,117.65570169120406,98.78250561382029,Fishing,Prophet,Fishing,140.0,,,,False
2017-09-18,12.53587402538381,3.0362342921971646,Golf Gloves,Prophet,Golf Gloves,10.0,,,,False
2017-09-18,6.6679000928852155,0.0,Hockey,Prophet,Hockey,8.0,,,,False
2017-09-18,394.8713989255261,331.53708290501294,Indoor/Outdoor Games,Prophet,Indoor/Outdoor Games,407.0,,,,False
2017-09-18,31.031420535028758,23.043378564642993,Kids' Golf Clubs,Prophet,Kids' Golf Clubs,31.0,,,,False
2017-09-18,154.0899599057029,130.81047338082507,Men's Footwear,Prophet,Men's Footwear,145.0,,,,False
2017-09-18,220.03808588097402,180.75235655545848,Shop By Sport,Prophet,Shop By Sport,226.0,,,,False
2017-09-18,14.093290777879545,12.695431785369385,Strength Training,Prophet,Strength Training,12.0,,,,False
2017-09-18,108.50487960672748,90.84899499588424,Water Sports,Prophet,Water Sports,120.0,,,,False
2017-09-18,446.85765436880536,380.32364259745066,Women's Apparel,Prophet,Women's Apparel,461.0,,,,False
2017-09-24,119.99529794002896,115.98022333127132,As Seen on  TV!,Prophet,,,,,,True
2017-09-24,12.937382339251215,3.3713144391742986,Baseball & Softball,Prophet,,,,,,True
2017-09-24,15.458811131636095,8.043240909005592,Boxing & MMA,Prophet,,,,,,True
2017-09-24,8.977673758596342,3.9213555230340273,Golf Apparel,Prophet,,,,,,True
2017-09-24,14.718810670405048,6.826731123220146,Golf Shoes,Prophet,,,,,,True
2017-09-24,11.263107596063533,5.2119217325912715,Hunting & Shooting,Prophet,,,,,,True
2017-09-24,10.117175080523817,4.386346072216459,Lacrosse,Prophet,,,,,,True
2017-09-24,0.0,0.0,Men's Golf Clubs,Prophet,,,,,,True
2017-09-24,26.121518634147236,22.597472793820664,Soccer,Prophet,,,,,,True
2017-09-24,12.370306735575546,1.1931123510048316,Trade-In,Prophet,,,,,,True
2017-09-24,0.0,0.0,Women's Golf Clubs,Prophet,,,,,,True
2017-09-25,87.26689400322108,74.53303769901918,Camping & Hiking,Prophet,Camping & Hiking,90.0,,,,False
2017-09-25,229.1795710684338,181.20100579249578,Cardio Equipment,Prophet,Cardio Equipment,278.0,,,,False
2017-09-25,438.26437070807884,377.79287303250413,Cleats,Prophet,Cleats,485.0,,,,False
2017-09-25,108.11820592288163,89.43404806504745,Fishing,Prophet,Fishing,138.0,,,,False
2017-09-25,10.427972814477172,4.513409004051988,Fitness Accessories,Prophet,Fitness Accessories,10.0,,,,False
2017-09-25,13.327793472299465,4.0722722121981745,Golf Gloves,Prophet,Golf Gloves,12.0,,,,False
2017-09-25,6.280683724739957,0.0,Hockey,Prophet,Hockey,8.0,,,,False
2017-09-25,367.04927322299864,303.9045569562754,Indoor/Outdoor Games,Prophet,Indoor/Outdoor Games,372.0,,,,False
2017-09-25,23.711684048662498,16.047033008130747,Kids' Golf Clubs,Prophet,Kids' Golf Clubs,25.0,,,,False
2017-09-25,142.1372635058529,117.95533970967675,Men's Footwear,Prophet,Men's Footwear,148.0,,,,False
2017-09-25,194.39104984463705,156.41993072217528,Shop By Sport,Prophet,Shop By Sport,195.0,,,,False
2017-09-25,18.040010040473874,16.52561013484363,Strength Training,Prophet,Strength Training,19.0,,,,False
2017-09-25,101.45235365906937,84.14352335599406,Water Sports,Prophet,Water Sports,128.0,,,,False
2017-09-25,421.09276651947476,358.6034723743983,Women's Apparel,Prophet,Women's Apparel,469.0,,,,False
2017-10-01,194.65544648281372,190.504737951161,As Seen on  TV!,Prophet,,,,,,True
2017-10-01,11.712635594165118,3.175124254620111,Baseball & Softball,Prophet,,,,,,True
2017-10-01,16.239159032166498,8.912005375466375,Boxing & MMA,Prophet,,,,,,True
2017-10-01,11.029552678633806,5.480412167568042,Fitness Accessories,Prophet,,,,,,True
2017-10-01,9.445033774323267,4.03903602329379,Golf Apparel,Prophet,,,,,,True
2017-10-01,14.231925409421,4.888453991068986,Golf Gloves,Prophet,,,,,,True
2017-10-01,16.520322429888854,8.76471625733298,Golf Shoes,Prophet,,,,,,True
2017-10-01,9.102541971443198,0.9082314869356124,Hockey,Prophet,,,,,,True
2017-10-01,8.586592683284195,2.1221931293672522,Hunting & Shooting,Prophet,,,,,,True
2017-10-01,9.572945543255779,3.6829878497645256,Lacrosse,Prophet,,,,,,True
2017-10-01,6.109846364250816,1.901848635817343,Men's Golf Clubs,Prophet,,,,,,True
2017-10-01,0.0,0.0,Soccer,Prophet,,,,,,True
2017-10-01,13.788154583003191,2.383615939425148,Trade-In,Prophet,,,,,,True
2017-10-01,0.0,0.0,Women's Golf Clubs,Prophet,,,,,,True
2017-10-02,81.97245135501439,67.15544400591156,Camping & Hiking,Prophet,Camping & Hiking,4.0,,,,False
2017-10-02,215.75099915748154,172.6036421613593,Cardio Equipment,Prophet,Cardio Equipment,18.0,,,,False
2017-10-02,406.8494851483008,344.38786148633307,Cleats,Prophet,Cleats,34.0,,,,False
2017-10-02,100.75269005057862,82.29415701863248,Fishing,Prophet,Fishing,3.0,,,,False
2017-10-02,352.3626794069369,288.7493009043482,Indoor/Outdoor Games,Prophet,Indoor/Outdoor Games,23.0,,,,False
2017-10-02,1.4328247284122135,0.0,Kids' Golf Clubs,Prophet,Kids' Golf Clubs,1.0,,,,False
2017-10-02,133.88025784538948,110.83287696139215,Men's Footwear,Prophet,Men's Footwear,9.0,,,,False
2017-10-02,176.72472001856497,137.65205042076866,Shop By Sport,Prophet,Shop By Sport,5.0,,,,False
2017-10-02,5.20734919706355,3.695395627118584,Strength Training,Prophet,Strength Training,5.0,,,,False
2017-10-02,95.56300217545612,79.62286554853924,Water Sports,Prophet,Water Sports,8.0,,,,False
2017-10-02,395.5094613445643,331.161134717526,Women's Apparel,Prophet,Women's Apparel,25.0,,,,False
2017-10-08,185.68367933068302,181.43612204855603,As Seen on  TV!,Prophet,,,,,,True
2017-10-08,8.80537798103651,0.0,Baseball & Softball,Prophet,,,,,,True
2017-10-08,14.520720472197862,7.30362527995805,Boxing & MMA,Prophet,,,,,,True
2017-10-08,84.52643700535454,71.13291704692274,Camping & Hiking,Prophet,,,,,,True
2017-10-08,220.85433566142098,175.30802217480053,Cardio Equipment,Prophet,,,,,,True
2017-10-08,409.44374199731584,347.28090451351903,Cleats,Prophet,,,,,,True
2017-10-08,101.081466799678,82.27736239681111,Fishing,Prophet,,,,,,True
2017-10-08,9.379959221705356,4.022503867747447,Fitness Accessories,Prophet,,,,,,True
2017-10-08,7.335738299745328,2.394847131964855,Golf Apparel,Prophet,,,,,,True
2017-10-08,15.099731915410652,5.663843640800054,Golf Gloves,Prophet,,,,,,True
2017-10-08,17.64855110065286,9.617979149827022,Golf Shoes,Prophet,,,,,,True
2017-10-08,12.920160412916468,4.2841722459712415,Hockey,Prophet,,,,,,True
2017-10-08,6.95891867221844,0.5738803303784181,Hunting & Shooting,Prophet,,,,,,True
2017-10-08,363.663257904509,301.3212221470495,Indoor/Outdoor Games,Prophet,,,,,,True
2017-10-08,0.0,0.0,Kids' Golf Clubs,Prophet,,,,,,True
2017-10-08,8.364878612368202,2.7423250889172666,Lacrosse,Prophet,,,,,,True
2017-10-08,135.5587711704839,111.76833205582196,Men's Footwear,Prophet,,,,,,True
2017-10-08,0.0,0.0,Men's Golf Clubs,Prophet,,,,,,True
2017-10-08,179.4827854635634,140.671595533625,Shop By Sport,Prophet,,,,,,True
2017-10-08,0.0,0.0,Soccer,Prophet,,,,,,True
2017-10-08,0.0,0.0,Strength Training,Prophet,,,,,,True
2017-10-08,14.485534250778143,3.910408960789834,Trade-In,Prophet,,,,,,True
2017-10-08,95.45508925058454,77.64207675701024,Water Sports,Prophet,,,,,,True
2017-10-08,392.2004059684929,327.6882665583041,Women's Apparel,Prophet,,,,,,True
2017-10-08,0.0,0.0,Women's Golf Clubs,Prophet,,,,,,True
2017-10-15,72.68798494442564,68.59827331987697,As Seen on  TV!,Prophet,,,,,,True
2017-10-15,6.4834492926311,0.0,Baseball & Softball,Prophet,,,,,,True
2017-10-15,12.041658940314317,4.58402578783775,Boxing & MMA,Prophet,,,,,,True
2017-10-15,94.23895256525827,79.95075671495744,Camping & Hiking,Prophet,,,,,,True
2017-10-15,241.3642472844756,199.25015584040725,Cardio Equipment,Prophet,,,,,,True
2017-10-15,447.5291998387146,383.9050081392668,Cleats,Prophet,,,,,,True
2017-10-15,110.24120141763953,92.31480738642385,Fishing,Prophet,,,,,,True
2017-10-15,7.62293502100641,1.8758310478892433,Fitness Accessories,Prophet,,,,,,True
2017-10-15,4.442022543222299,0.0,Golf Apparel,Prophet,,,,,,True
2017-10-15,16.83566778367995,7.450872073108154,Golf Gloves,Prophet,,,,,,True
2017-10-15,16.57431457107466,9.042202246121628,Golf Shoes,Prophet,,,,,,True
2017-10-15,14.264671600941107,5.721128983100544,Hockey,Prophet,,,,,,True
2017-10-15,7.504848632377216,1.632342925750953,Hunting & Shooting,Prophet,,,,,,True
2017-10-15,397.04377506117333,333.9585084373864,Indoor/Outdoor Games,Prophet,,,,,,True
2017-10-15,0.0,0.0,Kids' Golf Clubs,Prophet,,,,,,True
2017-10-15,7.241580379286074,1.4881163839703437,Lacrosse,Prophet,,,,,,True
2017-10-15,147.7080942568623,123.18693437784721,Men's Footwear,Prophet,,,,,,True
2017-10-15,0.0,0.0,Men's Golf Clubs,Prophet,,,,,,True
2017-10-15,201.88310664159758,162.74636790717497,Shop By Sport,Prophet,,,,,,True
2017-10-15,0.0,0.0,Soccer,Prophet,,,,,,True
2017-10-15,0.0,0.0,Strength Training,Prophet,,,,,,True
2017-10-15,13.993321799381722,3.5378676832392686,Trade-In,Prophet,,,,,,True
2017-10-15,101.19829586135273,85.08337367982685,Water Sports,Prophet,,,,,,True
2017-10-15,411.1334700168921,340.57441506266167,Women's Apparel,Prophet,,,,,,True
2017-10-15,234.26889996762054,229.98682160438707,Women's Golf Clubs,Prophet,,,,,,True
2017-10-22,0.0,0.0,As Seen on  TV!,Prophet,,,,,,True
2017-10-22,6.220352272509533,0.0,Baseball & Softball,Prophet,,,,,,True
2017-10-22,11.792225670177782,3.558905283832443,Boxing & MMA,Prophet,,,,,,True
2017-10-22,103.82305425584019,89.88766687181804,Camping & Hiking,Prophet,,,,,,True
2017-10-22,260.40425299013066,216.24417510216324,Cardio Equipment,Prophet,,,,,,True
2017-10-22,494.54108334934295,427.9201730000322,Cleats,Prophet,,,,,,True
2017-10-22,123.32340882549221,104.83469242197704,Fishing,Prophet,,,,,,True
2017-10-22,7.957116546084952,2.176125124002058,Fitness Accessories,Prophet,,,,,,True
2017-10-22,3.3295947581917327,0.0,Golf Apparel,Prophet,,,,,,True
2017-10-22,20.73467000337217,11.222178072377432,Golf Gloves,Prophet,,,,,,True
2017-10-22,14.04523327367036,6.157127970883394,Golf Shoes,Prophet,,,,,,True
2017-10-22,13.057825560024769,4.814716542617706,Hockey,Prophet,,,,,,True
2017-10-22,9.889838947738745,3.929340546534001,Hunting & Shooting,Prophet,,,,,,True
2017-10-22,426.53901695662194,367.2813642549076,Indoor/Outdoor Games,Prophet,,,,,,True
2017-10-22,0.0,0.0,Kids' Golf Clubs,Prophet,,,,,,True
2017-10-22,6.696382474570401,0.9068075003893631,Lacrosse,Prophet,,,,,,True
2017-10-22,162.59158653417367,138.9480062861962,Men's Footwear,Prophet,,,,,,True
2017-10-22,0.0,0.0,Men's Golf Clubs,Prophet,,,,,,True
2017-10-22,228.5001220572605,188.87458391362722,Shop By Sport,Prophet,,,,,,True
2017-10-22,0.0,0.0,Soccer,Prophet,,,,,,True
2017-10-22,0.0,0.0,Strength Training,Prophet,,,,,,True
2017-10-22,12.932309536533953,2.2091982071591705,Trade-In,Prophet,,,,,,True
2017-10-22,108.44846887496368,91.98967934067953,Water Sports,Prophet,,,,,,True
2017-10-22,432.0787215866392,364.16005614406714,Women's Apparel,Prophet,,,,,,True
2017-10-22,432.4573222230398,427.9462842520273,Women's Golf Clubs,Prophet,,,,,,True
2017-10-29,0.0,0.0,As Seen on  TV!,Prophet,,,,,,True
2017-10-29,7.44984431528837,0.0,Baseball & Softball,Prophet,,,,,,True
2017-10-29,14.42264387964844,6.543795957721271,Boxing & MMA,Prophet,,,,,,True
2017-10-29,106.35965373951751,92.20169612388968,Camping & Hiking,Prophet,,,,,,True
2017-10-29,264.97228090862734,220.73054316256517,Cardio Equipment,Prophet,,,,,,True
2017-10-29,514.8775107744822,450.8980444128422,Cleats,Prophet,,,,,,True
2017-10-29,132.04932589046038,112.52953751153765,Fishing,Prophet,,,,,,True
2017-10-29,9.542682194497544,3.9246981547256494,Fitness Accessories,Prophet,,,,,,True
2017-10-29,4.942888750320333,0.0,Golf Apparel,Prophet,,,,,,True
2017-10-29,25.80691533951385,16.22783996675985,Golf Gloves,Prophet,,,,,,True
2017-10-29,12.052378121248754,3.8379319792746647,Golf Shoes,Prophet,,,,,,True
2017-10-29,11.513883808167014,3.0287302049300777,Hockey,Prophet,,,,,,True
2017-10-29,12.516558435459068,6.19876495105596,Hunting & Shooting,Prophet,,,,,,True
2017-10-29,431.21631799615454,374.6638615533217,Indoor/Outdoor Games,Prophet,,,,,,True
2017-10-29,0.0,0.0,Kids' Golf Clubs,Prophet,,,,,,True
2017-10-29,6.765888383136789,0.9453018854830396,Lacrosse,Prophet,,,,,,True
2017-10-29,169.65465166044007,146.0097979407104,Men's Footwear,Prophet,,,,,,True
2017-10-29,0.0,0.0,Men's Golf Clubs,Prophet,,,,,,True
2017-10-29,241.31236667578233,200.95265037817563,Shop By Sport,Prophet,,,,,,True
2017-10-29,61.550744099489236,57.62887849193974,Soccer,Prophet,,,,,,True
2017-10-29,0.0,0.0,Strength Training,Prophet,,,,,,True
2017-10-29,12.156022216782526,2.300600242959328,Trade-In,Prophet,,,,,,True
2017-10-29,112.03783639896479,95.34227007446685,Water Sports,Prophet,,,,,,True
2017-10-29,430.9309767571881,357.21188395342017,Women's Apparel,Prophet,,,,,,True
2017-10-29,243.0473581160193,238.5906503952989,Women's Golf Clubs,Prophet,,,,,,True
2017-11-05,0.0,0.0,As Seen on  TV!,Prophet,,,,,,True
2017-11-05,8.617678631833025,0.15514660574375308,Baseball & Softball,Prophet,,,,,,True
2017-11-05,17.611623369777213,9.55170012747394,Boxing & MMA,Prophet,,,,,,True
2017-11-05,101.85535241435802,87.7529865740888,Camping & Hiking,Prophet,,,,,,True
2017-11-05,258.9409382601088,217.41588501988767,Cardio Equipment,Prophet,,,,,,True
2017-11-05,501.01790979237364,436.31043766293675,Cleats,Prophet,,,,,,True
2017-11-05,132.44815180032742,113.4739916541548,Fishing,Prophet,,,,,,True
2017-11-05,9.690689335438272,4.2449919632644795,Fitness Accessories,Prophet,,,,,,True
2017-11-05,7.699490162037818,2.4207559351088492,Golf Apparel,Prophet,,,,,,True
2017-11-05,28.75586422799504,19.638007871234667,Golf Gloves,Prophet,,,,,,True
2017-11-05,11.93342644898199,3.76927512717329,Golf Shoes,Prophet,,,,,,True
2017-11-05,11.134857780563511,2.3420604842042434,Hockey,Prophet,,,,,,True
2017-11-05,13.817180852598382,7.594288861416865,Hunting & Shooting,Prophet,,,,,,True
2017-11-05,413.3023201680789,349.1925759305258,Indoor/Outdoor Games,Prophet,,,,,,True
2017-11-05,0.0,0.0,Kids' Golf Clubs,Prophet,,,,,,True
2017-11-05,7.383340115611067,1.6684962927947202,Lacrosse,Prophet,,,,,,True
2017-11-05,165.03840315021793,141.72382043496773,Men's Footwear,Prophet,,,,,,True
2017-11-05,8.995802227947795,5.091632894972766,Men's Golf Clubs,Prophet,,,,,,True
2017-11-05,235.9087606042197,197.46723081442224,Shop By Sport,Prophet,,,,,,True
2017-11-05,268.76805407164966,265.5048878347475,Soccer,Prophet,,,,,,True
2017-11-05,0.0,0.0,Strength Training,Prophet,,,,,,True
2017-11-05,12.096598251553106,1.2749497874630695,Trade-In,Prophet,,,,,,True
2017-11-05,111.35726059378607,94.75362203615678,Water Sports,Prophet,,,,,,True
2017-11-05,408.6472444261167,338.7463677305725,Women's Apparel,Prophet,,,,,,True
2017-11-05,0.0,0.0,Women's Golf Clubs,Prophet,,,,,,True
2017-11-12,59.45517126590614,55.14096379329025,As Seen on  TV!,Prophet,,,,,,True
2017-11-12,9.133317404158124,0.09318484240280715,Baseball & Softball,Prophet,,,,,,True
2017-11-12,18.84907513097531,10.748000722975014,Boxing & MMA,Prophet,,,,,,True
2017-11-12,96.257576797275,82.32325343368888,Camping & Hiking,Prophet,,,,,,True
2017-11-12,256.40101902949846,209.04147314926533,Cardio Equipment,Prophet,,,,,,True
2017-11-12,479.87001866748693,409.65518345900784,Cleats,Prophet,,,,,,True
2017-11-12,127.58484292350218,108.00571756093525,Fishing,Prophet,,,,,,True
2017-11-12,7.517554905495051,1.6279535217456473,Fitness Accessories,Prophet,,,,,,True
2017-11-12,8.974725438458126,4.196737924248702,Golf Apparel,Prophet,,,,,,True
2017-11-12,27.252714662459532,17.983071786506102,Golf Gloves,Prophet,,,,,,True
2017-11-12,13.421157729861594,5.830068835141498,Golf Shoes,Prophet,,,,,,True
2017-11-12,11.417207924968565,3.117756617422881,Hockey,Prophet,,,,,,True
2017-11-12,13.403859072338278,7.203358031342567,Hunting & Shooting,Prophet,,,,,,True
2017-11-12,392.4009895316186,329.6215827336777,Indoor/Outdoor Games,Prophet,,,,,,True
2017-11-12,0.0,0.0,Kids' Golf Clubs,Prophet,,,,,,True
2017-11-12,8.63936962102181,2.980757946226281,Lacrosse,Prophet,,,,,,True
2017-11-12,154.24018795558828,130.47477777966645,Men's Footwear,Prophet,,,,,,True
2017-11-12,39.31987240895605,35.047003316838186,Men's Golf Clubs,Prophet,,,,,,True
2017-11-12,223.0230638310229,182.41590583207338,Shop By Sport,Prophet,,,,,,True
2017-11-12,199.84987737395622,195.96812627061482,Soccer,Prophet,,,,,,True
2017-11-12,0.0,0.0,Strength Training,Prophet,,,,,,True
2017-11-12,12.92188768121531,2.134420250817269,Trade-In,Prophet,,,,,,True
2017-11-12,109.78450687658405,92.66733035464196,Water Sports,Prophet,,,,,,True
2017-11-12,389.4960510036123,326.6184611035274,Women's Apparel,Prophet,,,,,,True
2017-11-12,0.0,0.0,Women's Golf Clubs,Prophet,,,,,,True
2017-11-19,108.1152544799051,103.9965172669301,As Seen on  TV!,Prophet,,,,,,True
2017-11-19,9.82747947310786,0.8213121254665234,Baseball & Softball,Prophet,,,,,,True
2017-11-19,17.999192264470548,10.176000355035146,Boxing & MMA,Prophet,,,,,,True
2017-11-19,94.56220794791578,80.07030083939148,Camping & Hiking,Prophet,,,,,,True
2017-11-19,264.4881172399128,220.48334395498776,Cardio Equipment,Prophet,,,,,,True
2017-11-19,482.7118309146927,414.85824594444364,Cleats,Prophet,,,,,,True
2017-11-19,123.52033346011254,103.90770557649428,Fishing,Prophet,,,,,,True
2017-11-19,5.337549322817252,0.0,Fitness Accessories,Prophet,,,,,,True
2017-11-19,7.597187214869133,2.676626410944129,Golf Apparel,Prophet,,,,,,True
2017-11-19,22.88827108820755,13.350799952675342,Golf Gloves,Prophet,,,,,,True
2017-11-19,15.192027253987472,7.655999676213563,Golf Shoes,Prophet,,,,,,True
2017-11-19,11.377508680462986,3.4261667905489315,Hockey,Prophet,,,,,,True
2017-11-19,12.045151901374767,6.2157555877365755,Hunting & Shooting,Prophet,,,,,,True
2017-11-19,385.30979109171875,322.716174835241,Indoor/Outdoor Games,Prophet,,,,,,True
2017-11-19,0.0,0.0,Kids' Golf Clubs,Prophet,,,,,,True
2017-11-19,10.461569994986695,4.78784058135687,Lacrosse,Prophet,,,,,,True
2017-11-19,146.46649242759446,120.39589287730716,Men's Footwear,Prophet,,,,,,True
2017-11-19,28.480843811368196,24.1922647097624,Men's Golf Clubs,Prophet,,,,,,True
2017-11-19,216.69429728881752,178.43347941057465,Shop By Sport,Prophet,,,,,,True
2017-11-19,0.0,0.0,Soccer,Prophet,,,,,,True
2017-11-19,0.0,0.0,Strength Training,Prophet,,,,,,True
2017-11-19,14.725062974936124,3.7086017142420813,Trade-In,Prophet,,,,,,True
2017-11-19,110.07580743727868,93.39895689946685,Water Sports,Prophet,,,,,,True
2017-11-19,393.2773448917927,326.06077254761976,Women's Apparel,Prophet,,,,,,True
2017-11-19,0.0,0.0,Women's Golf Clubs,Prophet,,,,,,True
2017-11-26,46.78268438700632,42.553642360598204,As Seen on  TV!,Prophet,,,,,,True
2017-11-26,11.40939391650615,2.9842805845437206,Baseball & Softball,Prophet,,,,,,True
2017-11-26,16.699328066732622,8.957862140977946,Boxing & MMA,Prophet,,,,,,True
2017-11-26,95.8037963410734,82.99429813169806,Camping & Hiking,Prophet,,,,,,True
2017-11-26,275.3264264268959,230.01461698996198,Cardio Equipment,Prophet,,,,,,True
2017-11-26,510.306447625982,445.5739471307666,Cleats,Prophet,,,,,,True
2017-11-26,123.04268452462266,102.82486538914311,Fishing,Prophet,,,,,,True
2017-11-26,5.862983051691735,0.10822152836271748,Fitness Accessories,Prophet,,,,,,True
2017-11-26,4.948088991144285,0.0,Golf Apparel,Prophet,,,,,,True
2017-11-26,19.926853171807284,10.588198652441736,Golf Gloves,Prophet,,,,,,True
2017-11-26,16.1070934080557,7.961127442784446,Golf Shoes,Prophet,,,,,,True
2017-11-26,11.32593483213344,2.6159654541370285,Hockey,Prophet,,,,,,True
2017-11-26,10.694920224175013,4.237047516681367,Hunting & Shooting,Prophet,,,,,,True
2017-11-26,392.75961965608894,334.6356531567817,Indoor/Outdoor Games,Prophet,,,,,,True
2017-11-26,75.24884265838675,67.36361167307679,Kids' Golf Clubs,Prophet,,,,,,True
2017-11-26,12.136803216859725,6.44318692767714,Lacrosse,Prophet,,,,,,True
2017-11-26,146.5399201420205,123.68736166922044,Men's Footwear,Prophet,,,,,,True
2017-11-26,0.0,0.0,Men's Golf Clubs,Prophet,,,,,,True
2017-11-26,221.0692881744945,179.62049518863589,Shop By Sport,Prophet,,,,,,True
2017-11-26,0.0,0.0,Soccer,Prophet,,,,,,True
2017-11-26,301.96963081794775,300.50217914452116,Strength Training,Prophet,,,,,,True
2017-11-26,16.984135742579753,5.518159704921857,Trade-In,Prophet,,,,,,True
2017-11-26,111.32539063714144,95.63459608158959,Water Sports,Prophet,,,,,,True
2017-11-26,413.28135367763775,343.3938131884675,Women's Apparel,Prophet,,,,,,True
2017-11-26,244.2812700371467,240.08927253496145,Women's Golf Clubs,Prophet,,,,,,True
2017-12-03,12.935759757378106,4.466311592761944,Baseball & Softball,Prophet,,,,,,True
2017-12-03,95.28017518572658,81.61386697611732,Camping & Hiking,Prophet,,,,,,True
2017-12-03,275.52983906634637,232.06573631627933,Cardio Equipment,Prophet,,,,,,True
2017-12-03,531.2748190435377,465.858645077136,Cleats,Prophet,,,,,,True
2017-12-03,123.73746473590204,106.00834425732445,Fishing,Prophet,,,,,,True
2017-12-03,8.648410998116862,2.745564403963019,Fitness Accessories,Prophet,,,,,,True
2017-12-03,20.767559319965805,10.914636408291727,Golf Gloves,Prophet,,,,,,True
2017-12-03,12.364077949688774,4.655889578047283,Hockey,Prophet,,,,,,True
2017-12-03,403.23806178728296,342.50968895217005,Indoor/Outdoor Games,Prophet,,,,,,True
2017-12-03,243.83728605045488,236.51876646522794,Kids' Golf Clubs,Prophet,,,,,,True
2017-12-03,151.82661230741599,127.83647595058567,Men's Footwear,Prophet,,,,,,True
2017-12-03,0.0,0.0,Men's Golf Clubs,Prophet,,,,,,True
2017-12-03,227.93124668887535,184.92467425204205,Shop By Sport,Prophet,,,,,,True
2017-12-03,342.54854657915666,340.95076764366326,Strength Training,Prophet,,,,,,True
2017-12-03,110.54887985887345,93.62546497886568,Water Sports,Prophet,,,,,,True
2017-12-03,424.932265611419,360.55303383432704,Women's Apparel,Prophet,,,,,,True
2017-12-10,90.92638745069615,77.21110215225457,Camping & Hiking,Prophet,,,,,,True
2017-12-10,261.7148282735589,219.24513932389922,Cardio Equipment,Prophet,,,,,,True
2017-12-10,516.311925005436,451.4004916414095,Cleats,Prophet,,,,,,True
2017-12-10,121.91427828038907,103.20524827238377,Fishing,Prophet,,,,,,True
2017-12-10,10.347160862796096,4.814369078986571,Fitness Accessories,Prophet,,,,,,True
2017-12-10,23.216745649704862,14.481016470137671,Golf Gloves,Prophet,,,,,,True
2017-12-10,14.425808195395447,5.968027240869032,Hockey,Prophet,,,,,,True
2017-12-10,405.693335396395,337.8966632922356,Indoor/Outdoor Games,Prophet,,,,,,True
2017-12-10,210.66002589758213,203.03020907351976,Kids' Golf Clubs,Prophet,,,,,,True
2017-12-10,156.05002955513453,134.10216414333834,Men's Footwear,Prophet,,,,,,True
2017-12-10,226.23997120998678,187.98417605917749,Shop By Sport,Prophet,,,,,,True
2017-12-10,105.89500630863708,104.33451453207162,Strength Training,Prophet,,,,,,True
2017-12-10,106.39437772171289,91.70229935869922,Water Sports,Prophet,,,,,,True
2017-12-10,414.63585216363725,351.12498493891223,Women's Apparel,Prophet,,,,,,True
2017-12-17,86.15014193442015,71.9481149375966,Camping & Hiking,Prophet,,,,,,True
2017-12-17,244.56116026240252,198.68868969939084,Cardio Equipment,Prophet,,,,,,True
2017-12-17,471.56727695812293,404.80941195544693,Cleats,Prophet,,,,,,True
2017-12-17,117.48752325559273,99.05701920536085,Fishing,Prophet,,,,,,True
2017-12-17,8.6801189631952,2.9207192922050567,Fitness Accessories,Prophet,,,,,,True
2017-12-17,22.921677110263573,13.63005530035751,Golf Gloves,Prophet,,,,,,True
2017-12-17,15.734341981599332,7.92864817327897,Hockey,Prophet,,,,,,True
2017-12-17,397.6853928453976,334.77600302752353,Indoor/Outdoor Games,Prophet,,,,,,True
2017-12-17,0.0,0.0,Kids' Golf Clubs,Prophet,,,,,,True
2017-12-17,155.37007405993205,132.16126969122837,Men's Footwear,Prophet,,,,,,True
2017-12-17,213.87684219409886,174.4704578950577,Shop By Sport,Prophet,,,,,,True
2017-12-17,0.0,0.0,Strength Training,Prophet,,,,,,True
2017-12-17,100.62064887760184,84.78250369393916,Water Sports,Prophet,,,,,,True
2017-12-17,395.4250242021833,322.11864155544697,Women's Apparel,Prophet,,,,,,True
2017-12-24,85.91069085155824,72.76248701949918,Camping & Hiking,Prophet,,,,,,True
2017-12-24,237.71253659729217,191.53341808301536,Cardio Equipment,Prophet,,,,,,True
2017-12-24,434.79373471034313,370.41333480591953,Cleats,Prophet,,,,,,True
2017-12-24,114.22604782117696,95.06447636464206,Fishing,Prophet,,,,,,True
2017-12-24,384.73226235135735,323.58536442589434,Indoor/Outdoor Games,Prophet,,,,,,True
2017-12-24,0.0,0.0,Kids' Golf Clubs,Prophet,,,,,,True
2017-12-24,150.99867408524995,127.86303133956035,Men's Footwear,Prophet,,,,,,True
2017-12-24,200.28390388848084,163.2882085553947,Shop By Sport,Prophet,,,,,,True
2017-12-24,0.0,0.0,Strength Training,Prophet,,,,,,True
2017-12-24,96.26437632458433,79.97566157376392,Water Sports,Prophet,,,,,,True
2017-12-24,391.8097737127015,326.8240208186851,Women's Apparel,Prophet,,,,,,True
